Sample_ID,Treatment,Variety,Sample,D_conv,D_stress,D_recovery,Category,Rank,R460,R520,R590,R660,R680,R710,R730,R780,R820,R850,R910,VI_NDVI,VI_NDRE,VI_EVI,VI_SIPI,VI_PRI,VI_MTCI,VI_GNDVI,VI_NDWI,BF(F440),GF(F520),RF(F690),FrF(f740),SR_F690_F740,SR_F440_F690,SR_F440_F520,SR_F520_F690,SR_F440_F740,SR_F520_F740,OJIP_FvFm,OJIP_PIabs,OJIP_TRo_RC,OJIP_ETo_RC,OJIP_Vi,OJIP_Vj,OJIP_ABS_RC_log,OJIP_DIo_RC_log,Trt_CK1,Trt_D1,Trt_RD2
CK1_12_1,CK1,12,1,0.2649762862421151,0.2427274916209154,0.2872250808633149,Sensitive,9,0.0426359771503136,0.1843785576726659,0.1949687038405602,0.1518124394914847,0.084919299940562,0.1682862506294257,0.3146387011212179,0.3759438869932213,0.3527437533445542,0.3743038266197779,0.3225040349591906,0.6119421125308413,0.35402472277650304,0.43407818083685534,1.1578770058254066,-0.027916759239673794,1.7555212141319474,0.3134578330083379,0.07433870155139871,0.0591863282941331,0.0954207632975008,0.0700945815369146,0.2392841258961203,0.289756864002248,0.8352185373562975,0.6135383103912403,1.346547296509016,0.2446643449791316,0.3944501918343525,0.8213706995357747,3.2944199230244564,1.2174941231209666,0.6536719538933466,0.8496069881977225,0.4560687275680414,0.8993725357203328,0.221973314916561,True,False,False
CK1_12_2,CK1,12,2,0.2649762862421151,0.2427274916209154,0.2872250808633149,Sensitive,9,0.041265330190686,0.1761115189730213,0.1551057555766273,0.1507745740544194,0.0850301712193366,0.1788384650228651,0.2799495617476473,0.3204881673272569,0.337044526020392,0.3281630231990294,0.3053623421167983,0.5970847256402038,0.3066704344673019,0.40971666160588704,1.1736601117948195,0.06341989084040142,1.0778481584639907,0.31361416983685025,0.035990162873532947,0.0594949170789152,0.1005939218210698,0.0714733841531296,0.2726806489421775,0.2592705570022992,0.8233769238542863,0.5850207859448457,1.3921645406717362,0.2158185242328491,0.3649056561491007,0.8233264289278329,3.636813587674864,1.1871229140347976,0.6509776277313382,0.8374465782972935,0.4439562900699235,0.8826608233747533,0.2133361551158015,True,False,False
CK1_12_3,CK1,12,3,0.2649762862421151,0.2427274916209154,0.2872250808633149,Sensitive,9,0.0337611358318046,0.1719920733789089,0.1152388021479738,0.1098628284495452,0.0685825084690424,0.1394874210138382,0.241007173980076,0.2811272047945284,0.2680636289577207,0.3034206268583754,0.2927186326923043,0.5925543124108327,0.31548491398281325,0.3496356048085472,1.1745597405505557,0.1975876413941558,1.4317731920492867,0.21831680641492945,0.0179521714005841,0.066096277287338,0.1082910187751615,0.0774750787319755,0.2830409537600241,0.2707546481631642,0.8438750500867988,0.6037369184319995,1.382590557945785,0.2309887849709553,0.3784481044431438,0.8233264289278329,3.474236433838695,1.1676717046849003,0.62345705506152,0.843523663237884,0.4588167517819,0.8726601974204029,0.2094241656594726,True,False,False
D1_12_1,D1,12,1,0.2649762862421151,0.2427274916209154,0.2872250808633149,Sensitive,9,0.0426736560663589,0.1956220954787715,0.1990078823297448,0.192379207232222,0.1174815949308066,0.1924781224642322,0.3282735164207516,0.3434202852672781,0.3011053023770044,0.3295727548837988,0.320316317206431,0.438675239543317,0.22007866238156723,0.27228644027370313,1.4073980419242247,-0.008579649396570133,1.8106890868513343,0.21235632935403292,0.014243104054044824,0.0649320194883099,0.1132709671452002,0.0906313129647743,0.2929491515207363,0.3060195702816713,0.7086696148896786,0.5670266555362838,1.2362420466442186,0.2192450716129066,0.3824630975459445,0.7566136002275988,1.7108164657717804,1.2658509935069815,0.6126817784374229,0.851442930366833,0.5562725309790553,0.9339704371727842,0.3433519612760995,False,True,False
D1_12_2,D1,12,2,0.2649762862421151,0.2427274916209154,0.2872250808633149,Sensitive,9,0.0425359209005424,0.2005262820049098,0.2011082914947226,0.1994392437965832,0.1138508804826027,0.1995381590285934,0.2891096629676785,0.270532773697958,0.2533375792378709,0.2775296597617128,0.3074386656502221,0.37987767606164435,0.118795103520478,0.21560015451016676,1.51126709728204,-0.0014491020649479236,1.0453302457378153,0.11635933534860429,-0.05112927416616511,0.0630560074144671,0.1049421727601241,0.0877587732670809,0.2815886106378995,0.3082752315845618,0.7107209186970754,0.5943463369506242,1.1828309544544748,0.2215004217223292,0.3686363357901392,0.7566136002275988,1.797883257017976,1.2834704548605158,0.6227781868675123,0.8479501533230125,0.5484080274273948,0.949307306311428,0.3588763861811805,False,True,False
D1_12_3,D1,12,3,0.2649762862421151,0.2427274916209154,0.2872250808633149,Sensitive,9,0.0447333705341933,0.1819136298025552,0.1788819223334446,0.1754949861979327,0.1077471204994829,0.1787575711336344,0.2632069480260539,0.3021294743078592,0.2880433874083981,0.2871150063873042,0.2620678130028606,0.4555345904123567,0.23411652070316638,0.28188454396510587,1.349501135246044,0.008402840476170343,1.189252795021761,0.2258286475552371,0.04560811536722333,0.0672853658705079,0.0979031180603617,0.0893130162987347,0.2773144173538444,0.318570444691283,0.7451934605301,0.679809560830007,1.0842887216292276,0.2400000561495653,0.3492104639354169,0.7566136002275988,1.3898183588829651,1.5429638109704822,0.6500212473586351,0.8548713227605055,0.5865219133430835,1.0880112563167323,0.4449534509600887,False,True,False
RD2_12_1,RD2,12,1,0.2649762862421151,0.2427274916209154,0.2872250808633149,Sensitive,9,0.0556168378170424,0.2061014198219121,0.1923195450518902,0.1971520180754148,0.1349540635317412,0.2144007025338051,0.2747956232170414,0.2940155159333259,0.3188038734366579,0.3115725050939166,0.2809427182991525,0.40517155718142406,0.1958032162661639,0.2685660835682672,1.4315328134183567,0.03459123887817309,0.7601947853535664,0.21471007258299488,0.05169451447907283,0.072498713650219,0.1165445986962582,0.0953353754380081,0.2951176945580764,0.3195376268845401,0.7522105032645902,0.6153204142697491,1.209208644184231,0.2429954967454503,0.3906250363258809,0.7878224270056216,1.137211826643822,2.031451849316644,0.6806784098708905,0.8400161537405951,0.6191871123931926,1.3131874176890217,0.4599083662418103,False,False,True
RD2_12_2,RD2,12,2,0.2649762862421151,0.2427274916209154,0.2872250808633149,Sensitive,9,0.039128078759201,0.1549284172070675,0.1444516379086327,0.1483930489422278,0.1141924642732466,0.1687081962224012,0.2430024428003941,0.2227291080769569,0.1810699132451738,0.2646841771114817,0.2696197229135198,0.22650176271697517,0.03534159711020605,0.10630559380081636,2.1224169980759133,0.03499491405459818,1.3628037984940782,0.07780245813400569,-0.009237338154947393,0.0716562666081765,0.1071263394056277,0.0955429813317758,0.2697996651043858,0.3502842065523155,0.7418542032495111,0.6616389834018587,1.109074320064148,0.2627096008882703,0.3927516629321921,0.7995483062107066,1.380478384267986,1.8736696898563228,0.7836460752925416,0.8357257055521513,0.555445518665599,1.1913743696025734,0.2891568505743344,False,False,True
RD2_12_3,RD2,12,3,0.2649762862421151,0.2427274916209154,0.2872250808633149,Sensitive,9,0.0502598786537357,0.2034882100659598,0.197939123915195,0.1747280579294025,0.1104604246935365,0.1748269731614126,0.2270111183476685,0.3079983611382423,0.2658759863985074,0.2560999092097314,0.2327660997270188,0.4129697715243385,0.2065995048638092,0.25039733665803626,1.387352111843735,0.013823388895150081,0.8107339360024846,0.13291975996995462,0.047730480450997245,0.0712379353990546,0.1020160321286597,0.1005329033585648,0.2592664622829152,0.3835527113309955,0.7009164826227966,0.6907264234907907,1.0037449570963175,0.2717866724138721,0.3892111379954876,0.7718203659525459,0.9321252297058472,2.1994320043385,0.6544759709847802,0.8481830486568399,0.6598327759309685,1.455560922643968,0.6824226794854105,False,False,True
CK1_73_1,CK1,73,1,0.3276960420194899,0.339055735035649,0.3163363490033307,Intermediate,8,0.0333918223788496,0.1962899203065847,0.1835041863548673,0.1630540532423474,0.0911887915678295,0.2022745379124822,0.3350560520660177,0.3972418683268063,0.3553446300502785,0.3533347100591113,0.3251635027093084,0.5915701394203028,0.2745065107733505,0.3997422043217048,1.218798757282891,0.03366490876888358,1.1953064954127406,0.2883334802738483,0.041519943339066896,0.0724085337894035,0.1164674398366735,0.0819394209284032,0.3147720997857143,0.2591159620577703,0.8796185319805924,0.6188462052176393,1.414845917894627,0.2289765619704322,0.3683034658989656,0.8254284804131552,3.376328545550212,1.2547363027434155,0.6817949931266083,0.8280918471937075,0.4499314281279505,0.9201201944143156,0.229841409472546,True,False,False
CK1_73_2,CK1,73,2,0.3276960420194899,0.339055735035649,0.3163363490033307,Intermediate,8,0.0444581627373408,0.1995673220511818,0.1723166589632686,0.178691608303368,0.0981600832491873,0.1984233039386977,0.3260733408230686,0.3632659800009813,0.382076288349398,0.3867569689152162,0.3755319464368578,0.5912009624658906,0.3163705657170476,0.4334332357459588,1.1891470777192583,0.07327732432458371,1.2731491768020349,0.3137814342575202,0.01472541742676922,0.0766119957434597,0.1543420886838528,0.0869631045571181,0.337455435728022,0.2565169782635145,0.8769185314817773,0.4940943758746009,1.7666350607506356,0.2259840853995931,0.4552662466420727,0.8281725552779666,3.2831876798297635,1.2792324019913928,0.6920599404987586,0.8176793833786616,0.4540515758293804,0.9298431521951884,0.229945394866259,True,False,False
CK1_73_3,CK1,73,3,0.3276960420194899,0.339055735035649,0.3163363490033307,Intermediate,8,0.0290304601333533,0.1744896538621391,0.1569541136240463,0.1226475029895072,0.0801551233367073,0.1529773925832475,0.259513641527398,0.3138905044614924,0.2904103690963272,0.3485421032948829,0.3047037003725568,0.567390245592324,0.3099611409942323,0.33833279592117016,1.243155232672785,0.05290653184125326,1.4629624982362388,0.24934547108969352,0.06710858711408386,0.0736865505824856,0.1414093202844033,0.0852097898360284,0.3042837401716168,0.2787457511329455,0.8607880717852125,0.5186897905789623,1.6519087293116037,0.2410499184428935,0.4625905928852421,0.8223419912703777,2.348443682043277,1.4278667500704731,0.7060609701398826,0.8501396047867821,0.4976699243867641,1.0021276911432064,0.2628775377338028,True,False,False
D1_73_1,D1,73,1,0.3276960420194899,0.339055735035649,0.3163363490033307,Intermediate,8,0.0395753005043693,0.1585890040662302,0.1530481095440371,0.1623815789873962,0.114557018913173,0.1743587127811483,0.2681373812510101,0.2659989079038833,0.2809867306580827,0.2833241544498124,0.2883057669134037,0.42076182957083497,0.2341695067190557,0.24892059346868506,1.4505308434573854,0.017779957136692375,1.5681607393412258,0.27844513908079177,-0.008714751060810834,0.0612828824971643,0.0819356536278415,0.0685246276394035,0.2681979275415881,0.2543248368715951,0.8902049558664424,0.744498401331789,1.1902104135691691,0.2274475561710346,0.3040990146276366,0.7923579911741697,2.0233855538870635,1.2947717440878606,0.6013974936459444,0.849221223652755,0.550135275710218,0.967072048190143,0.3010571076057751,False,True,False
D1_73_2,D1,73,2,0.3276960420194899,0.339055735035649,0.3163363490033307,Intermediate,8,0.0397015497629039,0.171420305049774,0.1329802477116619,0.132531750294482,0.0636770392842894,0.1445088840882341,0.2890344679515877,0.2562446220615698,0.2569957783628065,0.3075328274364344,0.3247959758863212,0.6028535268345275,0.28016335747605187,0.3603206949592896,1.1240205146985145,0.12628116798538888,1.787978292638208,0.19974850764559218,-0.027300904781140074,0.0607485666316258,0.0720696181776033,0.0739918213613041,0.2676594826450579,0.2751684209506748,0.8172403944497484,0.8390374030313582,0.9695406238053486,0.2259180386088377,0.26801993338713,0.7937738465523234,1.8266276141904945,1.3664574118239203,0.6459239195425986,0.8549653973607776,0.5455639847637209,1.002186433548495,0.3177219101505505,False,True,False
D1_73_3,D1,73,3,0.3276960420194899,0.339055735035649,0.3163363490033307,Intermediate,8,0.0401392642961643,0.1546794838789352,0.1610395296126524,0.1324101148717415,0.0851389295711426,0.1572248480919202,0.2337088624347535,0.2881152233198772,0.2897309154629215,0.2798921263576419,0.2478199521966068,0.5457680541714093,0.2964634940986565,0.34109579138020935,1.2199483282731385,-0.02014463957485615,1.0610118579648538,0.30388899941132974,0.06077589553929089,0.0573406650111727,0.062282189064085,0.0685164232390357,0.2357397662890307,0.2893072670077249,0.833039413106254,0.9164238099620572,0.9048293774550524,0.2421181710684599,0.2629835162078788,0.7917885918434556,1.852732998476446,1.486873126241507,0.6722335187682061,0.8599514018874309,0.552413220562846,1.0578784554857086,0.343803259783587,False,True,False
RD2_73_1,RD2,73,1,0.3276960420194899,0.339055735035649,0.3163363490033307,Intermediate,8,0.0507621978151527,0.2045073980262874,0.1880431982659798,0.1853979274050029,0.122281072924785,0.2267945797998099,0.3482055928834063,0.3704444210849991,0.3327706040987444,0.3135012352872498,0.2959326530143704,0.4625618183648087,0.18938995375049514,0.3121618124610279,1.339774024440795,0.041941599161524276,1.161677726772456,0.23872781979748436,0.028827708156892683,0.079370896732326,0.1515163992056943,0.1018423385211275,0.3240089972757707,0.3128735147157029,0.7757654461933378,0.52143376970222,1.48091040764998,0.2438381893757105,0.4654789849186218,0.8045981722441128,1.1556955959256676,1.973291689248728,0.710945389616928,0.8504679709727054,0.6045416327842532,1.2945495033518948,0.3983278150390984,False,False,True
RD2_73_2,RD2,73,2,0.3276960420194899,0.339055735035649,0.3163363490033307,Intermediate,8,0.053729333455499,0.2144242115601592,0.1916527645606765,0.2093832883443585,0.1270844491355729,0.2167731231179672,0.2883446590536315,0.3229192726107712,0.3206436237974127,0.3408025796583516,0.3384541032101367,0.4323141352157542,0.19327737975348325,0.2880035741155216,1.378980308260923,0.056076675947041695,0.7979997111978,0.19851578663155825,0.0034574211891406437,0.0749225065616027,0.1266564390237954,0.0984780487867633,0.298391669122332,0.3285112518453492,0.7573042097943742,0.5888199724398637,1.2802221771827604,0.2499327182572265,0.4225110656698332,0.7992150201021145,1.1131715349619642,2.1613285489786245,0.8053736899489964,0.843438692461597,0.5884542169497918,1.4204904187164942,0.5841616278132338,False,False,True
RD2_73_3,RD2,73,3,0.3276960420194899,0.339055735035649,0.3163363490033307,Intermediate,8,0.0395995419630952,0.1784700299877223,0.1893163037169664,0.1389474193746059,0.1125285336399586,0.1624240003980591,0.2499007564802759,0.2644131246353894,0.256808927557197,0.3102979334719613,0.2672354834400064,0.3906465199862849,0.2251371990732832,0.22061444077272716,1.5054670956796574,-0.029490692652960383,1.7532004762339457,0.1799740056613933,0.07456269848800591,0.0732738533590208,0.1224371293215349,0.0960815265546739,0.3300208318372894,0.2897984430561386,0.759113376117601,0.5957079557964469,1.2684424025855516,0.2210065699579069,0.3692914832015427,0.8045981722441128,1.215644563451603,2.026305595241061,0.8030844480586143,0.8578981595792503,0.5760615485791929,1.3025359040841695,0.3824064391173082,False,False,True
CK1_1099_1,CK1,1099,1,0.5283258341525979,0.3479699142318796,0.7086817540733164,Tolerant,3,0.0327497753013058,0.1695611408398097,0.1648776411743058,0.138140648265189,0.0704751164527331,0.1632063882145705,0.2925844963065586,0.2917308779891585,0.3200686591863999,0.3500771210944911,0.3279865899847355,0.6390923586612071,0.3245817714269069,0.41674047005717685,1.151147103960469,0.01400405669850277,1.3951939365640438,0.3073904373029044,0.03257884288571587,0.0724584733320901,0.1144554322373689,0.0861624971676534,0.3237083219489021,0.2702613128641493,0.8538672787421266,0.6427946281747681,1.348769080654834,0.2272766316505301,0.3590062544347611,0.8257404154830882,2.5445564470478343,1.3764427384148603,0.6572416488683713,0.8950358223485595,0.5170713883612208,0.9992902790677656,0.2818722790620973,True,False,False
CK1_1099_2,CK1,1099,2,0.5283258341525979,0.3479699142318796,0.7086817540733164,Tolerant,3,0.0432126173220975,0.233275703607833,0.1612847395023759,0.1461465254750655,0.0843635270188729,0.1797605554953021,0.3733477236945012,0.4000757042001746,0.4420050395875138,0.4232945712752162,0.405828597353192,0.6794507409027747,0.421773874537529,0.5505254734121324,1.1150618936857264,0.18245864572224374,2.0292788076415906,0.3091000862722648,0.021065596262275003,0.073641300323242,0.1144632998057518,0.0868828945957565,0.3308117857335769,0.2666691503565784,0.8606104911750397,0.6532428362690025,1.3376775835699564,0.2260268040069617,0.3513215236236037,0.8315787276737158,2.9216691079522894,1.3381524358544945,0.6606318185558759,0.8814948866832443,0.5026984226977244,0.9764559075234154,0.2649739322898159,True,False,False
CK1_1099_3,CK1,1099,3,0.5283258341525979,0.3479699142318796,0.7086817540733164,Tolerant,3,0.0345736034657676,0.180032098933737,0.1493109722437968,0.1334938061489469,0.0798525883298404,0.1652947401242157,0.2879997962730681,0.3633759136111313,0.3354480271333963,0.3371603305724194,0.3154052103168072,0.6154468095802323,0.3398017867358304,0.4108560420375518,1.1771509893761174,0.09328001521361853,1.436118514947445,0.3014974202505311,0.033337831822942,0.071857033125462,0.1084892747065584,0.0812101819717751,0.314249406912322,0.2623949583697209,0.8984176330949466,0.6725149531193126,1.3564250172683,0.2321743746625312,0.350535339645987,0.8413374523981461,3.9952952336392697,1.121314136565785,0.6254440007344902,0.8951424350059535,0.4470765122091428,0.8599920418908756,0.2087594627424068,True,False,False
D1_1099_1,D1,1099,1,0.5283258341525979,0.3479699142318796,0.7086817540733164,Tolerant,3,0.0325189140711036,0.1389756853169243,0.1403316214071671,0.1644892910225539,0.0783666552957469,0.1645908268867387,0.3168873483342758,0.3468738151412635,0.3713851474571615,0.3382736155303018,0.3210670182236401,0.6515115456299742,0.3858275939020666,0.4585024330940246,1.1564670573739326,-0.004854638806790056,1.7662857019950555,0.45538263756833897,0.026096673594491353,0.075571418400345,0.0911210219262831,0.0841541880660641,0.2737777260059549,0.3121023880045408,0.9118036121589316,0.8420899046335762,1.0994166669712635,0.2802714955686114,0.3379402641052321,0.8292950408872691,2.129932662283593,1.4903924119116727,0.7027594121780228,0.8719721388283544,0.5252636403365328,1.0531364513693018,0.2786204159864743,False,True,False
D1_1099_2,D1,1099,2,0.5283258341525979,0.3479699142318796,0.7086817540733164,Tolerant,3,0.027719090520408,0.1297042239594527,0.0662590138775484,0.1342122367857985,0.0611998603963263,0.1343137726499833,0.2220927318149486,0.2306526273349062,0.2611386759627823,0.2632241346972545,0.2615737309151973,0.6202758684233448,0.3207083525660207,0.3518947644986165,1.1674550775999266,0.3237607766752504,1.2005780631794165,0.33628460956942235,0.0031448370700423917,0.0675491728253863,0.0648494365781863,0.067028420959266,0.2626471974304231,0.2591228351566619,1.0232470837369354,1.057628869109411,0.982350990916564,0.2611359916361234,0.2506991754238661,0.822789984278729,2.003599483712296,1.6093896242956158,0.6530546492260466,0.8783181303399059,0.5640193156077462,1.1627820461250808,0.425329587217,False,True,False
D1_1099_3,D1,1099,3,0.5283258341525979,0.3479699142318796,0.7086817540733164,Tolerant,3,0.0225817740252566,0.1163131460431202,0.0864660678001842,0.112184663453515,0.0789948270627873,0.1122861993176999,0.1857785940808043,0.1836754298140339,0.1817326676759033,0.1988275944506411,0.2266193335339147,0.39404298620704775,0.23619731981252176,0.17280359204653428,1.5490971262474516,0.14719002839216067,2.2075507792340883,0.219494851534657,-0.06532363323183395,0.0674739722377476,0.068216883201923,0.0753471814400111,0.2566735925232124,0.2980610939820022,0.909261360674106,1.0043009515204886,0.9192726318612487,0.2669159694647146,0.2698548034128648,0.8138374146802474,1.848150896086001,1.5422208296966822,0.6748284512123481,0.8809157561986345,0.5524837132600814,1.105691645161374,0.3521530835547133,False,True,False
RD2_1099_1,RD2,1099,1,0.5283258341525979,0.3479699142318796,0.7086817540733164,Tolerant,3,0.0582935237737428,0.1745954608840411,0.2012938000128447,0.1583227928183782,0.1365892823923488,0.2014071542091805,0.2656296279651473,0.3732443851109697,0.4143449991737374,0.4050577263446573,0.362128324575646,0.5041539909112934,0.34581745885042353,0.38648483643885406,1.2818871183855047,-0.07102713992174281,0.9908142917350407,0.4070862074345774,0.05595696339566388,0.0946180867381757,0.1655118126426807,0.1183761138019669,0.3014097111508128,0.3987735154180512,0.81157666759587,0.580449760363771,1.4196601303511909,0.318739869546938,0.5575595046239726,0.8207313128499703,1.4411035144064626,2.209041525464876,0.8144375935055359,0.8566005491376626,0.5500819376999032,1.4520381882850524,0.4140575128664468,False,False,True
RD2_1099_2,RD2,1099,2,0.5283258341525979,0.3479699142318796,0.7086817540733164,Tolerant,3,0.0461032667331772,0.1693049726762653,0.1442050770437233,0.1510587709608171,0.1095291528256576,0.1941431323516191,0.2270820118580914,0.3085846733992782,0.3350694395810871,0.4715294929447769,0.4334252025637468,0.5072897004340762,0.26629432992266094,0.3424603947782056,1.2812175465630136,0.08006089646874148,0.3892841311921267,0.3286536011272555,0.042106296116423914,0.0906784205885081,0.1442229523385679,0.1109003393950396,0.3028798749318905,0.3717764938202979,0.8302149334406228,0.6383943499695671,1.3204470038106146,0.3039855915271054,0.4834854775137235,0.8207313128499703,1.4119655418260897,2.1477054021752275,0.7526925063184753,0.8769782329914227,0.5660258888175923,1.445593342227454,0.4367226325820563,False,False,True
RD2_1099_3,RD2,1099,3,0.5283258341525979,0.3479699142318796,0.7086817540733164,Tolerant,3,0.0687198120030729,0.1788452112519741,0.220019880190235,0.198952762004308,0.1848424751644379,0.2980892678214958,0.3504017721679897,0.4587980635808548,0.4907648539716783,0.3876952740876724,0.3480152934101195,0.4528109237630924,0.24424742272019107,0.3669152751994913,1.3795821136528659,-0.10322956263076888,0.4619336505618342,0.46582281079589477,0.05393422689646495,0.0922420830320395,0.151696507197831,0.1108463604486786,0.2806743308839226,0.400994311107213,0.8449424562409219,0.617409047947513,1.389548188654668,0.3336920616139902,0.5487725186009007,0.8207313128499703,1.5876620730352418,2.0004078880904355,0.7634976145321436,0.8884687082883386,0.5389778627750237,1.3829651871609607,0.3661048406688817,False,False,True
CK1_1110_1,CK1,1110,1,0.22321650706773,0.3435036429518976,0.1029293711835625,Sensitive,11,0.0378590239513672,0.1533590596847874,0.0953071202981385,0.1049719508525385,0.0602302447592347,0.1280224539319222,0.2064880506965686,0.2257243127866329,0.1954973751724023,0.2505776844196032,0.2136983157436862,0.5289500228771855,0.20856502498559884,0.2656596894424711,1.1653854912093986,0.2334532962650366,1.157442687326659,0.12078984727589992,0.07943414835775758,0.0526745518597832,0.0638287248823966,0.0505113861998857,0.1960126880683799,0.2563654493394918,1.0374470818746628,0.8209922778905712,1.2571331322437105,0.2673443786090401,0.3239562594953974,0.8221545397358722,3.5265320132323543,1.1868638521495098,0.6404603485050097,0.803126538550408,0.4524682506624098,0.8893731766464766,0.2234485460987101,True,False,False
CK1_1110_2,CK1,1110,2,0.22321650706773,0.3435036429518976,0.1029293711835625,Sensitive,11,0.0404967297123197,0.117609997521563,0.0929656131915481,0.066794149428571,0.0482878547358322,0.0775437316678929,0.1382569084719115,0.2030180503511523,0.1856673088981604,0.1820949374691413,0.1607447193315011,0.5872041977122133,0.41078663340922317,0.29312770570905805,1.056712447076012,0.11703342208794772,2.075247204006547,0.22440621152975052,0.06227464563720265,0.0535086298578552,0.0709130743266483,0.0586991891483675,0.1828343080831244,0.3193955060901834,0.9068722644850288,0.7506749228886559,1.2018453932952269,0.2911525041758991,0.3858540056783823,0.8254430473567441,4.070415248851448,1.08942177885575,0.6071690448842978,0.803126538550408,0.4368879095141094,0.8370113018414594,0.2014293856849134,True,False,False
CK1_1110_3,CK1,1110,3,0.22321650706773,0.3435036429518976,0.1029293711835625,Sensitive,11,0.0347984493662694,0.1143741340227589,0.0557424371558662,0.0604207435228404,0.0403978971334393,0.0782091643686019,0.154681833525456,0.1664544089646649,0.1622397521461661,0.1672834472901793,0.187455983594772,0.6012794534771069,0.34947376347359493,0.26634689810622086,1.0459566851357032,0.34465599947537434,2.0224836338132124,0.17304126985937432,-0.05686578527306438,0.046308353922475,0.0463925879696571,0.0479522015802698,0.1693089041395627,0.2817624690530124,0.96073847562713,0.9930363245980516,0.9624860413087156,0.2721033802198975,0.2725983312822096,0.8196121640962061,2.9475197785573566,1.2474248979574214,0.6328332215860122,0.8163098392164229,0.4827971339725547,0.9210437532580992,0.2378146674347158,True,False,False
D1_1110_1,D1,1110,1,0.22321650706773,0.3435036429518976,0.1029293711835625,Sensitive,11,0.0334225319887811,0.1417345392160633,0.1302628518890362,0.1354977321222432,0.0928582875285994,0.1629824721493884,0.2758757663407921,0.2672183819339339,0.2321647382843792,0.2611070662908918,0.2762710974924867,0.4286048670162159,0.17507972803109725,0.22634592105753792,1.4266547257313735,0.04217572558478865,1.6099052673752636,0.24185711101891305,-0.02821854742818991,0.0577038854156772,0.0837989145692913,0.0836843141216375,0.2237794497875876,0.3720302474779048,0.685986212975517,0.6850480823636586,0.9962050153598369,0.2565306413389168,0.3725397196932081,0.7901879989161299,2.339524335260943,1.3092077587668982,0.6159477268435251,0.8377916196351513,0.5291790929158828,0.9695946404836774,0.3050229840480914,False,True,False
D1_1110_2,D1,1110,2,0.22321650706773,0.3435036429518976,0.1029293711835625,Sensitive,11,0.0245896028750677,0.109621237442115,0.0745415742258768,0.0906975556119298,0.0526183784217993,0.0917229324593796,0.1255124513538968,0.138008633257041,0.1204027877683193,0.1355202874528457,0.1469534820363703,0.39176946288777953,0.1352021587865645,0.13538566498661223,1.413498853452362,0.19048179650666774,0.8640814280107826,0.046871409698795365,-0.04047524343304054,0.0544121138596946,0.0795821899856967,0.0800204772465282,0.2209755476817131,0.3602560725204113,0.6764704845936902,0.6801960467503557,0.9893936994153288,0.244965977598909,0.3582828819989848,0.800925250600829,2.450722871526722,1.3214194521926417,0.6789046853466432,0.8452805739650366,0.4969434278759885,0.9664541458642522,0.2897942996120136,False,True,False
D1_1110_3,D1,1110,3,0.22321650706773,0.3435036429518976,0.1029293711835625,Sensitive,11,0.0463846476918116,0.1536850937171921,0.1674146021674021,0.141572757829527,0.0987312882951994,0.1673800889295479,0.2511128772432228,0.295226294249263,0.29031706931106,0.2976153709758732,0.2779556620955734,0.4924472170880029,0.268598959307685,0.312065565231538,1.2732282131055135,-0.042757774691709695,1.2197268931131058,0.30772817560614885,0.03415687682437528,0.0581875490252644,0.074725908803683,0.0853734206421013,0.1635946303337461,0.5191681358355922,0.6780500825453633,0.7746637790117068,0.8707689098679015,0.3538469131151486,0.4544190742323022,0.7999470387823566,1.7740668315778605,1.42642785646619,0.6734385777213614,0.8577547953100931,0.5394508431904894,1.018693190504822,0.3168417436221732,False,True,False
RD2_1110_1,RD2,1110,1,0.22321650706773,0.3435036429518976,0.1029293711835625,Sensitive,11,0.0438120723464881,0.1628986176739438,0.1289744097098394,0.1376160909632972,0.0899215250859531,0.137715575227458,0.1908354349243977,0.1779174944626129,0.164057705037406,0.1959804490701958,0.2117779199552127,0.2918985931071787,0.08729112725562618,0.13479341590406885,1.6219561456991602,0.11622933529756264,1.1114324803959184,0.0035450831898591823,-0.03874223580689405,0.0681057703571865,0.098111182844667,0.0929574681359554,0.3073305626234664,0.3009074409594869,0.7288766118211376,0.6905892117261164,1.0499983504854251,0.2204613946970089,0.3175902437028404,0.7548471391987914,1.1870003497666564,1.5832826683837034,0.5901810013981215,0.8647363840183749,0.7017022517391527,1.6149541244155488,1.8834292177766128,False,False,True
RD2_1110_2,RD2,1110,2,0.22321650706773,0.3435036429518976,0.1029293711835625,Sensitive,11,0.0336349688506922,0.1723756032940239,0.1472429924145828,0.1461643853696248,0.0706244584157376,0.1462638696337857,0.2100987771882586,0.1856706631999422,0.1417468509464589,0.1462638696337857,0.0997112004522157,0.33489642619014504,-0.015683508857679142,0.1353957803014087,1.5200821885887459,0.07863313091568135,0.8439371291568357,-0.09750577182271902,0.18925767219130618,0.0688596007189864,0.1009038375895303,0.0937735764494338,0.2888341308453158,0.322987979996902,0.7305305993489506,0.678908440435204,1.0704874873107426,0.2371758034803301,0.3475470160248392,0.7220064331039115,0.586930961026058,2.138736608208,0.8194850063007859,0.8158359993508271,0.6346874977318989,1.6149541244155488,1.8834292177766128,False,False,True
RD2_1110_3,RD2,1110,3,0.22321650706773,0.3435036429518976,0.1029293711835625,Sensitive,11,0.0416674688949566,0.1298592017485513,0.1350327056040728,0.1258116819452472,0.0975206627557641,0.1305224296505771,0.1590719921226185,0.1986484706649496,0.1355334234390872,0.2267985082795968,0.215073441637675,0.16310703366746157,0.018834367785253495,0.06748699240574482,2.469327479950998,-0.019530622536665546,0.8650919377449651,0.021380479907925416,0.026534987441762237,0.0713749163049185,0.1150618686336778,0.0939138346764043,0.3075517050222108,0.3037846508966003,0.7560846647441304,0.6171185212195188,1.21886677945894,0.2308776348785537,0.3721925498498937,0.7398695272085607,0.6905434736344617,1.637739270259504,0.6042453128986818,0.8588629436003901,0.6359476317446027,1.0587843509119117,0.5693601242949332,False,False,True
CK1_1210_1,CK1,1210,1,0.3561671112879607,0.3130108635819076,0.3993233589940138,Intermediate,7,0.0282974604421219,0.1790285201565069,0.1660885168981053,0.1554535971396985,0.0916547660486837,0.1857950749798105,0.2705194257629304,0.2862566577145112,0.3233747793308579,0.2902305650383694,0.3311624044161373,0.5583217288067236,0.2702039470449552,0.34875061762861126,1.2734218106979358,0.037494536255983,0.8999795278460836,0.28731152705732027,-0.06587110152485333,0.078782729218735,0.1181083488799297,0.0951851280268215,0.3086610721505206,0.3078366426240781,0.8262186593089157,0.6658608779674462,1.2386385015151171,0.2547899168935657,0.3819722506947283,0.810642446933281,1.93449389955397,1.5127288003013268,0.6758720844070703,0.868265368773045,0.5341697609469871,1.0488071368567202,0.3036672751448784,True,False,False
CK1_1210_2,CK1,1210,2,0.3561671112879607,0.3130108635819076,0.3993233589940138,Intermediate,7,0.0360852781727352,0.2194135638233275,0.1770232071715447,0.1574654353117718,0.0883357897091516,0.1898384661675123,0.3204793157915957,0.3945252040240881,0.3964101261359666,0.4306499553179829,0.3755772421305533,0.6355377659855277,0.35236188654508516,0.4651483808051348,1.1696035838052639,0.10692841772826138,1.2870680279812725,0.2874143447198963,0.06830917309874679,0.0838382035671746,0.1438685468446339,0.0945722255688668,0.3304166386983597,0.2857161414445876,0.8849351178933551,0.5817135534417355,1.5185717733216018,0.2532871346187778,0.4346473378672464,0.8149762222991416,1.951345503772195,1.509648411456605,0.6945834570996448,0.8633906513466156,0.5325698110294388,1.0466311997008864,0.2928979166140574,True,False,False
CK1_1210_3,CK1,1210,3,0.3561671112879607,0.3130108635819076,0.3993233589940138,Intermediate,7,0.0441438431961715,0.2347526792183529,0.1761017603205475,0.1600313252097464,0.0958840248920973,0.1940461969409416,0.343545834640275,0.319120495264194,0.3544595157183573,0.3859995063569796,0.3703967634131466,0.5741738639700548,0.29245514691121455,0.40435657513396916,1.2000970066056673,0.1427535235194951,1.5229862438755346,0.20316422085062688,0.020627736501893104,0.0763546279897627,0.1293884454881327,0.0925408903240383,0.3344405043992605,0.2762153943806451,0.8236349508648821,0.5890781931176137,1.3957090584789422,0.2279027531411305,0.3861977162058879,0.8109278221611514,1.93449389955397,1.5127288003013268,0.6933911200727024,0.8744045180233947,0.5341697609469871,1.0488071368567202,0.3036672751448784,True,False,False
D1_1210_1,D1,1210,1,0.3561671112879607,0.3130108635819076,0.3993233589940138,Intermediate,7,0.035431641843568,0.1766457007421125,0.1418891713117843,0.1620695747807623,0.1204889717030198,0.2098152278349993,0.2957026055913657,0.3246787435110112,0.3260241876388277,0.3612724606839927,0.32310888623969,0.46031166525699524,0.21687273546509866,0.2881516789695267,1.4138333641375433,0.1091137344122477,0.961502042909621,0.29717015152399806,0.0557636098877465,0.0753961492096376,0.1093385414393945,0.0967075887421573,0.241758884704089,0.3993109201801291,0.7782545811549026,0.6883494419186178,1.1286149447155958,0.3113148214170549,0.4514648143045393,0.7636055403388696,1.6087553202469966,1.534558706345641,0.5914144161858514,0.8563378568177694,0.5841088549184662,1.1093645509306282,0.4909058410877726,False,True,False
D1_1210_2,D1,1210,2,0.3561671112879607,0.3130108635819076,0.3993233589940138,Intermediate,7,0.0410227705225976,0.1760921809557701,0.1481976463207335,0.1408962569390653,0.1230147562017183,0.1886419099933024,0.2596239191635071,0.2578894523014308,0.2167870062000939,0.246824987913341,0.2578669702087465,0.2759616352062672,0.06942054471853656,0.14232026888799773,1.8743736625765197,0.08601729776510222,1.081595118319869,0.10358101567792964,-0.0218786571050026,0.0796161593108458,0.1184074888511787,0.0970976969252267,0.2787120645118738,0.3477652924127549,0.8185126013498963,0.6712049151717553,1.2173159639676858,0.2851533846867513,0.4240884829214913,0.7855264392606567,1.741438473690071,1.3712373715733277,0.688760857823964,0.8580903149596939,0.5452428271553553,0.9693932668113068,0.3179036310760718,False,True,False
D1_1210_3,D1,1210,3,0.3561671112879607,0.3130108635819076,0.3993233589940138,Intermediate,7,0.043930314148615,0.1978967563081191,0.1487942593177989,0.1375196451737418,0.1209949110310086,0.2052705382821339,0.3352286480414226,0.3247529568222643,0.351592831442428,0.3216825721159407,0.3451624669205774,0.4879473157820654,0.2627615697413688,0.3297864922566609,1.3341946741969721,0.14163187038945976,1.5420604271747311,0.27970698364548924,-0.035210421357503525,0.0792214586624805,0.1155744463924416,0.0952926070651823,0.2670866514822,0.3561558656511518,0.8298826810527209,0.6842488691814013,1.2106976197191393,0.2960899912076378,0.431959186234632,0.7908382360020721,1.652398626545544,1.5281738802102045,0.6915865539727245,0.8599287322826306,0.5533562646921772,1.0462390144260147,0.356435943195421,False,True,False
RD2_1210_1,RD2,1210,1,0.3561671112879607,0.3130108635819076,0.3993233589940138,Intermediate,7,0.0484205118447409,0.1806975691249649,0.1821932852370957,0.1863800777877042,0.1228630524282074,0.2004855841799154,0.2612219280928794,0.3108852476277933,0.3021795147348148,0.3157583282738729,0.2918594939940861,0.4218788332271478,0.20230951139130166,0.2674442718879462,1.4151461590636314,-0.004121669350858016,0.7824576516937373,0.2515794384749193,0.039332016612981135,0.069395772712945,0.1035181861135758,0.102067738785896,0.2707089654002569,0.376373406880145,0.6786996074349938,0.6691899930579407,1.012421211422878,0.255895973690959,0.3817219117918115,0.8068905135303883,1.3610207435933364,2.072241660724376,0.7947698992907712,0.8585314620303043,0.5563440870544006,1.3425119234611382,0.3450522859398684,False,False,True
RD2_1210_2,RD2,1210,2,0.3561671112879607,0.3130108635819076,0.3993233589940138,Intermediate,7,0.0496263863792869,0.2056311324240108,0.1965429609141432,0.2005060564697831,0.1537519299773803,0.2146115628619943,0.2585023150919048,0.3129549658348842,0.3349894994563001,0.3290521986100309,0.2884555970652813,0.37082505915024494,0.2190278455549827,0.24032947493494913,1.574525159973548,0.02259760551564451,0.7211800359217513,0.2392775255031854,0.06574265430989867,0.0718984630777794,0.1151875031235449,0.1016324406515728,0.2861038622598139,0.3546024323658903,0.706187990046653,0.6230850313561068,1.1313737154758252,0.2508585814460136,0.4018969585291611,0.8068905135303883,1.6087772862847334,1.839910631709445,0.7572750591086441,0.863666829876577,0.5321174623930159,1.2475414857845328,0.2918121617398157,False,False,True
RD2_1210_3,RD2,1210,3,0.3561671112879607,0.3130108635819076,0.3993233589940138,Intermediate,7,0.0482694902491233,0.1821131640648438,0.1839024871637823,0.1700449760841843,0.1287205243469598,0.211408445746498,0.3478432027749433,0.3387691919638905,0.3059557884476098,0.3603839192490029,0.328568018505506,0.40774079213378334,0.18274812298996096,0.25817110412103933,1.453922273911298,-0.00488865187303379,1.649996211287121,0.2537400171538386,0.04618014552247875,0.0752306187417593,0.1183003477767655,0.1034871235824132,0.3031425772538644,0.3407787089021969,0.7256737163266301,0.6348069721044651,1.1411238462438125,0.2477312368655586,0.3895580279216311,0.8068905135303883,1.2691386977217964,2.116419134010993,0.7392790886322349,0.8556310328903467,0.586712633842942,1.4705314550632895,0.6374617307070901,False,False,True
CK1_1214_1,CK1,1214,1,0.4224687599365873,0.5934904367373185,0.2514470831358561,Intermediate,5,0.0427137713017176,0.1758014090334287,0.1570605600465938,0.1389127150500883,0.0905224724646754,0.176445682931428,0.2988542846583121,0.3558978478456845,0.3476849320666271,0.3497545178119194,0.3032518549050405,0.5868510137956416,0.32671102247258443,0.40937272863573276,1.185908554603803,0.05630216344219683,1.4246278864806763,0.3283438545349662,0.07121318389803083,0.0672470825323692,0.1147691715524294,0.0790411331309055,0.3228989385159121,0.2472005538790893,0.8591780803636538,0.5917129847815147,1.4663410334846705,0.2103147486666612,0.3589397273571166,0.8305722162679026,3.198976280105674,1.2013042155708682,0.6196989620170583,0.8902983644434723,0.4816860321501372,0.9051375838795912,0.2341449543121727,True,False,False
CK1_1214_2,CK1,1214,2,0.4224687599365873,0.5934904367373185,0.2514470831358561,Intermediate,5,0.0451457655860491,0.173593923979778,0.1587226488593835,0.1537177208829765,0.0899211805965389,0.1828905462471934,0.3089729039279641,0.3342888799003142,0.3169325649314067,0.3576929014859446,0.3349904224854175,0.5579680335504618,0.26817891307214187,0.3738988216378774,1.1972386325103457,0.044750326453300494,1.3561710010428916,0.29221386447405856,0.03277468680834841,0.0611622354926823,0.1116118142836985,0.0786750934333838,0.3204705870834236,0.2479202439468111,0.7850710847711958,0.5533960841512724,1.4326357989885448,0.1927338841550574,0.3517101412531569,0.8266419346753627,3.963345086437018,1.1030362583085058,0.611490617433034,0.8716791406187648,0.4712625978432556,0.8588843610402118,0.2241670565307316,True,False,False
CK1_1214_3,CK1,1214,3,0.4224687599365873,0.5934904367373185,0.2514470831358561,Intermediate,5,0.0400845783052626,0.1932266362543358,0.1584205737331502,0.1352399463758155,0.0780563152743737,0.1565703507520265,0.2800010764118453,0.3517692623654067,0.3330186039019226,0.3565078529637283,0.3344243023559049,0.620233141779696,0.36040080453737594,0.4247326649114458,1.148930797466211,0.09898006164310036,1.5720848496566007,0.2656403459460807,0.03196196679774912,0.0649889933982734,0.1283826550238084,0.0858987228586074,0.3199343286807465,0.2711369859414789,0.7640398353727654,0.5112064872391288,1.509324232920263,0.2051359927479158,0.4052363640797952,0.8357466321377102,3.559032909806002,1.1916928423391735,0.6487422569998315,0.8899146161157562,0.4577797759379219,0.8951452939195258,0.2223780228680992,True,False,False
D1_1214_1,D1,1214,1,0.4224687599365873,0.5934904367373185,0.2514470831358561,Intermediate,5,0.0318906151266543,0.1297288989800266,0.0805937150074459,0.0796575021850313,0.0715295127020689,0.1255793848063174,0.1481155027054512,0.1995201001055477,0.2364123055212062,0.2221691875739884,0.2132592324622985,0.5354348875721323,0.3061753174903246,0.28898216432142065,1.2404065148198644,0.23361816896925477,0.41695043895140704,0.29137230453618723,0.020462502449765184,0.0570490110550682,0.0543106474158586,0.0655951976732903,0.1261179296345745,0.5252403855182828,0.8782920947470443,1.0607817489314082,0.8361339031784129,0.4568085107273341,0.4348816132628057,0.8274124487923568,2.475579671318553,1.4613509104094096,0.6756386532807847,0.873581779150234,0.4982119437320418,1.0577147392514246,0.3072325438607998,False,True,False
D1_1214_2,D1,1214,2,0.4224687599365873,0.5934904367373185,0.2514470831358561,Intermediate,5,0.0610138091990564,0.1712607200767613,0.1765286972470041,0.1593320919921359,0.1274389542870291,0.2162030419455396,0.2867576463651817,0.3457212461824755,0.395116724340374,0.3781350148347651,0.3575309072910211,0.5122473661686235,0.29266791663195896,0.39314728509965136,1.2481533863448389,-0.015147031243158025,0.7948552875468828,0.39524173582510014,0.028007424190869386,0.0604438326221185,0.059745289991172,0.0811279943757515,0.1659648542841819,0.4936481453444923,0.7523919728095703,1.0216713605420806,0.7436966627110997,0.3677890240109278,0.3635385272882597,0.8274124487923568,3.4160772541402724,1.3671474283819247,0.6885312506066832,0.8730347694725685,0.4544792212971514,0.9900222782838513,0.2366474407249174,False,True,False
D1_1214_3,D1,1214,3,0.4224687599365873,0.5934904367373185,0.2514470831358561,Intermediate,5,0.0453651501594656,0.1507019758140347,0.1202360748497211,0.1044085539152613,0.0945310085493523,0.1495190019448793,0.2422962303159237,0.2616590076827262,0.2669028775734477,0.2954312088793151,0.2911199132594717,0.476911201860942,0.2818869070096551,0.2884691135309852,1.2852313354159544,0.11244600339331043,1.6872270225192718,0.27825563045263235,0.007350246989764227,0.0598388640838126,0.0582344615115135,0.0756924984354526,0.143449877561851,0.532862990351548,0.7983501274580593,1.0376865206771997,0.7769447245029667,0.4212559594942058,0.4099612239513956,0.8274124487923568,1.8546451421889647,1.4710989033831912,0.6333674284975029,0.887136246163917,0.5406851413193849,1.0478661117342123,0.2790558345679109,False,True,False
RD2_1214_1,RD2,1214,1,0.4224687599365873,0.5934904367373185,0.2514470831358561,Intermediate,5,0.0499332703731788,0.1915906438320727,0.0991603999922626,0.1137639138693022,0.0755304837824535,0.1138649002713327,0.1413397305302708,0.1506796909524445,0.1346529044305142,0.1138649002713327,0.1122444854712939,0.28128969254294767,0.08364794701177003,0.12181787863642303,1.432952729754551,0.31790167500019084,0.7167144507575468,-0.17452525790864207,0.007166508346023585,0.0764637948708494,0.041722098383319,0.0649297411035333,0.1713536908765885,0.3826600350078338,1.1892552451865492,1.850770649159157,0.6489113498271795,0.4506353779457595,0.2458870058099208,0.7554784754249043,0.8427055302968924,2.001749559693923,0.702456667098572,0.8435720965911432,0.641504804217319,1.3458585360061397,0.6536648876790747,False,False,True
RD2_1214_2,RD2,1214,2,0.4224687599365873,0.5934904367373185,0.2514470831358561,Intermediate,5,0.0456112207322526,0.1274861796506903,0.0792090505082338,0.0855170821905213,0.0606291696841705,0.0856180685925519,0.1052984224371583,0.1452067398907596,0.094212763462859,0.2260936526024407,0.210039629281349,0.21688952789551744,0.04779322195238934,0.07523856226003882,1.4471811161987078,0.2335667306175238,0.7875638665297697,-0.15008378353337207,0.03680990189913865,0.0758246665241494,0.07110652541326,0.0758672936021119,0.1792714698695517,0.4273722424393966,1.0092966130313363,1.0768716657242543,0.9464937803738668,0.4271321174918398,0.4005540961737026,0.8031788748755438,1.385723439904255,1.7007343418414034,0.7418020914008026,0.8414794339268437,0.5727414799680268,1.1367242460148097,0.4089457588055577,False,False,True
RD2_1214_3,RD2,1214,3,0.4224687599365873,0.5934904367373185,0.2514470831358561,Intermediate,5,0.0589131989195125,0.1454165682313437,0.1124845396284802,0.1035200100810658,0.0817004108839601,0.1310212530245132,0.2068027365011085,0.2521231254968001,0.1975503439313664,0.1543235485857028,0.1711315527487678,0.4148598743234192,0.20247973812473719,0.23246163033447198,1.1966959441843008,0.1276924666053118,1.5365001931766582,0.15200817878107564,-0.051644617319399115,0.0719454315913871,0.0846152679912154,0.0844511631958673,0.1807990071192264,0.4717071874214808,0.8603209233967916,0.8586523972282767,1.0118263784296233,0.401855651237004,0.4726238048904019,0.8001174486336131,1.4970076497640714,1.6198386234592763,0.7000021364936633,0.8503690424833652,0.5730332184627815,1.1044161690332988,0.3974690764239065,False,False,True
CK1_1218_1,CK1,1218,1,0.2061603258263428,0.3093793559901545,0.1029412956625311,Sensitive,12,0.0311684318150648,0.1391293924571586,0.0855265388647317,0.0832470468859216,0.0703425648259782,0.1299098489035945,0.2343532487986297,0.2970578273263181,0.236806536038805,0.2734152326719455,0.2679120898497348,0.5419647029541836,0.2914968938516365,0.2920218311959104,1.2353310012100376,0.23859977022206438,1.7533685060904443,0.2598239119427372,0.010166017108789668,0.0564454204143308,0.0857510106417149,0.0666907896638086,0.2693526389119391,0.2422306946662577,0.8280325351295444,0.6439824235290948,1.257934234706356,0.2050180162300915,0.3114602028374012,0.8126205142279911,4.204222440546984,1.122507277728112,0.6353474534922949,0.7900317104891769,0.4191448647867338,0.8491616758268009,0.2062611337075189,True,False,False
CK1_1218_2,CK1,1218,2,0.2061603258263428,0.3093793559901545,0.1029412956625311,Sensitive,12,0.0408675024882789,0.1673463005213762,0.1195267081143851,0.1173125980450214,0.0500793528184782,0.1278377678029656,0.1782999432324383,0.2446463234169331,0.2735563309404567,0.2937840843764444,0.2299349938398807,0.6905202032308614,0.36303115465241753,0.4407738904945622,1.0412205785473403,0.16669254676276285,0.648960957338698,0.24089225792764332,0.12191476918125649,0.0556375613801733,0.0802077872276071,0.0592844776409927,0.2310632219100748,0.2510121377851668,0.9181457703274212,0.6786347597536632,1.3236101432833824,0.2355709922547085,0.3396020162467998,0.8104633447266155,3.3404471157762665,1.2225052680434991,0.6550885290762802,0.8070228907333088,0.4494602574668376,0.9004576129387111,0.2266658673774033,True,False,False
CK1_1218_3,CK1,1218,3,0.2061603258263428,0.3093793559901545,0.1029412956625311,Sensitive,12,0.0325755257708869,0.1484087242068082,0.1268217952145429,0.0991265595786158,0.0597864680084168,0.1106468957219718,0.2441667064471155,0.2626932956176186,0.2649571219511713,0.2673145350074651,0.2750935153533726,0.6317927752424196,0.41083220351354943,0.3718585617419972,1.1326258980737183,0.07843217764385285,2.6252199741049136,0.28194975184239296,-0.014341565064774643,0.0529667560962621,0.0759052738393578,0.0613077594051611,0.2034430658009358,0.2948201088079918,0.8452252848626147,0.6826781039363007,1.211270265198921,0.2547094355921245,0.365017435142736,0.8074508589692787,2.7876622060297365,1.2661383152971384,0.6633064855342263,0.8330659860798002,0.4640707882197124,0.9228589472031008,0.2371196873772232,True,False,False
D1_1218_1,D1,1218,1,0.2061603258263428,0.3093793559901545,0.1029412956625311,Sensitive,12,0.0434118621521309,0.1752276908992376,0.1784881458847466,0.1775582628480875,0.0936031537279366,0.177656095663063,0.2838809154872315,0.2942717359733742,0.2428003124457777,0.306557806010266,0.3209991801298315,0.44350660358772187,0.15493691028690723,0.252221573155551,1.3364091649407783,-0.009217724078043409,1.2637846740231262,0.1616461600797823,-0.023012052193681652,0.0647198501609225,0.103486488866807,0.0868077391757887,0.2895867847999172,0.2932677155219417,0.7293963855090128,0.6118407522939842,1.1662986045360737,0.2186468946873558,0.3496145213031877,0.7759220797115529,1.9273024599755253,1.312484202575262,0.6429358159840204,0.8317285158067558,0.5274452726544439,0.9583837967040064,0.331257009737507,False,True,False
D1_1218_2,D1,1218,2,0.2061603258263428,0.3093793559901545,0.1029412956625311,Sensitive,12,0.0369707920554125,0.1792973854263887,0.1970430201540898,0.191444616353329,0.1205977896020871,0.220107719722722,0.2852929269021352,0.2988707139435409,0.3121664562718728,0.3262834906073549,0.3229624357866101,0.4426628782211804,0.17295360305078117,0.2723509942961753,1.4365379735655086,-0.047153147694385125,0.6550623349889787,0.2703537057504633,0.005115249377367008,0.0665113694914946,0.1079877844106676,0.0896036488123349,0.2921144720489959,0.3000939026049022,0.7261974913271008,0.6025676454839766,1.1790534269938144,0.2227549514205899,0.3616646876214371,0.7754264627296457,2.577133944208057,1.205523997271626,0.6256679569005396,0.8135390304752919,0.5023661390173108,0.9037730694167522,0.3063551813591025,False,True,False
D1_1218_3,D1,1218,3,0.2061603258263428,0.3093793559901545,0.1029412956625311,Sensitive,12,0.0435411798662483,0.1930645100181367,0.2201574102411952,0.192952053711623,0.1034792720342789,0.222519726508168,0.3313437617991567,0.2902131169675813,0.3645074643683803,0.3442405686529629,0.3070975750027226,0.557768355446533,0.24187591318929597,0.39339338196217605,1.2296230596092597,-0.06556501215147394,0.9141769138226759,0.3074812978878254,0.05702566940387116,0.0666849470177217,0.1160120472364966,0.0839825991414438,0.3149206997974029,0.2608991433622469,0.7768247401645072,0.5623533273607328,1.351444853461368,0.2071625042561324,0.3604013694875764,0.7751812217129179,1.357967409939967,1.4523200068424147,0.6663254889672792,0.8266536746129468,0.5562340746332222,1.0359799509006435,0.3834874840564999,False,True,False
RD2_1218_1,RD2,1218,1,0.2061603258263428,0.3093793559901545,0.1029412956625311,Sensitive,12,0.0486584724173006,0.1771456402295623,0.198428559431768,0.1895432265266887,0.1372060103596026,0.1896410593416643,0.1950972606171543,0.2017137355795096,0.1142760274217348,0.1896410593416643,0.2011725869340938,-0.09117940645051283,-0.24797892320743894,-0.03645295793897347,-2.861648662462365,-0.0566676817028361,0.10405637796498632,-0.21573417417628202,-0.029506460949658943,0.0751162794818156,0.1155442229330403,0.1088923240217666,0.278442842110235,0.3826006983623016,0.674871909623741,0.636019428702424,1.0380912222321823,0.2639262339774813,0.4059726044332937,0.7352699373092495,0.956358143817692,1.557000010570014,0.5956934338655837,0.8142728857104395,0.6213143149187442,1.11046098747896,0.5524627499153547,False,False,True
RD2_1218_2,RD2,1218,2,0.2061603258263428,0.3093793559901545,0.1029412956625311,Sensitive,12,0.0545575527236898,0.1822290409079878,0.2027711592865999,0.2224524954177377,0.1354925830686063,0.2225503282327133,0.2837132891548445,0.2254747014823508,0.2375189905436654,0.2225503282327133,0.1973511289567856,0.2735207556350808,0.032535667344137244,0.15540555099200615,1.7932753132045884,-0.053356123888324315,0.7025562264085382,0.13172176042008651,0.06001217391478463,0.0768601893150926,0.1203560928485372,0.1165867767545204,0.3026318330187795,0.3768940114910404,0.6449658257361282,0.6247667647037859,1.0099580484794353,0.2484685303198663,0.3890792069548701,0.7561992003762148,0.9335599396618404,1.829658590650137,0.6978659274243392,0.8180289460145195,0.620680605063182,1.2170813523331276,0.5559143370566998,False,False,True
RD2_1218_3,RD2,1218,3,0.2061603258263428,0.3093793559901545,0.1029412956625311,Sensitive,12,0.0447218767699768,0.1627707554837702,0.1511900081557474,0.1501899506069118,0.1127629118857785,0.179771277500941,0.1775748407905291,0.2219394893555349,0.1594344512890164,0.214634381863428,0.1887204779413819,0.17146212901874142,-0.05995425338030638,0.07775490865501794,2.4578699564189064,0.03688597006127666,-0.03277854474210438,-0.010354594291539525,0.06424591967129463,0.0719989781416553,0.1147309335923665,0.1079445721052239,0.298271651317017,0.3540571589787857,0.6525444089686006,0.613946254981355,1.039834608543311,0.2361559562750494,0.3763163594284253,0.7535593342465646,1.18787999151007,1.7472568058195153,0.6885361709047783,0.812096162237165,0.6017681228919782,1.1595678188339449,0.4906650164371984,False,False,True
CK1_1219_1,CK1,1219,1,0.2370211071473494,0.3988462936126172,0.0751959206820815,Sensitive,10,0.034817016461789,0.1769732750377766,0.1064311050140456,0.097661173652431,0.063031824235518,0.1185451178141735,0.2000362015409132,0.2161390394955662,0.1927318513908972,0.2139393609053883,0.235213700056582,0.507108864609951,0.23833030039510938,0.24755784300339062,1.2175389503961165,0.2489099498421017,1.4679562042428065,0.04262471690708587,-0.04736545512042051,0.062431971377976,0.0891316370205949,0.0684540283667586,0.2850620086850656,0.2392323534669832,0.9085906868306742,0.697807139531246,1.297158707492829,0.218186537749316,0.3114962231084176,0.8125209773335174,2.502011028608748,1.401619552910207,0.706177309902147,0.8168128500772281,0.4864086542640241,0.9995439009372548,0.2769036205024396,True,False,False
CK1_1219_2,CK1,1219,2,0.2370211071473494,0.3988462936126172,0.0751959206820815,Sensitive,10,0.0401958105851148,0.1576899266860605,0.1205393191581682,0.122009929276274,0.0739266087885588,0.149180749276219,0.2486604679583069,0.2909397574541763,0.2755166108237781,0.3119910239561184,0.2809063174590223,0.5768891502855826,0.29747267917514886,0.3555109151261907,1.1673237653797484,0.1335251706382142,1.321916881083774,0.2719873176776369,0.05242848015290882,0.0673222020234513,0.1073746870360688,0.073313637067326,0.3060066302366564,0.2386789794010568,0.9148160812860634,0.6246210913112198,1.459074235115434,0.2191733368136278,0.3495677167365437,0.8122053544599209,3.000986708692421,1.2311289768592606,0.6567794132904441,0.8204934465778337,0.4612413201179124,0.919786960882864,0.2472563310879907,True,False,False
CK1_1219_3,CK1,1219,3,0.2370211071473494,0.3988462936126172,0.0751959206820815,Sensitive,10,0.0494113044973803,0.1979351221396161,0.1658249669959273,0.1315066531300735,0.0718761632850738,0.1564583119131178,0.2721147191971484,0.309917145720852,0.3332244674454496,0.3340905365293244,0.3142424438894181,0.6451441551425948,0.36098095130867525,0.4687368709207342,1.085957545658716,0.08827289222409437,1.367385543640395,0.254705643950662,0.03061404130187382,0.0693597920558791,0.0995693597403458,0.0716340189490527,0.2859462951830951,0.2495715559862061,0.9646032210316168,0.6939725797258316,1.3847349058401963,0.2416481928589931,0.3468977505872165,0.8090601021757835,2.6876274857644544,1.286297032294485,0.6615602963440463,0.8403895325540752,0.4777520626022798,0.9485648186580116,0.2614631059006576,True,False,False
D1_1219_1,D1,1219,1,0.2370211071473494,0.3988462936126172,0.0751959206820815,Sensitive,10,0.0539933796501713,0.1551313016331275,0.1936148488898242,0.2117302537839796,0.1265671510392288,0.2434008296098463,0.3051466789006654,0.3235380043658882,0.3350813959892893,0.36869330885551,0.3311159445805727,0.4516731316327086,0.1584846730329341,0.30853810950602206,1.3480518628664389,-0.11034830692464954,0.5284935820410567,0.36708574712352154,0.05369658101894396,0.0638581748945568,0.0840182843259651,0.0845661819037764,0.215093071854854,0.3916792316826068,0.7522808765438651,0.757186628582366,0.9897769343206864,0.2957674133593184,0.3891415730407386,0.8121631487461046,2.017368665762461,1.510573515103253,0.6482343353446451,0.8695803154031839,0.5413463339674122,1.0609740194571553,0.3269378924485401,False,True,False
D1_1219_2,D1,1219,2,0.2370211071473494,0.3988462936126172,0.0751959206820815,Sensitive,10,0.0551523167758955,0.1602974666839771,0.2340041081598406,0.1769850137170654,0.1066065428778604,0.2301126512381826,0.3603696353995763,0.3952925173767327,0.3960306000356391,0.4197948085422719,0.3662261965578103,0.5758111218764164,0.2649840087869895,0.44608377549352224,1.1777814415541648,-0.18692961473729494,1.0546602584333415,0.42373043434903523,0.06815162907464647,0.0624902488143946,0.0967310739304515,0.0756642474296136,0.2636592278902243,0.2858959374915075,0.8227763122991087,0.6435858505575645,1.273607287588464,0.2361182312093758,0.3654965456655438,0.8162428591010008,2.7854741751502408,1.3425958057127558,0.6504422744089678,0.8488347342022651,0.4875420578301317,0.9794597198308284,0.2834629223093012,False,True,False
D1_1219_3,D1,1219,3,0.2370211071473494,0.3988462936126172,0.0751959206820815,Sensitive,10,0.0515245031455542,0.1710882577816584,0.1998665246571745,0.1981878500785933,0.1358227244017686,0.2085098719326954,0.3089715002450985,0.3087727749500388,0.3256108005895734,0.3710840802936223,0.2724175946731783,0.4113010128411581,0.21924058491107323,0.2704900365405339,1.4441702711228133,-0.0775789078289114,1.3821099289892873,0.31109892439623915,0.15332747288580778,0.0616842727788,0.0907174589167873,0.0814466332574646,0.238378880138926,0.34038123109935,0.7545040151520671,0.6773978521314687,1.1096294713979808,0.257790504876293,0.3791258043864047,0.8162428591010008,2.4857283757822843,1.3883858443952437,0.6728290971168907,0.8488347342022651,0.4954863886116669,0.9972894393378444,0.2851782814186532,False,True,False
RD2_1219_1,RD2,1219,1,0.2370211071473494,0.3988462936126172,0.0751959206820815,Sensitive,10,0.0335042840931589,0.1393614941669854,0.1127777714692276,0.1050820391271654,0.0661731489486061,0.1051816622711537,0.1204490723719754,0.0773386596833537,0.0465468835066641,0.1123324990375863,0.1492691377717501,-0.17411515073622905,-0.38644526950354396,-0.041151986533718196,-0.6645482021063832,0.10543269661185117,0.391386617956467,-0.4992492098621373,-0.14119421875438953,0.0611958631729659,0.0911034966608296,0.0890091588179122,0.20185575837968,0.4392925082739629,0.6849322432105107,0.6691866399373251,1.019672231043702,0.3020237982951538,0.4496288257541715,0.6921744835868402,0.6724686745360198,1.761894025379616,0.7060448061931597,0.8220587860993228,0.640270545615302,1.1791488252391165,0.5501522913763551,False,False,True
RD2_1219_2,RD2,1219,2,0.2370211071473494,0.3988462936126172,0.0751959206820815,Sensitive,10,0.0424249921814188,0.1620599428175294,0.1332699038396979,0.1403689773469808,0.0897903395229117,0.1458198980333981,0.1782952713138222,0.2032576762379614,0.174000845982199,0.1702253376783161,0.1879617260195034,0.3192316919082795,0.08811482205615334,0.150962994976141,1.5624636323068821,0.09748435284716236,0.5796114433838715,0.035531973864959474,-0.04951711030008163,0.0659321903123436,0.0932538890148235,0.09108143441071,0.2225806934568129,0.4076642367301999,0.7211537811477292,0.704353689837805,1.01999333483663,0.2951007108477345,0.4173877556201573,0.7156782008365369,1.3689824048454344,1.5854929277208247,0.6704750806367895,0.8093412928443664,0.6002535591440871,1.060262411680422,0.4758220891787256,False,False,True
RD2_1219_3,RD2,1219,3,0.2370211071473494,0.3988462936126172,0.0751959206820815,Sensitive,10,0.0509039479735427,0.1662250000440979,0.1443884260011403,0.1553555708868483,0.0988081101083368,0.1554551940308366,0.1749940822805736,0.1520463244509486,0.1137838048901984,0.1554551940308366,0.0944002072655982,0.07044338813150437,-0.15477471431566267,0.0282591661349293,4.198793967997739,0.0703014493641923,0.3449231080715222,-0.18728409332058238,0.24436128436063392,0.0607473056982777,0.0909808657352939,0.0875130334068617,0.2047016472948452,0.4259039259777657,0.6915355736160729,0.6651769607754549,1.035708570958517,0.295641860215068,0.4427809938362789,0.6861005416438185,0.6817499358894966,1.8664103197126864,0.7218722819381713,0.8315372166559211,0.6369795850443125,1.228828455449811,0.5851340762762675,False,False,True
CK1_1228_1,CK1,1228,1,0.4714456240612147,0.6667832035422664,0.2761080445801631,Intermediate,4,0.034682438474406,0.1509339546822334,0.090075967425749,0.0871788638634639,0.0566942754541348,0.1073428051677033,0.1890549714193458,0.1795074843024675,0.1942962498933606,0.224315754755175,0.217063657801438,0.5482357322003147,0.28826984857134774,0.26994676498754294,1.1599674500997128,0.2525123726201509,1.6133176365384643,0.1256040017252671,0.016430528355934223,0.0600389552349621,0.0763392302234883,0.0721999488107358,0.1988083712283174,0.3648593942909868,0.8354482366185866,0.7901483908842627,1.0622682394362266,0.3034043264811106,0.3857770782219797,0.8335130654588552,3.269421300965694,1.322226275724665,0.7126364102373555,0.862056848341345,0.4472789567992154,0.9548468416769008,0.2406712697855579,True,False,False
CK1_1228_2,CK1,1228,2,0.4714456240612147,0.6667832035422664,0.2761080445801631,Intermediate,4,0.0277290215559745,0.1434350457313489,0.0846748271585019,0.0848209199138021,0.0523436434921723,0.0988671030731198,0.1416755822923574,0.1847719326892908,0.2032494658435377,0.1836247621570057,0.1920664546818552,0.5904142828559491,0.34550360195310253,0.2881325704828526,1.1631124734132903,0.25759612167782414,0.9201482349943024,0.17253271523573213,-0.022469762790515956,0.0658014348676147,0.0778383998019107,0.0735679724333712,0.2264215621396094,0.3264331944089131,0.8986071858581312,0.8493071395459296,1.0629881481827728,0.2919717897619002,0.3453817830582217,0.8347968100937736,3.4790930795875474,1.2710188185374531,0.7118029110717673,0.8534864575286615,0.4415021059420827,0.9296098498415528,0.230197793467473,True,False,False
CK1_1228_3,CK1,1228,3,0.4714456240612147,0.6667832035422664,0.2761080445801631,Intermediate,4,0.0437765016827281,0.1526722297873657,0.1161217981433355,0.109535227288683,0.0750083784689094,0.1256480983922008,0.2204022885841833,0.2265100837675761,0.2146078626638014,0.2598935346776918,0.2484171699241291,0.4820153857701764,0.2614495393277147,0.2611612169067147,1.2237248723826164,0.13597932932294687,1.8711436464402895,0.16863324244743969,0.022577460300688624,0.0618815115591739,0.0874723343520207,0.0800953792893628,0.2662817276748642,0.3021964837707644,0.7762055815358126,0.7107444991237033,1.0972019338777697,0.2334763299645902,0.330029423706242,0.8312246511096529,3.523800881873184,1.2487905011089202,0.7033748484686074,0.8664132078524484,0.4378880857198667,0.921668501717966,0.2319982335982287,True,False,False
D1_1228_1,D1,1228,1,0.4714456240612147,0.6667832035422664,0.2761080445801631,Intermediate,4,0.0338190499857597,0.1636490310594254,0.1466655529212398,0.1289397923748723,0.137148702325793,0.1932762129027578,0.2508624378756851,0.3158180115763749,0.3034420179969245,0.3022407466471306,0.316132308163869,0.3774326330552931,0.22178731973382293,0.22199776146285988,1.6213698483490597,0.05472987418227107,1.0259892943935616,0.2992842342406661,-0.022464694101175322,0.0810627755934097,0.1366081268578854,0.0985275818104716,0.3487046950578893,0.2838725111563589,0.8265839272104721,0.5961674272814241,1.3929708323019387,0.2335538257020324,0.3935881841707076,0.8231565951541114,1.9255598567376728,1.826974297081564,0.6961654130188846,0.8859650452942825,0.5499538488789856,1.2444204448626974,0.4261872258081212,False,True,False
D1_1228_2,D1,1228,2,0.4714456240612147,0.6667832035422664,0.2761080445801631,Intermediate,4,0.0488556935875295,0.2019341182655664,0.1912569644080675,0.1641974902690864,0.1430804954178682,0.2080705398683107,0.3192229870425811,0.3747086249025552,0.3838558148414163,0.3938976258481613,0.3513108404501305,0.45693438606474496,0.29697152960744316,0.32087613025416445,1.3913391208697257,0.02715512718369916,1.710299602257213,0.3105579087215648,0.057147479294718806,0.0808787889651854,0.1426864913784157,0.1005164562692982,0.3400233790557371,0.2969967525512977,0.8083897178226268,0.5694755611347463,1.4261624583937496,0.2389731847349129,0.421596882194025,0.8231565951541114,2.7738314086693907,1.4059339643203963,0.662986195704657,0.869715554013872,0.466543936599767,0.99830293696382,0.2257462815783358,False,True,False
D1_1228_3,D1,1228,3,0.4714456240612147,0.6667832035422664,0.2761080445801631,Intermediate,4,0.0369834314125137,0.1835165155569854,0.1274001543435463,0.1331669464076633,0.1291870341366403,0.1770399960068876,0.2286531740681549,0.2523004234906131,0.3288424839694763,0.3094028969097098,0.2987535393117227,0.43590083595131895,0.3000746101538865,0.273262697504487,1.4618136033918694,0.18048682057283008,1.078578546532099,0.283640901295392,0.01751088529812023,0.0837650948275539,0.1440830789142365,0.0989911434695032,0.3634823329285859,0.2736127585551682,0.8501392230900169,0.5840814512214773,1.462311682697148,0.2315277696884382,0.3982474320542777,0.8231565951541114,2.734864177501205,1.5742691656978791,0.6738533731141618,0.8722942062805344,0.4900699524092494,1.1055712025856606,0.2898846631218003,False,True,False
RD2_1228_1,RD2,1228,1,0.4714456240612147,0.6667832035422664,0.2761080445801631,Intermediate,4,0.0311463868782466,0.139779443811058,0.1002822276997434,0.0991622034699213,0.0802690184825984,0.1033825635954401,0.1286815781879739,0.1629967052476994,0.1421983602582832,0.1855959648313589,0.200531965673141,0.2783749335574132,0.15805705123075098,0.11136651695963092,1.7932044842698254,0.16452945554674875,1.0945536251155987,0.008578393094480437,-0.03868148264298646,0.0873540604521908,0.0987474804649648,0.1018830302535252,0.2975015628475767,0.3440613685551243,0.8613993778072464,0.8887515757720323,0.9737500213754584,0.2949966987950668,0.3334725438142399,0.8036125084595861,0.9472773410301564,1.894189603691137,0.738206933512779,0.8161965712865841,0.6240419452650575,2.0443432895852927,1.7184288063844966,False,False,True
RD2_1228_2,RD2,1228,2,0.4714456240612147,0.6667832035422664,0.2761080445801631,Intermediate,4,0.0436544536712033,0.1507937278394054,0.1523589883719325,0.138512441970215,0.1125130683080659,0.1689966858305876,0.2067025433357162,0.2103727880074037,0.2242655995835524,0.2616659373003325,0.227815244402419,0.33182782025686547,0.1405395732132354,0.1777307715168122,1.6161705140004028,-0.005163273983123157,0.667553870643893,0.1958939996212709,0.06915627027816998,0.0761695186427061,0.0987025596024487,0.1004920454838509,0.2709113319474975,0.3726729105824019,0.7615051329381605,0.7753112863764272,0.9867793194804034,0.2824732651580813,0.3660366349582237,0.7915577791243901,0.8959429605690401,2.24253371037624,0.6760949028766977,0.8749392908577959,0.668616850231593,1.0692430408885802,0.293693018300471,False,False,True
RD2_1228_3,RD2,1228,3,0.4714456240612147,0.6667832035422664,0.2761080445801631,Intermediate,4,0.049248741075965,0.1645764912318756,0.1330939165573353,0.1485094200752706,0.0948120430178884,0.1527297802007895,0.2363642180989255,0.2402164266807875,0.2171949005282324,0.199460394680325,0.1933730774067945,0.3922440190573945,0.1742655294056063,0.2159644230328122,1.3723013407990765,0.10576319933298182,1.444021157698598,0.13782700965037317,0.015495923097358963,0.0786171617627002,0.1050533388313164,0.1040954400057514,0.2659458979702351,0.3932436511618519,0.7587679284063944,0.7518493200605062,1.0139148054952016,0.2969937946737918,0.3968623267886421,0.7974913097593536,0.9030467568588054,1.7281623519073008,0.6794867794620886,0.8814082475181021,0.6201935021095085,1.0692430408885802,0.293693018300471,False,False,True
CK1_1235_1,CK1,1235,1,0.1730928483356376,0.2353341300842579,0.1108515665870173,Sensitive,13,0.0349807785448236,0.1684827817101486,0.126499916636313,0.0795867479205704,0.0602268939758585,0.1108732027157652,0.1953207310166884,0.2514037814201382,0.2661377779547094,0.2457005070545553,0.2499087076520716,0.630922712194343,0.41183037948343676,0.37708657319716016,1.1226069984412672,0.14232314406632116,1.6673974945459917,0.22469023628303253,-0.008490965205332856,0.0577675352880775,0.0791093523252382,0.062522791647486,0.2694629443409667,0.2239874373825373,0.8919280612280603,0.7049208559500487,1.2214447248369948,0.2069517667418814,0.28340866799787,0.8000061685,4.565072405162502,1.0245377650199996,0.584757475225,0.8095121746249999,0.3858033367649998,0.7976886629396454,0.1947952112303232,True,False,False
CK1_1235_2,CK1,1235,2,0.1730928483356376,0.2353341300842579,0.1108515665870173,Sensitive,13,0.0362335405393891,0.1224534110849274,0.1113094628883656,0.1025430076081911,0.0670529581405896,0.1220421055728033,0.1853588103585612,0.2629980343042767,0.2066421664811484,0.2381042342140046,0.2118479449535361,0.5100171533324859,0.25739004905734725,0.2609713122923826,1.2207865347728726,0.04767201911555456,1.1514400157560136,0.2558185558701942,0.05835351060871717,0.0550690460015037,0.08219876853696,0.0659142701826447,0.2582083006740077,0.2464300125776789,0.8065150120503953,0.6467353388897753,1.2038440033136544,0.2058835766699348,0.3073119600399712,0.7973246434999999,4.443327147875001,1.0245377650199996,0.58453598126,0.8162776622,0.4050148544749999,0.7976886629396454,0.1947952112303232,True,False,False
CK1_1235_3,CK1,1235,3,0.1730928483356376,0.2353341300842579,0.1108515665870173,Sensitive,13,0.0328665259271147,0.1489098651369015,0.085162988196957,0.1153266688732,0.0547290211574921,0.1255989586512448,0.2669818397377206,0.2417514125446599,0.3004410411626074,0.3146746159659896,0.2846054856019149,0.6918151220292481,0.4103888897468679,0.44438460570832206,1.0889760917269016,0.2723377616498835,1.9949626892070977,0.33722236653219256,0.050175419282910354,0.0584936885665735,0.0787075945140434,0.0643277670193291,0.2706235637456073,0.2294654045741755,0.8777985976467652,0.7174253519426448,1.1811430905053064,0.2086544976437858,0.2807600956022346,0.7954475759999998,3.485845742225,1.1067055903749998,0.6046919320749999,0.8234346524249998,0.4340933115749998,0.8415553518380517,0.2113074680654817,True,False,False
D1_1235_1,D1,1235,1,0.1730928483356376,0.2353341300842579,0.1108515665870173,Sensitive,13,0.0485492614213195,0.1479052182940916,0.1615233408250406,0.1562340567414373,0.1101201535246618,0.1713838082325462,0.2836785830245183,0.2555799560276596,0.2203003896135161,0.240876762645286,0.2343914319945627,0.3334545577657327,0.12488780923501756,0.18158761570742907,1.5588197510639636,-0.0440105547132317,1.832975445676769,0.19661615620365658,0.013645623090006704,0.0636853892307686,0.0912041194782326,0.0887168701644178,0.2384711136509992,0.3591325613844336,0.6929756046138619,0.6740773014988004,0.992413340047045,0.2578032443527719,0.3692011336324914,0.7384061762000002,1.339951714101,1.5977306275845675,0.6354058512724999,0.809516520006928,0.5778512075874999,1.1139704838791893,0.4893464839974149,False,True,False
D1_1235_2,D1,1235,2,0.1730928483356376,0.2353341300842579,0.1108515665870173,Sensitive,13,0.0285702208740882,0.1255903259383512,0.1137186811612612,0.1116369662089957,0.0587736001594688,0.1117335011089958,0.1632735946932698,0.1801175117847881,0.2220928483040489,0.2394638754443269,0.2203885115680157,0.5814836518851555,0.33058908438202717,0.3001181826814123,1.184934596678052,0.049608014846463475,0.973190898400544,0.2775587935078429,0.04148149365983222,0.06146836707492,0.0839849083503123,0.0868878176379041,0.1701509360974785,0.4929568402332669,0.6829314883792682,0.7065367788661863,0.9330968299705696,0.3487399365216935,0.4764872242525937,0.7384061762000002,1.6232468572833332,1.142052112369568,0.5719304003875,0.8304565487319278,0.5499485938299925,0.8472469248519382,0.3037451780098355,False,True,False
D1_1235_3,D1,1235,3,0.1730928483356376,0.2353341300842579,0.1108515665870173,Sensitive,13,0.0340713320850843,0.1397019654156453,0.1432277990449276,0.1533311057303882,0.089821302692511,0.164116810385581,0.2435620020559664,0.264073567648603,0.2054534593092386,0.2230637463462516,0.2685104726054362,0.39160866927069926,0.11185057974980563,0.1941640278704595,1.4821320663612165,-0.012461868888218841,1.0693135310224915,0.19049821959484609,-0.09245140307826262,0.0598810779762931,0.0797238940256302,0.0837481924688607,0.1594341061477117,0.5070824289488538,0.6902374483866991,0.7250792172138156,0.9189616995453606,0.3625707203123773,0.4827159206189317,0.7384061762000002,2.1462702639583333,1.1730076369695672,0.5888921186225,0.8184513613069277,0.5151209471299926,0.8721868790816955,0.3252646131392455,False,True,False
RD2_1235_1,RD2,1235,1,0.1730928483356376,0.2353341300842579,0.1108515665870173,Sensitive,13,0.029205434607875,0.1090115729863893,0.1119246222179595,0.0997313996449446,0.0583012864715095,0.0998279345449446,0.0846719138399079,0.0783951317852105,0.1161113765319844,0.1749110518385532,0.1767241808059248,0.3314558075368463,0.07540749253033777,0.11590964491193136,1.50330058010976,-0.013185024884111225,-0.36497096221768305,0.03153744902856134,-0.0051562778670838335,0.0657730064265417,0.0891185986945957,0.0834216557270504,0.1970433119763742,0.4086970072075051,0.7611201834105086,0.7124652636164952,1.0312735857600466,0.3222332456397294,0.4366073084449406,0.7588652076294699,1.045181753385,1.818610255,0.6990279815750001,0.81048020515,0.6121045610166667,1.2527734149404248,0.5957005892209473,False,False,True
RD2_1235_2,RD2,1235,2,0.1730928483356376,0.2353341300842579,0.1108515665870173,Sensitive,13,0.041480104306383,0.1604958498947839,0.1628559287116985,0.1415796026961272,0.0690928319570318,0.1416761375961273,0.1980660686646193,0.1782232865591458,0.1996444682625874,0.1724038392053601,0.1550006641065413,0.485796486750687,0.16983542649181674,0.25046344948436783,1.2115080931350513,-0.00729879645965017,0.7768994615494437,0.1087037923665537,0.053154965563316246,0.0618533689694315,0.0831669478820397,0.0832812049620909,0.1836741907950188,0.4377067215524969,0.716969547201423,0.7179545400253746,0.964024594918655,0.3250869792399208,0.4371062128069026,0.72539754227836,0.9120011327350002,1.5721378846249996,0.6586227628749999,0.81102723625,0.5900677885666666,1.1108272276440467,0.4586555361655779,False,False,True
RD2_1235_3,RD2,1235,3,0.1730928483356376,0.2353341300842579,0.1108515665870173,Sensitive,13,0.0446534048598723,0.1379748993043953,0.1579068633498633,0.1154926108483156,0.0906139320549457,0.1323129878274246,0.1661713606825026,0.1801309992508246,0.0974103793811346,0.1693930154611062,0.2171224068186826,0.036146641220379576,-0.151933209365693,0.013008117983740422,7.76243410553226,-0.06736462520252982,0.8119697731243187,-0.17233244215520419,-0.1234863827064223,0.0594420559701519,0.0809283070246915,0.0827482646784752,0.1888685628044516,0.4229446834991731,0.693456587213652,0.7090513978350544,0.9441172025829876,0.3038214957923549,0.4136424773821948,0.72539754227836,1.181381771185,1.6373364834749995,0.6473791285499998,0.792328962425,0.5881478166666664,1.0418093234311396,0.3507447359719476,False,False,True
CK1_1252_1,CK1,1252,1,0.5746672551712988,0.6470500822891091,0.5022844280534884,Tolerant,1,0.0369446171179023,0.1584505302998098,0.1258646927815151,0.115001752555565,0.0717019210115934,0.1404917363045333,0.3226560037132441,0.3698747072674029,0.386350471923077,0.3657923328998536,0.3469574897079923,0.6869269886258629,0.46666484153890336,0.5109665090295018,1.1104638931055142,0.11461165239461663,2.64812845670494,0.41831777234879186,0.026425602075841135,0.0742087744082106,0.0956707911358213,0.0874909791500466,0.3646156782949145,0.2459768135065098,0.8694772340616335,0.7951373001227782,1.1209398823875272,0.2086345134148078,0.2689739739782489,0.846818025,4.847630983750001,1.0894022449999996,0.676753935,0.829209085,0.4096829234999998,0.8478141469291488,0.2070718684125574,True,False,False
CK1_1252_2,CK1,1252,2,0.5746672551712988,0.6470500822891091,0.5022844280534884,Tolerant,1,0.0468394013601777,0.1935423696562705,0.1512155225086789,0.122437878607052,0.0717202656026338,0.172926608476211,0.3431971715427177,0.3947509828223041,0.3977633131747052,0.4123328799276648,0.3870235968853595,0.6944716754975219,0.39397349798657205,0.5519457417643766,1.0763115926799702,0.1227726706466239,1.6824099975552096,0.3453728747214004,0.03166207290045562,0.0735461101519957,0.0924943084343089,0.0886909076234988,0.3735098779698084,0.2434127040336144,0.8500546386301322,0.8151000716633253,1.0690601551730998,0.2018477206169458,0.2538511593464523,0.8531964249999999,4.7798960775,1.1426134775,0.6835025100000002,0.87730336,0.4113071374999998,0.8712110142150746,0.2077998588230236,True,False,False
CK1_1252_3,CK1,1252,3,0.5746672551712988,0.6470500822891091,0.5022844280534884,Tolerant,1,0.0525419731568345,0.1854638270295733,0.1552237278292952,0.1434665208867314,0.080142917720492,0.168428905910775,0.3267214008448325,0.4071301941489505,0.3932813710525372,0.4214614884768113,0.4034469465554913,0.6614330121160539,0.4002997174225607,0.5289236157815295,1.0881429421074327,0.08876197198575461,1.792951499765617,0.359082969001981,0.021838232167688508,0.0678388322875568,0.0877604517125464,0.0837529745140504,0.3328933926113804,0.2579059123836153,0.8303178161295311,0.7924023354451756,1.0741497775142064,0.2089004723435376,0.2702463942498595,0.8498079,4.5662823225,1.17819299,0.6748318724999999,0.8671520225,0.4309491924999998,0.892725484056002,0.2202006182787083,True,False,False
D1_1252_1,D1,1252,1,0.5746672551712988,0.6470500822891091,0.5022844280534884,Tolerant,1,0.0486355438238735,0.2000131658588684,0.164320203365557,0.1400684173746119,0.1057411259435094,0.1943674071988777,0.3110590256530042,0.3899962042199285,0.4440637761084041,0.4406973656915426,0.3975178500982539,0.6153503704718692,0.39110929327733923,0.4935431713045501,1.1687903014823373,0.09796786544502581,1.3166705947854287,0.37891530397611506,0.0515136384783989,0.0710990614016269,0.0642466687898997,0.0614449248562598,0.2978131224641531,0.2114990498984906,1.18616220772852,1.134434657847582,1.0718421451522384,0.2447294706649244,0.221142908710425,0.8398957524999997,2.427716424499999,1.468242884532818,0.6600122971777348,0.9013985253333332,0.5189396995494447,1.0521802554251158,0.2788289634036116,False,True,False
D1_1252_2,D1,1252,2,0.5746672551712988,0.6470500822891091,0.5022844280534884,Tolerant,1,0.0423914720637846,0.2033752322074933,0.1523342658251491,0.1185360488555175,0.0776536873085929,0.188836927103706,0.2992718230129175,0.3672422598967257,0.4377473751384209,0.4237464951768518,0.4186744912201445,0.6986669490361164,0.39724973502213595,0.5677084094697419,1.0979251134817793,0.14349059180213483,0.9932692743323486,0.3655652448463315,0.0060207473918712446,0.0758539202987661,0.0753708075741752,0.0609149500775059,0.3100442701344535,0.2014032230840007,1.2764986833031131,1.0316706971194942,1.2683686782302266,0.2507959706490805,0.2491986540671626,0.8398957524999997,3.21728005175,1.4635439400328183,0.6662454746777349,0.8812182928333335,0.4855376702994446,1.0497106825327598,0.2675637639798818,False,True,False
D1_1252_3,D1,1252,3,0.5746672551712988,0.6470500822891091,0.5022844280534884,Tolerant,1,0.039902876984013,0.1964263506352555,0.1815597340809429,0.1420821293390403,0.0948511793181133,0.2128024988105673,0.3055244579244114,0.3780250632061676,0.439470156902068,0.4284667387015626,0.4034599063786045,0.6449657803706818,0.34750446167922944,0.504033577156114,1.1594465363437916,0.039331121317534294,0.7861036189576164,0.38220654365293427,0.030058939055315804,0.0775910871296393,0.0854645664876473,0.0756650766231388,0.3119744276760568,0.2486238074020386,1.051193322713322,0.9306619876517748,1.1578621326738103,0.2549523817799842,0.2808234243117863,0.8398957524999997,3.21728005175,1.4635439400328183,0.701656984677735,0.8710299378333333,0.4855376702994446,1.0497106825327598,0.2675637639798818,False,True,False
RD2_1252_1,RD2,1252,1,0.5746672551712988,0.6470500822891091,0.5022844280534884,Tolerant,1,0.0491375901096312,0.1956701536881686,0.1870030151619344,0.1268011294513323,0.0851686901476485,0.2289310015656647,0.3269495319541383,0.4233616567830512,0.3875222848192319,0.3901784963378427,0.3449772992819532,0.6396432567657298,0.25726407297396925,0.4940410141400528,1.1191687503406542,0.022648931860778546,0.6818096441386929,0.3289688248052084,0.06148519446518302,0.0763884859575218,0.0979470329426884,0.1002771598188772,0.3372565525155581,0.3047950165307597,0.7808940442314464,0.79947125012884,1.001279888144651,0.2321847754985931,0.2977125357242676,0.828605415,1.6753180825,1.90153772,0.7764688990454545,0.8778772404041665,0.5519803576,1.27062239372074,0.4067687642194127,False,False,True
RD2_1252_2,RD2,1252,2,0.5746672551712988,0.6470500822891091,0.5022844280534884,Tolerant,1,0.0465868496456136,0.2094932278852289,0.1963292203210018,0.1151951874482926,0.0820524389310818,0.2084393463436525,0.3160862563618141,0.3685280990582412,0.4127889198647635,0.4163726638278568,0.3898204990110431,0.6683687106075793,0.3289444229064647,0.5314906749984114,1.1072321661806026,0.03243784966162692,0.8517251685474411,0.3266937557418255,0.032935239395126936,0.0768814425371415,0.0987190279318189,0.1039799134243847,0.3142186603561865,0.3392217670832692,0.7579460693092326,0.7983381554102994,0.9732348498898556,0.2508163157139527,0.3220587707463978,0.828605415,1.82268475,1.8813517925,0.8121907865454544,0.8764990504041666,0.5340786945999999,1.2511907075257416,0.3751548310146493,False,False,True
RD2_1252_3,RD2,1252,3,0.5746672551712988,0.6470500822891091,0.5022844280534884,Tolerant,1,0.0454277144910011,0.1892093765049589,0.1615072871142994,0.126635351024011,0.0776353443830593,0.2056438550966764,0.2984536561286474,0.3509099556507341,0.3938759869946535,0.4232484661660201,0.3929871316410539,0.6706957427461352,0.3139714796450425,0.5204818399437476,1.1018453214175117,0.07898709204400156,0.7250283634625412,0.3510062562045954,0.03707426459501065,0.0828984599530485,0.1136308183047581,0.106135004661208,0.3604933442957913,0.3018058307284438,0.800670914247888,0.7478535531909409,1.0974979659493735,0.2357303196254807,0.3231209498156729,0.828605415,1.802780725,1.965338805,0.8372687190454544,0.8838085829041665,0.5369939650999999,1.2837371838801996,0.3944554682569003,False,False,True
CK1_1257_1,CK1,1257,1,0.5317110600542118,0.6884466500654246,0.3749754700429988,Tolerant,2,0.0321602233201019,0.1576719598147548,0.102349632606261,0.1056920514546981,0.0572098760670922,0.1393698641591287,0.2132665726621921,0.2395750555181876,0.2487530117600992,0.2657044685283692,0.264136667291803,0.626033886179003,0.2818260772233745,0.35449665676383924,1.1307781281556246,0.21276051228437312,0.8994245279135572,0.22410299148798588,0.00295900248314865,0.0587458080174208,0.0901985204377084,0.0736892267145588,0.2258059036988383,0.3314609535973854,0.8097231405584822,0.6615171934765683,1.2432517605493023,0.264244074927389,0.4057212828839373,0.8316291736044421,3.567597742138464,1.2760186697236189,0.6653625878069007,0.8771972384127111,0.4680354592891412,0.9473781602104316,0.2548197271397244,True,False,False
CK1_1257_2,CK1,1257,2,0.5317110600542118,0.6884466500654246,0.3749754700429988,Tolerant,2,0.033519501387632,0.1451754392684844,0.1264917250896431,0.1202544952539566,0.0872165981641779,0.1219882920671093,0.2361643500994614,0.1968050400712937,0.2411632627512409,0.2534839566142711,0.2073566683376918,0.46880665628491514,0.3281686918392608,0.25436201134385833,1.3488032489731407,0.06877428202626407,3.2835920605733437,0.24845510682969485,0.10009379767981066,0.0651631338909856,0.1070113773291506,0.0822427005487747,0.2750131368532717,0.3037439186423202,0.8047634958646742,0.6184942655052934,1.3215885267392629,0.2406645879450882,0.3952211548548475,0.8330398622555557,3.86458438110279,1.2217015139011438,0.6763067103622391,0.8746862126137288,0.4411618404854288,0.9181695588899882,0.2400300440110606,True,False,False
CK1_1257_3,CK1,1257,3,0.5317110600542118,0.6884466500654246,0.3749754700429988,Tolerant,2,0.0461524417272987,0.1908554911383697,0.156254932546015,0.1286584203313126,0.0832070035329582,0.1674917133841048,0.2668615623776987,0.2923773306088328,0.3036693247777853,0.3066593787341357,0.3351470596795705,0.569852185600121,0.2890256204650142,0.37834150023815116,1.1680766200611203,0.09968170424007712,1.17897836000253,0.2281257279888312,-0.044386717303499135,0.0644899845959325,0.0910320524256582,0.0794423374385471,0.2736804098060588,0.2948302028407006,0.8245251887320094,0.7195510431228053,1.1638740600918371,0.2393383157226519,0.3378425074970068,0.8248214252992887,3.510402781467719,1.4080788771089603,0.7061879173701259,0.8824929636089913,0.4656908947509906,1.023769388017943,0.3075740916868681,True,False,False
D1_1257_1,D1,1257,1,0.5317110600542118,0.6884466500654246,0.3749754700429988,Tolerant,2,0.0628964946413285,0.2257940941912816,0.2539973703980343,0.1825996316935909,0.1359881214114483,0.284400218605603,0.3492015289610951,0.4243057032888963,0.4602255971934221,0.4318515455980482,0.4010178943623657,0.5438276001778084,0.2361258162922389,0.4492240833943782,1.2254262145171293,-0.05878236335632534,0.43663091877691174,0.34172707568925575,0.0370209900331414,0.0773515098755251,0.100291778078978,0.0782549071145829,0.3045981367652377,0.2609444153438958,1.0039703416307986,0.7833703555504957,1.3017195250970948,0.2579319976813964,0.3344273267911368,0.8321906276875851,3.599102595356237,1.449458889449803,0.6889922790736197,0.8837514553455084,0.4632208010485892,1.0450069339097936,0.2282238165505335,False,True,False
D1_1257_2,D1,1257,2,0.5317110600542118,0.6884466500654246,0.3749754700429988,Tolerant,2,0.0366601767642575,0.156009112445934,0.1361223221485806,0.1316294597750134,0.1025346160075882,0.1655273246572333,0.2526784553087908,0.298724753153997,0.3330029731048394,0.3284089184286984,0.3151399232726506,0.5291583616626927,0.33593875678050583,0.3443404604369467,1.2858285626409596,0.0680748044966702,1.3835114018715642,0.36194168996775933,0.020618474148704193,0.0777765739271397,0.1049256857990834,0.0761206839881232,0.3102837876938524,0.2491766062339286,1.037790748480441,0.7528884947302866,1.400047604337294,0.2545970650853678,0.3434680946674417,0.8321906276875851,2.8988988192441347,1.6016637307730446,0.6749051422036002,0.8823238384305814,0.516279622594271,1.1173219177220357,0.2459605833404347,False,True,False
D1_1257_3,D1,1257,3,0.5317110600542118,0.6884466500654246,0.3749754700429988,Tolerant,2,0.0386333370179855,0.1773379717052796,0.1775362205881364,0.1643845774629093,0.1478049507021518,0.2107613706570586,0.2774603810092076,0.3202223432175809,0.3554607104276168,0.3354663131919235,0.3245584464086566,0.41261658754802333,0.25555227287033194,0.2658789558303584,1.5257336171580245,-0.0005586455345642157,1.0594473192713765,0.33431527647417847,0.01652645090142963,0.0746157084290627,0.0948029118966019,0.0615026894346252,0.298202427104989,0.2094819472262948,1.2322528394450825,0.7994149358613284,1.565637582645372,0.2541456973520521,0.3229045553842463,0.8321906276875851,2.8771883209034983,1.6829278612090903,0.6866195007624467,0.8863160873132326,0.5215414912629244,1.206827268097059,0.3918220108589379,False,True,False
RD2_1257_1,RD2,1257,1,0.5317110600542118,0.6884466500654246,0.3749754700429988,Tolerant,2,0.0464078000995032,0.2031670360294139,0.1708800111802689,0.1679042812615182,0.1394414245678756,0.2241577956701551,0.2839299868195372,0.3372424625042419,0.2871836503046491,0.3146013624181023,0.2875850432675748,0.3463045996087286,0.12325590880735987,0.20799697899179037,1.629702334619804,0.08631808509116656,0.7055565573886318,0.17133985251118194,0.04486371478241114,0.075026454533002,0.0968968163032713,0.1083825971901134,0.2533568292649949,0.4345008269795808,0.7031023321379734,0.7864454142700403,0.908058070231842,0.3007775914684295,0.3884548618225988,0.8210038666842552,1.9338481801335727,1.781616764558904,0.7353141238119365,0.8696145047752457,0.5464020352357996,1.2007136460889134,0.3708973512353145,False,False,True
RD2_1257_2,RD2,1257,2,0.5317110600542118,0.6884466500654246,0.3749754700429988,Tolerant,2,0.0458635034646524,0.1629890592848289,0.180796459072588,0.1820386841576061,0.1406728808718194,0.1938516881431026,0.2553200381348929,0.2470814928168876,0.2794764747146592,0.248793493702788,0.2124736177199374,0.330367265824046,0.18089941248073885,0.19499953652831647,1.6830469931096654,-0.05179799275095012,1.1558805687051104,0.2632689022733352,0.07873935748600443,0.0778990323528107,0.0987944457148042,0.1091126586840263,0.2582289136361556,0.4291745284859719,0.7251378814250483,0.8008721702382169,0.9196467901903304,0.3064014834094164,0.3885897398895592,0.8210038666842552,1.5061002958938523,1.9554897835632497,0.8101511567535087,0.8859220655821182,0.56228921082464,1.2456516944971736,0.3541002534371673,False,False,True
RD2_1257_3,RD2,1257,3,0.5317110600542118,0.6884466500654246,0.3749754700429988,Tolerant,2,0.0494477045198215,0.1497840356754058,0.1544860908964269,0.157966040019082,0.15004682716067,0.1724441516979305,0.2013461883886134,0.1996480124938944,0.2530547885949082,0.2837800766321413,0.2825467875793721,0.25553844839137874,0.18944967722246145,0.1444729798952992,1.9766150231511226,-0.015453555279969392,1.2904236237056372,0.256357497583712,0.002177698305882478,0.0829609278865685,0.1053994451617637,0.1123249360515403,0.2977901836720263,0.3831152779189993,0.75017241312339,0.7994640597716968,0.9530722248788616,0.2829612022133433,0.3594939747584542,0.8210038666842552,1.7064857974072258,1.8455096749451367,0.7598008574179648,0.8657689675123106,0.5519121851070491,1.280841195666708,0.5059095438820896,False,False,True
CK1_1274_1,CK1,1274,1,0.4106885222095553,0.5521848137280557,0.2691922306910548,Intermediate,6,0.0402884884709929,0.1809264873683996,0.1489272337839153,0.1301962144055725,0.0660971914018666,0.1560609573018117,0.2906849868383574,0.347313332629472,0.340867603233693,0.3524703833119409,0.353873613597207,0.6751699789606755,0.3718978151159762,0.4785983482112601,1.093928246345061,0.09701043684666562,1.4964250127798162,0.3065215163336538,-0.0019866103363324174,0.0675489640824251,0.1076892969805586,0.080647437005868,0.303535093446616,0.2653347509032074,0.8364511752706738,0.6264099161059613,1.3335043734134342,0.2222400143637034,0.3543040405264085,0.8146749146576956,2.905899482772141,1.2270389006754554,0.6289235970317286,0.8631620531530029,0.4809100808869769,0.9182923272340568,0.2460776315787592,True,False,False
CK1_1274_2,CK1,1274,2,0.4106885222095553,0.5521848137280557,0.2691922306910548,Intermediate,6,0.0368977880525936,0.1580116910680985,0.1029305745416254,0.1011331634794815,0.0521457485240615,0.1143145784631183,0.2276350222019859,0.2782505691702785,0.2665670281794478,0.2749184602524999,0.2649909847368551,0.6727727763950209,0.39973694465957504,0.41149141197794714,1.0711121605839409,0.21108545370283066,1.8227855317520694,0.25567776289809097,0.018387297365839748,0.0669652645275497,0.0967702650254864,0.0733103369479586,0.3007281323336525,0.2434465539687509,0.9122142360904596,0.6910669617468576,1.318223918165494,0.2223760463195059,0.3213515109584203,0.8205835824873771,2.9085514482393604,1.22597367605264,0.6362470163135877,0.8743025273332852,0.4778558821637473,0.912870330338398,0.2362684719973266,True,False,False
CK1_1274_3,CK1,1274,3,0.4106885222095553,0.5521848137280557,0.2691922306910548,Intermediate,6,0.0484280725889543,0.1824622936290735,0.1641194440374654,0.1316762303135443,0.0916610051571477,0.1870564066051399,0.3086995297779355,0.3659499440461264,0.3498490092789839,0.3950929048627162,0.331754222689694,0.5847840268166452,0.3032053651494145,0.4200625548518656,1.1674474874045357,0.05292503210096015,1.275146614264349,0.3144526797298196,0.08714168326744205,0.0701378954392588,0.1078897897868381,0.0747207439831565,0.3038835194487236,0.245553717149416,0.9373979842954756,0.6492094846234835,1.4419547498374918,0.2304931672258159,0.3545566801449295,0.8248555770684615,2.8906867436275525,1.2773763121484143,0.6698986827182202,0.8685963631428368,0.4731650101919202,0.9341683835123392,0.2380710587153704,True,False,False
D1_1274_1,D1,1274,1,0.4106885222095553,0.5521848137280557,0.2691922306910548,Intermediate,6,0.0386590228436712,0.135971884440259,0.1415258241223711,0.1426740488132714,0.1051787945355119,0.2070903590081114,0.2252432942386388,0.3324422881558737,0.3662701816010383,0.3050514031417262,0.3412928443265308,0.5538062447502357,0.277626050833235,0.3822937575157726,1.2547758179213557,-0.020014362319891354,0.1781243897537076,0.45854043843042575,-0.05607142219763389,0.0771554197744679,0.1045574095100143,0.0950262470999521,0.3034195902732464,0.3127608849148989,0.8108403140183954,0.7369263680783565,1.0988127989954235,0.2539424432837064,0.3441308998382826,0.8182228893779596,2.5851864722080427,1.3908780305638029,0.647009675275982,0.8550735584779863,0.5038668899685822,1.024764283875351,0.284595240106502,False,True,False
D1_1274_2,D1,1274,2,0.4106885222095553,0.5521848137280557,0.2691922306910548,Intermediate,6,0.0364069391480497,0.1390932660178187,0.1889293293440614,0.1305649781641176,0.0813047974274598,0.1580932694696895,0.2748057209349556,0.3315254461946037,0.3116958517874806,0.3382879780003142,0.3408200664150634,0.5862358111118923,0.32696070506431885,0.3773258941161038,1.1948767429539622,-0.1519287513448965,1.5199215241720174,0.38288986790539786,-0.003728550170435717,0.0707479529954741,0.0939311949310767,0.0932088807546705,0.2858198738595809,0.3256696914658087,0.757999742624541,0.7521708594763002,1.0063870199428455,0.2471917250515756,0.3281934406307701,0.8127817186158455,2.301132120835396,1.3726970873920974,0.6335764715364358,0.8687744553844639,0.523027063066991,1.0330874393647242,0.3153282692440842,False,True,False
D1_1274_3,D1,1274,3,0.4106885222095553,0.5521848137280557,0.2691922306910548,Intermediate,6,0.0460341019122193,0.1621513610296502,0.1865772697195986,0.1605250542068165,0.1087808369920059,0.2135278849669298,0.3451220360508668,0.3717305773640977,0.4275040322309797,0.4157527278338214,0.3435109340661363,0.5943169638568522,0.3337995215579692,0.45927298344150674,1.1968690575931886,-0.07004273964391443,1.2563041501221133,0.45001313349141653,0.09514717665653781,0.0751579093105818,0.0952473964287191,0.0932828319561541,0.2917139928069826,0.3193426563619784,0.8046100281036289,0.7880142120173858,1.019679911539517,0.2572941440836098,0.3260681086676947,0.8182228893779596,2.4323600271034325,1.4582007815302551,0.6663695779911687,0.8613234310696634,0.5099419991455788,1.052967343183658,0.2939349104742592,False,True,False
RD2_1274_1,RD2,1274,1,0.4106885222095553,0.5521848137280557,0.2691922306910548,Intermediate,6,0.0429813254289109,0.1721827936534184,0.1291694304820965,0.1532902965647885,0.0847568626680911,0.1693833755642534,0.2215635180869418,0.2344011056454358,0.2015709775948157,0.2458350745977828,0.278156119207176,0.4079733036768819,0.08676971103439224,0.21043763043935407,1.3576240530982515,0.14273451372298235,0.6165933197166477,0.07862979908737484,-0.06168241945956019,0.0774944479466553,0.1217503005499823,0.0937734023185754,0.3197406695962624,0.2928830687515489,0.825283928684777,0.6356426353032263,1.2965905173698105,0.2420389061784912,0.3802634943900148,0.780224470558804,0.9775181578926172,1.7689987430834135,0.6916581148571979,0.8580262112165443,0.6163207607496115,1.138751474527491,0.4070670049584668,False,False,True
RD2_1274_2,RD2,1274,2,0.4106885222095553,0.5521848137280557,0.2691922306910548,Intermediate,6,0.0570078505355069,0.1845847657055808,0.2192670091077465,0.1864577785789614,0.1301834525983096,0.2037024830244911,0.2766513877110169,0.2919304452677326,0.2911826410851472,0.2547785677824908,0.2571185644621261,0.3820886181881192,0.17676861517719714,0.2447206062075866,1.454509136043162,-0.08587864549610284,0.992245195069212,0.22405459865066954,-0.004571224436000757,0.0762873957271991,0.1174969859358244,0.0937948299730041,0.3369615265222688,0.2779784035592684,0.8122437186434115,0.6483933259766621,1.251008608645953,0.2260918696909468,0.348224146073583,0.7789249579754168,0.9328480742957332,1.807590943480845,0.7100249175334052,0.8581022194318183,0.6122290776281185,1.2024604158146337,0.5124954594743029,False,False,True
RD2_1274_3,RD2,1274,3,0.4106885222095553,0.5521848137280557,0.2691922306910548,Intermediate,6,0.0389537286009187,0.2042076573840848,0.1638203345611551,0.1514895576471086,0.0922747987087916,0.1614612898025963,0.2617819053405397,0.2696448299937351,0.2853546857566987,0.343314128015222,0.2779997178445441,0.5112945227812362,0.2772805869329555,0.31205324199478285,1.276160665531376,0.10973981247855479,1.4500029406307988,0.1657542282603187,0.10512305593366694,0.0859950083677451,0.1274437594322585,0.0963342668356744,0.3686315470805465,0.2609761202594429,0.8914662773943631,0.6738560651837452,1.3211442844725814,0.2329663616351051,0.3452538642832322,0.7714879783344325,0.7185853538747113,2.023310025690873,0.7061856704553399,0.8459703096260296,0.6475118692364378,1.334269178740395,0.6540317032263788,False,False,True
