Sample_ID,Treatment,Variety,Sample,D_conv,D_stress,D_recovery,Category,Rank,R460,R520,R580,R660,R710,R730,R760,R780,R810,R850,R900,VI_NDVI,VI_NDRE,VI_EVI,VI_SIPI,VI_PRI,VI_MTCI,VI_GNDVI,VI_NDWI,BF(F440),GF(F520),RF(F690),FrF(f740),SR_F690_F740,SR_F440_F690,SR_F440_F520,SR_F520_F690,SR_F440_F740,SR_F520_F740,OJIP_FvFm,OJIP_PIabs,OJIP_TRo_RC,OJIP_ETo_RC,OJIP_Vi,OJIP_Vj,OJIP_ABS_RC_log,OJIP_DIo_RC_log,Trt_CK1,Trt_D1,Trt_RD2
CK1_12_1,CK1,12,1,0.2649762862421151,0.2427274916209154,0.2872250808633149,Sensitive,9,0.04263597715031362,0.18437855767266595,0.19496870384056028,0.1518124394914847,0.08491929994056208,0.1682862506294257,0.3146387011212179,0.37594388699322134,0.35274375334455427,0.3743038266197779,0.32250403495919067,0.4183065339645206,0.623325262490216,0.2814927198889554,0.6235694348880043,-0.02761392716446087,-3.3968726914571854,0.33626444232666663,0.0735322991025216,0.05918632829413317,0.0954207632975008,0.07009458153691461,0.23928412589612036,0.289756864002248,0.8352185373562975,0.6135383103912403,1.346547296509016,0.24466434497913161,0.39445019183435254,0.8213706995357747,3.2944199230244564,1.2174941231209666,0.6536719538933466,0.8496069881977225,0.4560687275680414,0.8993725357203328,0.22197331491656103,True,False,False
CK1_12_2,CK1,12,2,0.2649762862421151,0.2427274916209154,0.2872250808633149,Sensitive,9,0.041265330190686005,0.1761115189730213,0.15510575557662737,0.15077457405441944,0.08503017121933662,0.17883846502286516,0.2799495617476473,0.32048816732725693,0.33704452602039203,0.3281630231990294,0.3053623421167983,0.36636129007355983,0.5820411076948377,0.22936822290270942,0.592531303117594,0.06273193214668435,-2.932644595582308,0.29825439432829187,0.035599753101656986,0.05949491707891523,0.10059392182106985,0.07147338415312968,0.27268064894217753,0.25927055700229923,0.8233769238542863,0.5850207859448457,1.3921645406717362,0.21581852423284914,0.3649056561491007,0.8233264289278329,3.6368135876748644,1.1871229140347976,0.6509776277313382,0.8374465782972935,0.44395629006992354,0.8826608233747533,0.21333615511580156,True,False,False
CK1_12_3,CK1,12,3,0.2649762862421151,0.2427274916209154,0.2872250808633149,Sensitive,9,0.03376113583180469,0.17199207337890893,0.1152388021479738,0.10986282844954523,0.06858250846904247,0.13948742101383826,0.241007173980076,0.28112720479452846,0.26806362895772073,0.30342062685837545,0.29271863269230436,0.46326109324052234,0.6244320209480381,0.2817978788751375,0.6454028287291831,0.19544427384126817,-4.131611829131644,0.2734526412735112,0.017757431988815783,0.066096277287338,0.10829101877516159,0.07747507873197555,0.2830409537600241,0.2707546481631642,0.8438750500867988,0.6037369184319995,1.3825905579457847,0.23098878497095532,0.37844810444314386,0.8233264289278329,3.474236433838695,1.1676717046849003,0.62345705506152,0.843523663237884,0.4588167517819,0.8726601974204029,0.20942416565947267,True,False,False
D1_12_1,D1,12,1,0.2649762862421151,0.2427274916209154,0.2872250808633149,Sensitive,9,0.0426736560663589,0.1956220954787715,0.19900788232974484,0.19237920723222204,0.11748159493080665,0.19247812246423227,0.31264144421023965,0.32706693834978867,0.2867669546447661,0.31387881417504654,0.30506315924422,0.2373920273726404,0.4503583567977947,0.14057947780386784,0.5298942435890827,-0.008486580104154607,-2.5774228580697818,0.2295852773312546,0.014088599418265757,0.0649320194883099,0.11327096714520028,0.09063131296477431,0.29294915152073636,0.3060195702816713,0.7086696148896786,0.5670266555362838,1.2362420466442186,0.2192450716129066,0.3824630975459445,0.7566136002275988,1.7108164657717804,1.2658509935069817,0.6126817784374229,0.851442930366833,0.5562725309790553,0.9339704371727842,0.34335196127609957,False,True,False
D1_12_2,D1,12,2,0.2649762862421151,0.2427274916209154,0.2872250808633149,Sensitive,9,0.042535920900542486,0.2005262820049098,0.20110829149472267,0.1994392437965832,0.11385088048260271,0.19953815902859345,0.27534253615969384,0.25765026066472196,0.24127388498844854,0.2643139616778217,0.2927987291906878,0.1383731194458879,0.39356092693547806,0.07527979628805699,0.47303665170657117,-0.0014333826692554468,-1.866373416778254,0.13573637865150678,-0.05057464015763037,0.06305600741446717,0.10494217276012414,0.08775877326708098,0.2815886106378995,0.3082752315845618,0.7107209186970754,0.5943463369506242,1.1828309544544748,0.22150042172232925,0.3686363357901392,0.7566136002275988,1.7978832570179761,1.2834704548605158,0.6227781868675123,0.8479501533230125,0.5484080274273948,0.9493073063114279,0.35887638618118056,False,True,False
D1_12_3,D1,12,3,0.2649762862421151,0.2427274916209154,0.2872250808633149,Sensitive,9,0.04473337053419338,0.18191362980255527,0.1788819223334446,0.17549498619793275,0.10774712049948292,0.1787575711336344,0.25067328383433707,0.28774235648367547,0.2743270356270458,0.273442863226004,0.24958839333605776,0.21581020605499573,0.4299649395418435,0.12232600765655037,0.5039194747468345,0.00831168915017492,-2.0867926216551576,0.19882521708688133,0.04511337312245125,0.06728536587050792,0.0979031180603617,0.08931301629873471,0.27731441735384443,0.318570444691283,0.7451934605301,0.679809560830007,1.0842887216292276,0.24000005614956532,0.34921046393541694,0.7566136002275988,1.3898183588829651,1.5429638109704822,0.6500212473586351,0.8548713227605055,0.5865219133430835,1.0880112563167323,0.44495345096008876,False,True,False
RD2_12_1,RD2,12,1,0.2649762862421151,0.2427274916209154,0.2872250808633149,Sensitive,9,0.05561683781704246,0.2061014198219121,0.19231954505189022,0.19715201807541485,0.13495406353174122,0.21440070253380514,0.2747956232170414,0.2940155159333259,0.3188038734366579,0.3115725050939166,0.28094271829915257,0.2224765762705521,0.39124780803769355,0.13692076810132325,0.4976743415153942,0.03421600418306354,-2.2239413569829813,0.20153027544808538,0.05113374892500143,0.07249871365021901,0.11654459869625823,0.09533537543800816,0.2951176945580764,0.3195376268845401,0.7522105032645902,0.6153204142697491,1.2092086441842307,0.24299549674545035,0.3906250363258809,0.7878224270056216,1.137211826643822,2.0314518493166434,0.6806784098708905,0.8400161537405951,0.6191871123931926,1.3131874176890217,0.45990836624181036,False,False,True
RD2_12_2,RD2,12,2,0.2649762862421151,0.2427274916209154,0.2872250808633149,Sensitive,9,0.039128078759201,0.15492841720706754,0.14445163790863277,0.14839304894222785,0.11419246427324665,0.1687081962224012,0.24300244280039413,0.22272910807695698,0.18106991324517385,0.2646841771114817,0.2696197229135198,0.27847005826806864,0.3928962902732513,0.15538379203645653,0.5401153195406382,0.034615300417450104,-3.7254535474804653,0.25872713545398246,-0.009137134465844353,0.07165626660817652,0.10712633940562771,0.09554298133177586,0.26979966510438586,0.3502842065523155,0.7418542032495111,0.6616389834018587,1.109074320064148,0.2627096008882703,0.3927516629321921,0.7995483062107066,1.380478384267986,1.8736696898563228,0.7836460752925416,0.8357257055521513,0.555445518665599,1.1913743696025734,0.2891568505743344,False,False,True
RD2_12_3,RD2,12,3,0.2649762862421151,0.2427274916209154,0.2872250808633149,Sensitive,9,0.050259878653735726,0.20348821006595985,0.19793912391519505,0.1747280579294025,0.11046042469353659,0.17482697316141263,0.22701111834766852,0.30799836113824236,0.26587598639850746,0.25609990920973147,0.23276609972701884,0.18682435126242608,0.39300388133878655,0.10498559094156279,0.47259500143335553,0.013673437193945011,-1.793848371416613,0.11323396336572558,0.04721271546814955,0.07123793539905467,0.1020160321286597,0.1005329033585648,0.2592664622829152,0.3835527113309955,0.7009164826227966,0.6907264234907907,1.0037449570963175,0.27178667241387217,0.3892111379954876,0.7718203659525459,0.9321252297058472,2.1994320043384996,0.6544759709847802,0.8481830486568399,0.6598327759309685,1.455560922643968,0.6824226794854105,False,False,True
CK1_73_1,CK1,73,1,0.3276960420194899,0.339055735035649,0.3163363490033307,Intermediate,8,0.033391822378849696,0.1962899203065847,0.18350418635486734,0.16305405324234742,0.09118879156782955,0.20227453791248223,0.33505605206601774,0.3972418683268063,0.3553446300502785,0.3533347100591113,0.32516350270930844,0.36678820929287415,0.5870105160827942,0.22802113971019441,0.616727316435748,0.033510040277666665,-3.377784955478642,0.2844165433318582,0.04132893938108978,0.07240853378940351,0.11646743983667353,0.08193942092840321,0.31477209978571435,0.2591159620577703,0.8796185319805924,0.6188462052176393,1.4148459178946273,0.22897656197043226,0.3683034658989656,0.8254284804131552,3.376328545550212,1.2547363027434155,0.6817949931266083,0.8280918471937075,0.44993142812795056,0.9201201944143155,0.22984140947254603,True,False,False
CK1_73_2,CK1,73,2,0.3276960420194899,0.339055735035649,0.3163363490033307,Intermediate,8,0.04445816273734087,0.19956732205118183,0.1723166589632686,0.178691608303368,0.09816008324918735,0.19842330393869778,0.32607334082306866,0.36326598000098137,0.382076288349398,0.3867569689152162,0.3755319464368578,0.3662723845474994,0.5924090599902504,0.24413116855471217,0.602573151041814,0.07294022705959055,-2.81709292949671,0.3177908919487238,0.01465767617340103,0.07661199574345974,0.1543420886838528,0.0869631045571181,0.337455435728022,0.2565169782635145,0.8769185314817773,0.4940943758746009,1.7666350607506356,0.2259840853995931,0.4552662466420727,0.8281725552779666,3.2831876798297635,1.2792324019913928,0.6920599404987586,0.8176793833786616,0.45405157582938044,0.9298431521951884,0.229945394866259,True,False,False
CK1_73_3,CK1,73,3,0.3276960420194899,0.339055735035649,0.3163363490033307,Intermediate,8,0.02903046013335335,0.17448965386213913,0.15695411362404635,0.12264750298950729,0.08015512333670738,0.1529773925832475,0.259513641527398,0.31389050446149247,0.2904103690963272,0.3485421032948829,0.30470370037255684,0.4772079342445914,0.6231724962274205,0.30188445139987075,0.6749762543862814,0.05266314621719574,-4.201539620233613,0.3312451960447453,0.0667998678640577,0.07368655058248565,0.1414093202844033,0.08520978983602842,0.3042837401716168,0.2787457511329455,0.8607880717852125,0.5186897905789623,1.6519087293116037,0.2410499184428935,0.4625905928852421,0.8223419912703777,2.348443682043277,1.4278667500704731,0.7060609701398826,0.8501396047867821,0.4976699243867641,1.0021276911432064,0.26287753773380285,True,False,False
D1_73_1,D1,73,1,0.3276960420194899,0.339055735035649,0.3163363490033307,Intermediate,8,0.039575300504369366,0.1585890040662302,0.15304810954403716,0.16238157898739625,0.11455701891317302,0.17435871278114837,0.25536893452477155,0.25333229324179374,0.267606410150555,0.2698325280474404,0.2745769208699083,0.2474621751663664,0.40209521123055086,0.13763867327043,0.5302880511901729,0.01769816409846604,-2.9307983064764365,0.2584645325318202,-0.008674660641013751,0.06128288249716436,0.08193565362784154,0.0685246276394035,0.26819792754158817,0.2543248368715951,0.8902049558664424,0.744498401331789,1.1902104135691691,0.22744755617103463,0.3040990146276366,0.7923579911741697,2.0233855538870635,1.2947717440878606,0.6013974936459444,0.849221223652755,0.550135275710218,0.967072048190143,0.30105710760577514,False,True,False
D1_73_2,D1,73,2,0.3276960420194899,0.339055735035649,0.3163363490033307,Intermediate,8,0.0397015497629039,0.17142030504977407,0.1329802477116619,0.132531750294482,0.06367703928428944,0.14450888408823415,0.275270921858655,0.24404249720149507,0.24475788415505387,0.2928884070823185,0.3093295008441154,0.37520311671798046,0.639873914726792,0.22346621798348398,0.592407573724627,0.1257002374275805,-3.058911811426047,0.2604071598264683,-0.027175312584447067,0.06074856663162584,0.07206961817760332,0.07399182136130417,0.26765948264505796,0.27516842095067484,0.8172403944497484,0.8390374030313582,0.9695406238053486,0.2259180386088377,0.26801993338713,0.7937738465523234,1.8266276141904942,1.3664574118239203,0.6459239195425986,0.8549653973607776,0.5455639847637209,1.0021864335484947,0.31772191015055057,False,True,False
D1_73_3,D1,73,3,0.3276960420194899,0.339055735035649,0.3163363490033307,Intermediate,8,0.04013926429616431,0.1546794838789352,0.1610395296126524,0.1324101148717415,0.08513892957114265,0.15722484809192022,0.22257986898547968,0.2743954507808355,0.2759342052027824,0.2665639298644209,0.2360190020920065,0.33470013829870776,0.5134743350305013,0.19018201178662414,0.564906535711039,-0.020051968301204735,-2.894123980278219,0.2643833493053168,0.060496308531385254,0.05734066501117272,0.06228218906408502,0.06851642323903574,0.23573976628903076,0.28930726700772497,0.833039413106254,0.9164238099620571,0.9048293774550525,0.2421181710684599,0.26298351620787885,0.7917885918434556,1.852732998476446,1.486873126241507,0.6722335187682061,0.8599514018874309,0.552413220562846,1.0578784554857086,0.34380325978358706,False,True,False
RD2_73_1,RD2,73,1,0.3276960420194899,0.339055735035649,0.3163363490033307,Intermediate,8,0.050762197815152746,0.20450739802628748,0.18804319826597987,0.18539792740500294,0.12228107292478502,0.22679457979980994,0.3482055928834063,0.37044442108499914,0.3327706040987444,0.3135012352872498,0.29593265301437044,0.2555907175159445,0.43677884517186955,0.15622334522766432,0.5242148717086201,0.04174865545821628,-3.562997600572473,0.20944136169236327,0.028695092215386752,0.079370896732326,0.15151639920569435,0.10184233852112758,0.32400899727577076,0.3128735147157029,0.7757654461933378,0.52143376970222,1.48091040764998,0.24383818937571058,0.46547898491862183,0.8045981722441128,1.1556955959256676,1.9732916892487276,0.710945389616928,0.8504679709727054,0.6045416327842532,1.2945495033518948,0.3983278150390984,False,False,True
RD2_73_2,RD2,73,2,0.3276960420194899,0.339055735035649,0.3163363490033307,Intermediate,8,0.053729333455499025,0.21442421156015923,0.19165276456067654,0.20938328834435854,0.12708444913557296,0.21677312311796726,0.2883446590536315,0.3229192726107712,0.32064362379741274,0.34080257965835165,0.33845410321013675,0.2377646019333113,0.4546716432021246,0.14936379445034284,0.5193747084364096,0.05581870672977409,-1.9504329253873838,0.22656866058957664,0.0034415160342104833,0.07492250656160278,0.12665643902379548,0.09847804878676332,0.298391669122332,0.32851125184534924,0.7573042097943742,0.5888199724398637,1.2802221771827604,0.24993271825722654,0.4225110656698332,0.7992150201021145,1.1131715349619642,2.1613285489786245,0.8053736899489964,0.843438692461597,0.5884542169497918,1.4204904187164942,0.5841616278132338,False,False,True
RD2_73_3,RD2,73,3,0.3276960420194899,0.339055735035649,0.3163363490033307,Intermediate,8,0.039599541963095224,0.1784700299877223,0.18931630371696642,0.13894741937460592,0.11252853363995864,0.16242400039805913,0.24990075648027596,0.26441312463538946,0.25680892755719703,0.31029793347196133,0.2672354834400064,0.3796639190888467,0.4655801320096034,0.2314421207061257,0.5997905098371065,-0.02935502678450629,-5.175853065781092,0.26847393065040703,0.07421968813051623,0.0732738533590208,0.12243712932153498,0.0960815265546739,0.3300208318372894,0.2897984430561386,0.759113376117601,0.5957079557964469,1.2684424025855516,0.22100656995790696,0.3692914832015427,0.8045981722441128,1.2156445634516033,2.026305595241061,0.8030844480586143,0.8578981595792503,0.5760615485791929,1.3025359040841697,0.3824064391173082,False,False,True
CK1_1099_1,CK1,1099,1,0.5283258341525979,0.3479699142318796,0.7086817540733164,Tolerant,3,0.032749775301305836,0.1695611408398097,0.1648776411743058,0.13814064826518901,0.07047511645273317,0.16320638821457054,0.29258449630655864,0.29173087798915853,0.32006865918639993,0.3500771210944911,0.3279865899847355,0.4407695554538049,0.6750560008390909,0.27607680870587176,0.6599535760475302,0.01421913998544057,-3.332873806912567,0.35272318059338403,0.03307920966047455,0.07245847333209016,0.1144554322373689,0.08616249716765348,0.3237083219489021,0.2702613128641493,0.8538672787421266,0.6427946281747681,1.348769080654834,0.22727663165053016,0.3590062544347611,0.8257404154830882,2.5445564470478343,1.3764427384148605,0.6572416488683713,0.8950358223485595,0.5170713883612208,0.9992902790677657,0.2818722790620973,True,False,False
CK1_1099_2,CK1,1099,2,0.5283258341525979,0.3479699142318796,0.7086817540733164,Tolerant,3,0.0432126173220975,0.233275703607833,0.16128473950237596,0.14614652547506551,0.08436352701887295,0.17976055549530215,0.3733477236945012,0.4000757042001746,0.4420050395875138,0.42329457127521625,0.405828597353192,0.4941769481168402,0.6778904263793284,0.3532682170586023,0.6777162707265802,0.18526096266633307,-4.749245087909484,0.29385628127137825,0.021389135207967664,0.07364130032324209,0.11446329980575189,0.08688289459575657,0.33081178573357695,0.26666915035657845,0.8606104911750397,0.6532428362690025,1.3376775835699564,0.22602680400696176,0.35132152362360375,0.8315787276737158,2.9216691079522894,1.3381524358544943,0.6606318185558759,0.8814948866832443,0.5026984226977244,0.9764559075234154,0.2649739322898159,True,False,False
CK1_1099_3,CK1,1099,3,0.5283258341525979,0.3479699142318796,0.7086817540733164,Tolerant,3,0.03457360346576764,0.18003209893373706,0.14931097224379686,0.1334938061489469,0.07985258832984048,0.16529474012421577,0.2879997962730681,0.3633759136111313,0.33544802713339633,0.33716033057241945,0.3154052103168072,0.43937692128770733,0.6265025081826929,0.27293418428174393,0.6527809366560878,0.09471266952968387,-3.9399565363057234,0.30847610819378596,0.033849855636640745,0.07185703312546202,0.1084892747065584,0.08121018197177512,0.31424940691232206,0.26239495836972093,0.8984176330949466,0.6725149531193126,1.3564250172683001,0.2321743746625312,0.350535339645987,0.8413374523981461,3.9952952336392697,1.121314136565785,0.6254440007344902,0.8951424350059535,0.4470765122091428,0.8599920418908756,0.2087594627424068,True,False,False
D1_1099_1,D1,1099,1,0.5283258341525979,0.3479699142318796,0.7086817540733164,Tolerant,3,0.032518914071103695,0.13897568531692436,0.14033162140716715,0.1644892910225539,0.07836665529574693,0.1645908268867387,0.30179747460407225,0.33035601442025103,0.3537001404353919,0.322165348124097,0.305778112593943,0.3289761039531818,0.6180357810567774,0.1923726554148736,0.604319749937186,-0.004929199463734294,-2.634178710310789,0.40335427493759074,0.02649748305337513,0.07557141840034509,0.09112102192628319,0.08415418806606416,0.27377772600595496,0.3121023880045408,0.9118036121589317,0.8420899046335762,1.0994166669712637,0.2802714955686114,0.33794026410523215,0.8292950408872691,2.1299326622835926,1.4903924119116727,0.7027594121780228,0.8719721388283544,0.5252636403365328,1.0531364513693018,0.27862041598647436,False,True,False
D1_1099_2,D1,1099,2,0.5283258341525979,0.3479699142318796,0.7086817540733164,Tolerant,3,0.02771909052040805,0.12970422395945277,0.0662590138775484,0.1342122367857985,0.06119986039632636,0.13431377264998332,0.21151688744280828,0.21966916889038693,0.24870350091693552,0.25068965209262334,0.24911783896685463,0.3072636263889324,0.6168854346618673,0.15866767618984967,0.5881890763645862,0.3287333023183877,-2.0904085059042306,0.3229379011956486,0.003193137495623463,0.06754917282538637,0.06484943657818634,0.06702842095926603,0.26264719743042314,0.25912283515666196,1.0232470837369354,1.0576288691094107,0.982350990916564,0.26113599163612344,0.2506991754238661,0.822789984278729,2.003599483712296,1.6093896242956158,0.6530546492260466,0.8783181303399059,0.5640193156077462,1.1627820461250808,0.42532958721700004,False,True,False
D1_1099_3,D1,1099,3,0.5283258341525979,0.3479699142318796,0.7086817540733164,Tolerant,3,0.022581774025256695,0.11631314604312029,0.08646606780018426,0.11218466345351506,0.0789948270627873,0.1122861993176999,0.17693199436267085,0.17492898077527047,0.17307873111990793,0.18935961376251542,0.2158279366989664,0.25986317308860385,0.4175814625771683,0.11466484185494889,0.5615736513138037,0.1494506672470364,-2.9961385862110155,0.2426397506859978,-0.06632691550224708,0.06747397223774768,0.06821688320192307,0.07534718144001114,0.2566735925232124,0.29806109398200226,0.909261360674106,1.0043009515204886,0.9192726318612489,0.26691596946471463,0.2698548034128648,0.8138374146802474,1.848150896086001,1.5422208296966822,0.6748284512123481,0.8809157561986345,0.5524837132600814,1.1056916451613739,0.3521530835547133,False,True,False
RD2_1099_1,RD2,1099,1,0.5283258341525979,0.3479699142318796,0.7086817540733164,Tolerant,3,0.05829352377374282,0.17459546088404113,0.2012938000128447,0.15832279281837827,0.13658928239234888,0.20140715420918054,0.2656296279651473,0.37324438511096975,0.4143449991737374,0.4050577263446573,0.362128324575646,0.44468070590866615,0.503264580404587,0.3239844645964525,0.6249595392890188,-0.07211802030582552,-6.028581120499618,0.40369285974795915,0.05681638634785382,0.09461808673817572,0.16551181264268078,0.1183761138019669,0.3014097111508128,0.3987735154180512,0.81157666759587,0.580449760363771,1.4196601303511909,0.318739869546938,0.5575595046239726,0.8207313128499703,1.4411035144064626,2.209041525464876,0.8144375935055359,0.8566005491376626,0.5500819376999032,1.4520381882850524,0.4140575128664468,False,False,True
RD2_1099_2,RD2,1099,2,0.5283258341525979,0.3479699142318796,0.7086817540733164,Tolerant,3,0.046103266733177224,0.16930497267626535,0.1442050770437233,0.1510587709608171,0.1095291528256576,0.19414313235161917,0.22708201185809146,0.3085846733992782,0.3350694395810871,0.4715294929447769,0.4334252025637468,0.5226451185113163,0.6325698383514644,0.397311451911584,0.6938135847158994,0.08129052307732729,-2.8740527109089835,0.4788542047080207,0.0427529916332354,0.09067842058850811,0.14422295233856794,0.11090033939503961,0.3028798749318905,0.3717764938202979,0.8302149334406228,0.6383943499695671,1.3204470038106146,0.3039855915271054,0.4834854775137235,0.8207313128499703,1.4119655418260897,2.1477054021752275,0.7526925063184753,0.8769782329914227,0.5660258888175923,1.445593342227454,0.43672263258205635,False,False,True
RD2_1099_3,RD2,1099,3,0.5283258341525979,0.3479699142318796,0.7086817540733164,Tolerant,3,0.06871981200307291,0.17884521125197414,0.22001988019023502,0.19895276200430806,0.18484247516443794,0.2980892678214958,0.35040177216798973,0.45879806358085484,0.49076485397167835,0.38769527408767246,0.3480152934101195,0.32667175018851535,0.3597463095530987,0.23018632675452405,0.5520763251277648,-0.10481502848468414,-11.913440603172445,0.374302846134006,0.05476258336317216,0.09224208303203958,0.15169650719783107,0.11084636044867867,0.2806743308839226,0.400994311107213,0.8449424562409219,0.617409047947513,1.3895481886546681,0.33369206161399023,0.5487725186009007,0.8207313128499703,1.5876620730352418,2.0004078880904355,0.7634976145321436,0.8884687082883386,0.5389778627750237,1.3829651871609607,0.36610484066888177,False,False,True
CK1_1110_1,CK1,1110,1,0.22321650706773,0.3435036429518976,0.1029293711835625,Sensitive,11,0.03785902395136725,0.15335905968478744,0.0953071202981385,0.10497195085253853,0.06023024475923478,0.1280224539319222,0.20648805069656867,0.2257243127866329,0.19549737517240237,0.2505776844196032,0.2136983157436862,0.40741088783225,0.6092693649573607,0.22757170450368738,0.5951956437205432,0.23224929385558032,-3.252077648417004,0.23943658216917332,0.07902447796921139,0.05267455185978323,0.06382872488239665,0.050511386199885724,0.19601268806837996,0.2563654493394918,1.0374470818746628,0.8209922778905712,1.2571331322437105,0.2673443786090401,0.32395625949539747,0.8221545397358722,3.5265320132323543,1.1868638521495098,0.6404603485050097,0.803126538550408,0.4524682506624098,0.8893731766464766,0.22344854609871012,True,False,False
CK1_1110_2,CK1,1110,2,0.22321650706773,0.3435036429518976,0.1029293711835625,Sensitive,11,0.04049672971231978,0.11760999752156302,0.09296561319154818,0.06679414942857102,0.048287854735832206,0.07754373166789294,0.13825690847191155,0.2030180503511523,0.1856673088981604,0.18209493746914135,0.16074471933150114,0.4608725193125994,0.5778078749753165,0.22509460589193583,0.5659867885384527,0.11642983873143786,-4.836465270277988,0.21405175721281525,0.06195347295296392,0.05350862985785526,0.07091307432664837,0.05869918914836755,0.18283430808312442,0.31939550609018347,0.9068722644850287,0.7506749228886559,1.2018453932952267,0.29115250417589916,0.3858540056783823,0.8254430473567441,4.070415248851448,1.08942177885575,0.6071690448842978,0.803126538550408,0.4368879095141094,0.8370113018414594,0.20142938568491348,True,False,False
CK1_1110_3,CK1,1110,3,0.22321650706773,0.3435036429518976,0.1029293711835625,Sensitive,11,0.03479844936626947,0.11437413402275898,0.055742437155866284,0.0604207435228404,0.04039789713343938,0.07820916436860194,0.15468183352545603,0.16645440896466496,0.16223975214616618,0.1672834472901793,0.187455983594772,0.46688457546293255,0.6078117232423039,0.21032435764345386,0.5788287197522445,0.34287848476374755,-5.678240322450802,0.1868809662878297,-0.05657250802232567,0.04630835392247506,0.046392587969657166,0.0479522015802698,0.1693089041395627,0.2817624690530124,0.96073847562713,0.9930363245980515,0.9624860413087157,0.27210338021989755,0.2725983312822096,0.8196121640962061,2.9475197785573566,1.2474248979574214,0.6328332215860122,0.8163098392164229,0.4827971339725547,0.9210437532580992,0.2378146674347158,True,False,False
D1_1110_1,D1,1110,1,0.22321650706773,0.3435036429518976,0.1029293711835625,Sensitive,11,0.03342253198878117,0.14173453921606333,0.13026285188903625,0.13549773212224325,0.09285828752859945,0.1629824721493884,0.26273882508646873,0.254493697079937,0.22110927455655166,0.24867339646751604,0.26311533094522543,0.2930776637671596,0.4538715492525191,0.15587259368328554,0.5574097651667473,0.041958210237175365,-3.963569524576572,0.27250300387780596,-0.028073014260355245,0.05770388541567725,0.08379891456929132,0.08368431412163758,0.22377944978758763,0.3720302474779048,0.685986212975517,0.6850480823636586,0.9962050153598369,0.25653064133891684,0.37253971969320815,0.7901879989161299,2.339524335260943,1.3092077587668982,0.6159477268435251,0.8377916196351513,0.5291790929158828,0.9695946404836774,0.3050229840480914,False,True,False
D1_1110_2,D1,1110,2,0.22321650706773,0.3435036429518976,0.1029293711835625,Sensitive,11,0.024589602875067798,0.10962123744211508,0.07454157422587687,0.09069755561192987,0.05261837842179939,0.09172293245937965,0.11953566795609225,0.13143679357813431,0.11466932168411374,0.12906694043128172,0.1399556971774955,0.17369275210763727,0.41860448502464326,0.06431926521433015,0.47295405903575694,0.18949941351263913,-1.7482566109844482,0.08104890109753478,-0.040266498081778,0.054412113859694675,0.07958218998569676,0.08002047724652823,0.22097554768171318,0.36025607252041136,0.6764704845936902,0.6801960467503557,0.9893936994153287,0.24496597759890906,0.35828288199898484,0.800925250600829,2.4507228715267226,1.3214194521926415,0.6789046853466432,0.8452805739650366,0.4969434278759885,0.9664541458642522,0.2897942996120136,False,True,False
D1_1110_3,D1,1110,3,0.22321650706773,0.3435036429518976,0.1029293711835625,Sensitive,11,0.04638464769181167,0.15368509371719213,0.1674146021674021,0.14157275782952708,0.09873128829519942,0.16738008892954795,0.23915512118402174,0.2811678992850124,0.2764924469629143,0.28344321045321264,0.2647196781862604,0.33207876022059873,0.4808256362740143,0.19824671152200962,0.5548873085666057,-0.04253725751041802,-3.2608502625792957,0.2953112538420573,0.0339807175628871,0.058187549025264435,0.07472590880368304,0.08537342064210131,0.16359463033374613,0.5191681358355922,0.6780500825453633,0.7746637790117068,0.8707689098679015,0.35384691311514865,0.4544190742323022,0.7999470387823566,1.7740668315778603,1.42642785646619,0.6734385777213614,0.8577547953100931,0.5394508431904894,1.018693190504822,0.31684174362217327,False,True,False
RD2_1110_1,RD2,1110,1,0.22321650706773,0.3435036429518976,0.1029293711835625,Sensitive,11,0.043812072346488116,0.1628986176739438,0.12897440970983945,0.1376160909632972,0.08992152508595312,0.13771557522745803,0.19083543492439778,0.17791749446261293,0.16405770503740605,0.19598044907019588,0.21177791995521278,0.17405262108444056,0.3690493581841686,0.08599791366036048,0.45379244583511236,0.11562989892040271,-2.10492451291617,0.09170558992183167,-0.03854242820254227,0.06810577035718657,0.09811118284466709,0.0929574681359554,0.3073305626234664,0.30090744095948696,0.7288766118211376,0.6905892117261164,1.0499983504854253,0.2204613946970089,0.3175902437028404,0.7548471391987914,1.1870003497666564,1.5832826683837034,0.5901810013981215,0.8647363840183749,0.7017022517391527,1.6149541244155488,1.8834292177766132,False,False,True
RD2_1110_2,RD2,1110,2,0.22321650706773,0.3435036429518976,0.1029293711835625,Sensitive,11,0.03363496885069227,0.17237560329402396,0.14724299241458286,0.14616438536962487,0.07062445841573765,0.1462638696337857,0.21009877718825867,0.18567066319994227,0.14174685094645895,0.1462638696337857,0.09971120045221576,0.00033844605105410073,0.34694956758654405,0.00014011988261530503,0.38316418205578995,0.07822759165374615,-1.8368431834945413,-0.08152494681442424,0.18828160247130435,0.0688596007189864,0.10090383758953032,0.09377357644943386,0.2888341308453158,0.32298797999690204,0.7305305993489506,0.678908440435204,1.0704874873107426,0.23717580348033018,0.3475470160248392,0.7220064331039115,0.586930961026058,2.1387366082079997,0.8194850063007859,0.8158359993508271,0.6346874977318989,1.6149541244155488,1.8834292177766132,False,False,True
RD2_1110_3,RD2,1110,3,0.22321650706773,0.3435036429518976,0.1029293711835625,Sensitive,11,0.041667468894956684,0.12985920174855137,0.1350327056040728,0.12581168194524728,0.09752066275576415,0.13052242965057714,0.15907199212261858,0.19864847066494964,0.13553342343908723,0.22679850827959686,0.21507344163767506,0.2849208668237999,0.3965572337038874,0.15094003247694968,0.5223225457429901,-0.01942989610933551,-2.164428467812837,0.27039750732016943,0.026398136995664935,0.07137491630491857,0.11506186863367786,0.09391383467640434,0.30755170502221085,0.3037846508966003,0.7560846647441304,0.6171185212195188,1.21886677945894,0.23087763487855376,0.3721925498498937,0.7398695272085607,0.6905434736344617,1.637739270259504,0.6042453128986818,0.8588629436003901,0.6359476317446027,1.0587843509119115,0.5693601242949332,False,False,True
CK1_1210_1,CK1,1210,1,0.3561671112879607,0.3130108635819076,0.3993233589940138,Intermediate,7,0.028297460442121947,0.1790285201565069,0.16608851689810533,0.15545359713969853,0.09165476604868374,0.1857950749798105,0.2705194257629304,0.2862566577145112,0.3233747793308579,0.2902305650383694,0.3311624044161373,0.301871113234497,0.5190705839752494,0.16742417158482736,0.5866732210275294,0.037428382777487786,-2.7986261998972046,0.23655555978376153,-0.06575488186683792,0.07878272921873507,0.11810834887992976,0.09518512802682152,0.3086610721505206,0.30783664262407817,0.8262186593089157,0.6658608779674462,1.2386385015151171,0.2547899168935657,0.3819722506947283,0.810642446933281,1.93449389955397,1.5127288003013268,0.6758720844070703,0.868265368773045,0.5341697609469871,1.0488071368567202,0.3036672751448784,True,False,False
CK1_1210_2,CK1,1210,2,0.3561671112879607,0.3130108635819076,0.3993233589940138,Intermediate,7,0.03608527817273524,0.21941356382332752,0.17702320717154477,0.15746543531177187,0.08833578970915161,0.1898384661675123,0.3204793157915957,0.39452520402408814,0.3964101261359666,0.43064995531798295,0.3755772421305533,0.46368881230370135,0.6584192474993087,0.3241767922685352,0.6697130075976253,0.10673975859711318,-3.352164503004654,0.3243739887316861,0.06818865183240011,0.0838382035671746,0.14386854684463393,0.09457222556886684,0.3304166386983597,0.2857161414445876,0.8849351178933551,0.5817135534417355,1.5185717733216018,0.2532871346187778,0.43464733786724646,0.8149762222991416,1.951345503772195,1.509648411456605,0.6945834570996448,0.8633906513466156,0.5325698110294388,1.0466311997008864,0.2928979166140574,True,False,False
CK1_1210_3,CK1,1210,3,0.3561671112879607,0.3130108635819076,0.3993233589940138,Intermediate,7,0.04414384319617157,0.23475267921835297,0.17610176032054753,0.1600313252097464,0.0958840248920973,0.19404619694094163,0.34354583464027505,0.319120495264194,0.3544595157183573,0.38599950635697966,0.3703967634131466,0.4131076144602863,0.6009825974731421,0.2800930472509057,0.6249693066568712,0.14250165637179912,-3.8540179697260166,0.2432210121097466,0.020591341961836998,0.07635462798976274,0.1293884454881327,0.09254089032403835,0.33444050439926054,0.2762153943806451,0.8236349508648821,0.5890781931176137,1.3957090584789422,0.22790275314113054,0.3861977162058879,0.8109278221611514,1.93449389955397,1.5127288003013268,0.6933911200727024,0.8744045180233947,0.5341697609469871,1.0488071368567202,0.3036672751448784,True,False,False
D1_1210_1,D1,1210,1,0.3561671112879607,0.3130108635819076,0.3993233589940138,Intermediate,7,0.03543164184356801,0.17664570074211255,0.14188917131178433,0.16206957478076234,0.12048897170301986,0.20981522783499937,0.28162152913463406,0.3092178509628678,0.310499226322693,0.34406901017523117,0.3077227487997048,0.35894976225716785,0.4804256385491793,0.22166870779792347,0.6087123827950914,0.10892121961136414,-3.8683485028822733,0.32095869899321955,0.05566522337995517,0.07539614920963762,0.10933854143939457,0.09670758874215737,0.24175888470408902,0.39931092018012915,0.7782545811549026,0.6883494419186178,1.1286149447155958,0.3113148214170549,0.4514648143045393,0.7636055403388696,1.6087553202469966,1.534558706345641,0.5914144161858514,0.8563378568177694,0.5841088549184662,1.1093645509306282,0.4909058410877726,False,True,False
D1_1210_2,D1,1210,2,0.3561671112879607,0.3130108635819076,0.3993233589940138,Intermediate,7,0.04102277052259764,0.17609218095577012,0.1481976463207335,0.14089625693906538,0.12301475620171837,0.1886419099933024,0.24726087539381636,0.2456090021918389,0.20646381542866094,0.23507141706032483,0.24558759067499678,0.2500454392691487,0.31237998577483483,0.1327050650462357,0.5152205634759146,0.08586553315921745,-6.936045700158396,0.14319160642247478,-0.021840055501941763,0.07961615931084587,0.11840748885117874,0.09709769692522678,0.2787120645118738,0.3477652924127549,0.8185126013498963,0.6712049151717553,1.2173159639676858,0.28515338468675133,0.42408848292149137,0.7855264392606567,1.741438473690071,1.3712373715733277,0.688760857823964,0.8580903149596939,0.5452428271553553,0.9693932668113069,0.31790363107607184,False,True,False
D1_1210_3,D1,1210,3,0.3561671112879607,0.3130108635819076,0.3993233589940138,Intermediate,7,0.04393031414861504,0.1978967563081191,0.14879425931779897,0.13751964517374188,0.12099491103100864,0.20527053828213393,0.31926537908706926,0.3092885303069184,0.3348503156594552,0.306364354396134,0.3287261589719785,0.3797091318077074,0.43299023046908497,0.23406151327556735,0.5901789996151031,0.1413819822238584,-11.977236615952814,0.21472253364717397,-0.035148297861372434,0.07922145866248058,0.1155744463924416,0.09529260706518232,0.2670866514822,0.35615586565115187,0.8298826810527209,0.6842488691814013,1.2106976197191393,0.29608999120763785,0.431959186234632,0.7908382360020721,1.6523986265455441,1.5281738802102045,0.6915865539727245,0.8599287322826306,0.5533562646921772,1.0462390144260147,0.35643594319542105,False,True,False
RD2_1210_1,RD2,1210,1,0.3561671112879607,0.3130108635819076,0.3993233589940138,Intermediate,7,0.048420511844740936,0.18069756912496499,0.1821932852370957,0.18638007778770427,0.12286305242820746,0.20048558417991544,0.2612219280928794,0.3108852476277933,0.3021795147348148,0.31575832827387296,0.29185949399408617,0.2571999680668958,0.4390003533413583,0.15604453120077114,0.5314593263571546,-0.0041143972843167,-2.174452624030456,0.2715698724506563,0.03926262118124512,0.06939577271294504,0.10351818611357583,0.10206773878589605,0.2707089654002569,0.37637340688014503,0.6786996074349938,0.6691899930579407,1.012421211422878,0.25589597369095907,0.3817219117918115,0.8068905135303883,1.3610207435933364,2.0722416607243757,0.7947698992907712,0.8585314620303043,0.5563440870544006,1.3425119234611382,0.3450522859398684,False,False,True
RD2_1210_2,RD2,1210,2,0.3561671112879607,0.3130108635819076,0.3993233589940138,Intermediate,7,0.0496263863792869,0.20563113242401085,0.19654296091414328,0.20050605646978317,0.1537519299773803,0.21461156286199434,0.25850231509190486,0.31295496583488425,0.3349894994563001,0.32905219861003093,0.28845559706528134,0.24231392969296484,0.3624471442709627,0.14864670153892015,0.5267273330179585,0.02255773543522507,-2.2364992544846904,0.2304229459029826,0.06562666127762158,0.0718984630777794,0.1151875031235449,0.10163244065157287,0.2861038622598139,0.35460243236589034,0.706187990046653,0.6230850313561068,1.1313737154758252,0.25085858144601364,0.4018969585291611,0.8068905135303883,1.6087772862847334,1.8399106317094447,0.7572750591086441,0.863666829876577,0.5321174623930159,1.2475414857845328,0.2918121617398157,False,False,True
RD2_1210_3,RD2,1210,3,0.3561671112879607,0.3130108635819076,0.3993233589940138,Intermediate,7,0.04826949024912336,0.18211316406484387,0.18390248716378238,0.17004497608418437,0.12872052434695982,0.21140844574649806,0.34784320277494335,0.33876919196389055,0.3059557884476098,0.3603839192490029,0.328568018505506,0.3582065765545011,0.4728124282641584,0.23551751433263335,0.5873808020910284,-0.004880026581035852,-5.293139068150799,0.3280316681890055,0.04609866759744562,0.07523061874175932,0.11830034777676553,0.10348712358241327,0.3031425772538644,0.3407787089021969,0.7256737163266301,0.6348069721044651,1.1411238462438125,0.24773123686555862,0.38955802792163113,0.8068905135303883,1.2691386977217964,2.1164191340109935,0.7392790886322349,0.8556310328903467,0.586712633842942,1.4705314550632897,0.6374617307070901,False,False,True
CK1_1214_1,CK1,1214,1,0.4224687599365873,0.5934904367373185,0.2514470831358561,Intermediate,5,0.04271377130171768,0.17580140903342878,0.15706056004659388,0.13891271505008834,0.09052247246467547,0.176445682931428,0.2988542846583121,0.3558978478456845,0.34768493206662715,0.3497545178119194,0.30325185490504053,0.43571890280929987,0.5946009471942624,0.28423776801371037,0.6345205525409805,0.0568575291083764,-4.347711245445322,0.33425364793497975,0.07191563217888854,0.06724708253236923,0.11476917155242945,0.07904113313090551,0.32289893851591217,0.2472005538790893,0.8591780803636538,0.5917129847815147,1.4663410334846703,0.2103147486666612,0.3589397273571166,0.8305722162679026,3.198976280105674,1.2013042155708682,0.6196989620170583,0.8902983644434723,0.4816860321501372,0.9051375838795913,0.23414495431217275,True,False,False
CK1_1214_2,CK1,1214,2,0.4224687599365873,0.5934904367373185,0.2514470831358561,Intermediate,5,0.045145765586049186,0.17359392397977805,0.15872264885938353,0.15371772088297656,0.08992118059653895,0.18289054624719348,0.3089729039279641,0.3342888799003142,0.3169325649314067,0.3576929014859446,0.3349904224854175,0.40278239613285655,0.6041209098301373,0.26391426528271045,0.6171755011079503,0.04519174456837418,-3.4674678804719523,0.3499332650685868,0.033097976979702314,0.06116223549268232,0.11161181428369855,0.07867509343338382,0.3204705870834236,0.24792024394681117,0.7850710847711958,0.5533960841512724,1.4326357989885448,0.1927338841550574,0.3517101412531569,0.8266419346753627,3.963345086437018,1.1030362583085058,0.611490617433034,0.8716791406187648,0.4712625978432556,0.8588843610402118,0.22416705653073168,True,False,False
CK1_1214_3,CK1,1214,3,0.4224687599365873,0.5934904367373185,0.2514470831358561,Intermediate,5,0.04008457830526267,0.1932266362543358,0.15842057373315022,0.1352399463758155,0.07805631527437377,0.15657035075202652,0.28000107641184535,0.3517692623654067,0.33301860390192267,0.3565078529637283,0.3344243023559049,0.45440060528108867,0.6470809371741925,0.2975884429091044,0.6498137472670672,0.09995640295226789,-3.5663483551834734,0.2999481188650675,0.03227724028252364,0.06498899339827345,0.1283826550238084,0.08589872285860747,0.3199343286807465,0.27113698594147895,0.7640398353727654,0.5112064872391288,1.509324232920263,0.20513599274791583,0.4052363640797952,0.8357466321377102,3.559032909806002,1.1916928423391735,0.6487422569998315,0.8899146161157562,0.45777977593792196,0.8951452939195258,0.22237802286809924,True,False,False
D1_1214_1,D1,1214,1,0.4224687599365873,0.5934904367373185,0.2514470831358561,Intermediate,5,0.0318906151266543,0.12972889898002662,0.08059371500744598,0.07965750218503134,0.07152951270206899,0.12557938480631745,0.1690657145972933,0.2277412403477361,0.2698516673978472,0.2535939302274943,0.24342370563605994,0.5270859278103585,0.5655092198919148,0.29232028057965637,0.6718356749859803,0.23592258321838966,-12.11840915905343,0.32632243338197786,0.02066434498522924,0.05704901105506827,0.054310647415858664,0.0655951976732903,0.12611792963457452,0.5252403855182828,0.8782920947470443,1.0607817489314082,0.8361339031784129,0.45680851072733414,0.4348816132628057,0.8274124487923568,2.475579671318553,1.4613509104094096,0.6756386532807847,0.873581779150234,0.4982119437320418,1.0577147392514246,0.30723254386079984,False,True,False
D1_1214_2,D1,1214,2,0.4224687599365873,0.5934904367373185,0.2514470831358561,Intermediate,5,0.06101380919905641,0.17126072007676138,0.17652869724700412,0.15933209199213594,0.12743895428702914,0.21620304194553963,0.3273181099440923,0.3946218219543322,0.45100404839316377,0.43162035931127973,0.40810190174340527,0.46530668188855695,0.5494620142311919,0.354371230626824,0.6333203623377702,-0.015296441862464639,-6.328971774824836,0.4361188979847708,0.028283689988387328,0.0604438326221185,0.05974528999117206,0.08112799437575159,0.16596485428418195,0.49364814534449236,0.7523919728095703,1.0216713605420806,0.7436966627110997,0.3677890240109278,0.3635385272882597,0.8274124487923568,3.4160772541402724,1.3671474283819247,0.6885312506066832,0.8730347694725685,0.4544792212971514,0.9900222782838511,0.23664744072491742,False,True,False
D1_1214_3,D1,1214,3,0.4224687599365873,0.5934904367373185,0.2514470831358561,Intermediate,5,0.045365150159465635,0.15070197581403472,0.12023607484972113,0.10440855391526131,0.09453100854935234,0.14951900194487935,0.27656784451560573,0.2986693918372034,0.30465498142192854,0.3372185053636886,0.3322973981095849,0.5323641034743296,0.5676471269931924,0.3598651214682454,0.6673780430029845,0.11355517301171313,-18.611147413859932,0.3860389953108445,0.007422749974201006,0.05983886408381266,0.058234461511513555,0.0756924984354526,0.143449877561851,0.532862990351548,0.7983501274580593,1.0376865206771997,0.7769447245029667,0.42125595949420586,0.40996122395139567,0.8274124487923568,1.8546451421889647,1.4710989033831912,0.6333674284975029,0.887136246163917,0.5406851413193849,1.0478661117342125,0.27905583456791094,False,True,False
RD2_1214_1,RD2,1214,1,0.4224687599365873,0.5934904367373185,0.2514470831358561,Intermediate,5,0.04993327037317881,0.19159064383207278,0.09916039999226263,0.11376391386930222,0.07553048378245353,0.11386490027133277,0.1413397305302708,0.15067969095244454,0.1346529044305142,0.11386490027133277,0.11224448547129393,0.0004480211975381184,0.20440069394660634,0.00017806540165516064,0.28362952646712436,0.3210374634659948,-1.7382272665202336,-0.25696843080035914,0.007237198926635033,0.07646379487084944,0.041722098383319084,0.06492974110353338,0.1713536908765885,0.38266003500783385,1.1892552451865492,1.8507706491591567,0.6489113498271795,0.4506353779457595,0.24588700580992082,0.7554784754249043,0.8427055302968924,2.001749559693923,0.702456667098572,0.8435720965911432,0.641504804217319,1.3458585360061397,0.6536648876790747,False,False,True
RD2_1214_2,RD2,1214,2,0.4224687599365873,0.5934904367373185,0.2514470831358561,Intermediate,5,0.045611220732252614,0.12748617965069034,0.07920905050823382,0.08551708219052136,0.06062916968417059,0.0856180685925519,0.10529842243715834,0.1452067398907596,0.09421276346285902,0.2260936526024407,0.210039629281349,0.4555787226176118,0.5827810515610339,0.25224882919347813,0.5849051198603487,0.23587063747575066,-1.81252129284437,0.2816341034051824,0.03717299551030263,0.07582466652414942,0.07110652541326003,0.07586729360211192,0.17927146986955173,0.4273722424393966,1.0092966130313363,1.0768716657242543,0.9464937803738667,0.4271321174918398,0.4005540961737026,0.8031788748755438,1.385723439904255,1.7007343418414034,0.7418020914008026,0.8414794339268437,0.5727414799680268,1.1367242460148097,0.4089457588055577,False,False,True
RD2_1214_3,RD2,1214,3,0.4224687599365873,0.5934904367373185,0.2514470831358561,Intermediate,5,0.058913198919512556,0.1454165682313437,0.11248453962848025,0.10352001008106586,0.08170041088396016,0.13102125302451326,0.20680273650110853,0.2521231254968001,0.19755034393136647,0.15432354858570288,0.17113155274876785,0.19897594450378342,0.31072902064723973,0.09547124154928735,0.37368193238220376,0.1289520276382541,-5.790039355936335,0.030008792556432323,-0.052154040857117,0.07194543159138714,0.08461526799121544,0.08445116319586732,0.18079900711922642,0.4717071874214808,0.8603209233967916,0.8586523972282767,1.0118263784296233,0.40185565123700406,0.4726238048904019,0.8001174486336131,1.4970076497640714,1.6198386234592763,0.7000021364936633,0.8503690424833652,0.5730332184627815,1.1044161690332988,0.3974690764239065,False,False,True
CK1_1218_1,CK1,1218,1,0.2061603258263428,0.3093793559901545,0.1029412956625311,Sensitive,12,0.03116843181506482,0.13912939245715866,0.08552653886473179,0.08324704688592166,0.07034256482597824,0.12990984890359453,0.23435324879862973,0.2970578273263181,0.23680653603880505,0.2734152326719455,0.26791208984973486,0.521633208653291,0.5779409479266169,0.3065098783491603,0.664485363283391,0.23342887163178525,-12.434150356614081,0.3184518948063525,0.009945700706627269,0.05644542041433085,0.08575101064171496,0.0666907896638086,0.26935263891193917,0.24223069466625777,0.8280325351295444,0.6439824235290948,1.257934234706356,0.2050180162300915,0.3114602028374012,0.8126205142279911,4.2042224405469835,1.122507277728112,0.6353474534922949,0.7900317104891769,0.4191448647867338,0.8491616758268009,0.20626113370751897,True,False,False
CK1_1218_2,CK1,1218,2,0.2061603258263428,0.3093793559901545,0.1029412956625311,Sensitive,12,0.04086750248827898,0.16734630052137628,0.1195267081143851,0.11731259804502141,0.05007935281847824,0.12783776780296568,0.17829994323243836,0.24464632341693315,0.2735563309404567,0.2937840843764444,0.22993499383988072,0.4199669567976107,0.6933659507066994,0.2585338878263461,0.6018910444248541,0.16308001079683007,-1.8657706130367933,0.2682487365027573,0.11927265053868623,0.055637561380173325,0.0802077872276071,0.059284477640992726,0.23106322191007483,0.2510121377851668,0.9181457703274211,0.6786347597536632,1.3236101432833824,0.23557099225470857,0.3396020162467998,0.8104633447266155,3.3404471157762665,1.2225052680434993,0.6550885290762802,0.8070228907333088,0.44946025746683765,0.9004576129387111,0.22666586737740338,True,False,False
CK1_1218_3,CK1,1218,3,0.2061603258263428,0.3093793559901545,0.1029412956625311,Sensitive,12,0.03257552577088694,0.14840872420680828,0.12682179521454293,0.09912655957861582,0.05978646800841684,0.11064689572197185,0.24416670644711555,0.26269329561761867,0.2649571219511713,0.26731453500746516,0.2750935153533726,0.44902996197618383,0.6206968119230474,0.25772901984436125,0.6267085867646853,0.0767324072083299,-4.5852556710478805,0.27982293333375713,-0.014030756811888161,0.05296675609626213,0.0759052738393578,0.061307759405161186,0.20344306580093588,0.29482010880799187,0.8452252848626147,0.6826781039363007,1.2112702651989207,0.25470943559212456,0.36501743514273605,0.8074508589692787,2.7876622060297365,1.2661383152971384,0.6633064855342263,0.8330659860798002,0.4640707882197124,0.9228589472031007,0.23711968737722328,True,False,False
D1_1218_1,D1,1218,1,0.2061603258263428,0.3093793559901545,0.1029412956625311,Sensitive,12,0.043411862152130935,0.17522769089923762,0.17848814588474662,0.17755826284808757,0.09360315372793669,0.17765609566306304,0.27036277665450625,0.28025879616511834,0.23123839280550262,0.29195981524787246,0.3057135048855538,0.23837688959495662,0.5033105386721181,0.13920342575557212,0.5178958390976123,-0.009017958939734639,-2.0597783370546243,0.24444644110656708,-0.02251333844103636,0.06471985016092256,0.10348648886680702,0.08680773917578873,0.2895867847999172,0.29326771552194175,0.7293963855090128,0.6118407522939842,1.1662986045360735,0.21864689468735582,0.34961452130318776,0.7759220797115529,1.9273024599755257,1.312484202575262,0.6429358159840204,0.8317285158067558,0.5274452726544439,0.9583837967040063,0.331257009737507,False,True,False
D1_1218_2,D1,1218,2,0.2061603258263428,0.3093793559901545,0.1029412956625311,Sensitive,12,0.03697079205541255,0.1792973854263887,0.19704302015408984,0.19144461635332902,0.12059778960208714,0.22010771972272203,0.271707549430605,0.2846387751843247,0.29730138692559316,0.31074618153081424,0.30758327217772397,0.23241381560960592,0.43127419614520307,0.13505922429302486,0.5333474275322604,-0.04613125172700327,-2.086683888697754,0.26242576400556505,0.005004392458105552,0.06651136949149467,0.1079877844106676,0.08960364881233494,0.29211447204899593,0.30009390260490226,0.7261974913271008,0.6025676454839766,1.1790534269938144,0.22275495142058999,0.36166468762143716,0.7754264627296457,2.577133944208057,1.205523997271626,0.6256679569005396,0.8135390304752919,0.5023661390173108,0.9037730694167522,0.30635518135910256,False,True,False
D1_1218_3,D1,1218,3,0.2061603258263428,0.3093793559901545,0.1029412956625311,Sensitive,12,0.04354117986624838,0.19306451001813674,0.2201574102411952,0.19295205371162305,0.10347927203427897,0.22251972650816806,0.3155654874277683,0.2763934447310298,0.34714996606512416,0.3278481606218694,0.29247388095497395,0.2534036181740538,0.5089089702295742,0.15436627946494333,0.5340733639077554,-0.0641440970116615,-2.319028323827948,0.2531377079495228,0.05578981762765885,0.06668494701772174,0.11601204723649666,0.08398259914144382,0.31492069979740295,0.2608991433622469,0.7768247401645072,0.5623533273607328,1.351444853461368,0.20716250425613247,0.3604013694875764,0.7751812217129179,1.357967409939967,1.4523200068424147,0.6663254889672792,0.8266536746129468,0.5562340746332222,1.0359799509006435,0.38348748405649996,False,True,False
RD2_1218_1,RD2,1218,1,0.2061603258263428,0.3093793559901545,0.1029412956625311,Sensitive,12,0.04865847241730065,0.17714564022956233,0.19842855943176804,0.18954322652668879,0.1372060103596026,0.1896410593416643,0.1950972606171543,0.2017137355795096,0.11427602742173489,0.1896410593416643,0.20117258693409382,0.00025241709744509334,0.15695011273771114,0.0001233225389194687,0.36374722929777714,-0.05543958817682773,-1.0821484978597358,0.033328962776982086,-0.028867001339486366,0.07511627948181562,0.11554422293304038,0.10889232402176664,0.278442842110235,0.3826006983623016,0.674871909623741,0.636019428702424,1.0380912222321825,0.2639262339774813,0.4059726044332937,0.7352699373092495,0.9563581438176921,1.557000010570014,0.5956934338655837,0.8142728857104395,0.6213143149187442,1.11046098747896,0.5524627499153547,False,False,True
RD2_1218_2,RD2,1218,2,0.2061603258263428,0.3093793559901545,0.1029412956625311,Sensitive,12,0.0545575527236898,0.18222904090798786,0.2027711592865999,0.22245249541773773,0.13549258306860637,0.2225503282327133,0.2837132891548445,0.22547470148235088,0.23751899054366546,0.2225503282327133,0.19735112895678567,0.00021508312251635419,0.23787942740007517,0.00011252829370572634,0.36932813111540896,-0.05219979794852459,-1.6675326065389078,0.09745420202211992,0.058711599055176894,0.07686018931509264,0.12035609284853724,0.11658677675452049,0.30263183301877955,0.3768940114910404,0.6449658257361282,0.6247667647037859,1.0099580484794353,0.24846853031986635,0.38907920695487014,0.7561992003762148,0.9335599396618404,1.829658590650137,0.6978659274243392,0.8180289460145195,0.620680605063182,1.2170813523331276,0.5559143370566998,False,False,True
RD2_1218_3,RD2,1218,3,0.2061603258263428,0.3093793559901545,0.1029412956625311,Sensitive,12,0.04472187676997682,0.16277075548377026,0.15119000815574746,0.15018995060691187,0.11276291188577854,0.17977127750094105,0.17757484079052918,0.22193948935553498,0.15943445128901648,0.21463438186342806,0.18872047794138194,0.17281687531478265,0.3044121885218437,0.08962333778400985,0.4556444619749559,0.036086582830740455,-1.6941584699141723,0.13444344181194712,0.06285359170611281,0.0719989781416553,0.11473093359236651,0.1079445721052239,0.298271651317017,0.3540571589787857,0.6525444089686006,0.613946254981355,1.039834608543311,0.2361559562750494,0.3763163594284253,0.7535593342465646,1.18787999151007,1.7472568058195153,0.6885361709047783,0.812096162237165,0.6017681228919782,1.1595678188339449,0.49066501643719845,False,False,True
CK1_1219_1,CK1,1219,1,0.2370211071473494,0.3988462936126172,0.0751959206820815,Sensitive,10,0.03481701646178906,0.17697327503777663,0.10643110501404568,0.097661173652431,0.06303182423551804,0.11854511781417351,0.20003620154091328,0.21613903949556626,0.19273185139089724,0.21393936090538831,0.23521370005658204,0.37175798187032,0.5427959316967118,0.18866321613783027,0.5726797334169758,0.24797191764515875,-3.9413985756018834,0.0942071797000883,-0.047186955544849654,0.062431971377976035,0.0891316370205949,0.06845402836675868,0.28506200868506565,0.23923235346698324,0.9085906868306742,0.697807139531246,1.297158707492829,0.21818653774931604,0.3114962231084176,0.8125209773335174,2.502011028608748,1.401619552910207,0.706177309902147,0.8168128500772281,0.48640865426402413,0.9995439009372549,0.27690362050243966,True,False,False
CK1_1219_2,CK1,1219,2,0.2370211071473494,0.3988462936126172,0.0751959206820815,Sensitive,10,0.04019581058511485,0.1576899266860605,0.1205393191581682,0.12200992927627405,0.07392660878855886,0.149180749276219,0.24866046795830699,0.2909397574541763,0.27551661082377815,0.3119910239561184,0.28090631745902234,0.4360938335511035,0.6145540781830402,0.27211823440908706,0.6238947972141362,0.1330219729578609,-3.620285843655022,0.32728515828893856,0.05223090026481732,0.06732220202345134,0.10737468703606888,0.07331363706732605,0.3060066302366564,0.2386789794010568,0.9148160812860634,0.6246210913112198,1.459074235115434,0.21917333681362788,0.34956771673654374,0.8122053544599209,3.000986708692421,1.2311289768592606,0.6567794132904441,0.8204934465778337,0.46124132011791247,0.9197869608828639,0.2472563310879907,True,False,False
CK1_1219_3,CK1,1219,3,0.2370211071473494,0.3988462936126172,0.0751959206820815,Sensitive,10,0.04941130449738037,0.19793512213961614,0.16582496699592733,0.1315066531300735,0.07187616328507382,0.1564583119131178,0.27211471919714847,0.30991714572085205,0.3332244674454496,0.33409053652932447,0.3142424438894181,0.43346574742068394,0.6434670692704183,0.2885165189456733,0.6091239540742718,0.08794023049893547,-3.3453346723818416,0.2549544411809846,0.03049867044210771,0.06935979205587914,0.09956935974034586,0.0716340189490527,0.2859462951830951,0.24957155598620617,0.9646032210316167,0.6939725797258316,1.3847349058401963,0.24164819285899317,0.3468977505872165,0.8090601021757835,2.6876274857644544,1.286297032294485,0.6615602963440463,0.8403895325540752,0.4777520626022798,0.9485648186580117,0.26146310590065763,True,False,False
D1_1219_1,D1,1219,1,0.2370211071473494,0.3988462936126172,0.0751959206820815,Sensitive,10,0.05399337965017138,0.15513130163312752,0.1936148488898242,0.2117302537839796,0.1265671510392288,0.2434008296098463,0.33307912118011423,0.35315394731082245,0.36575399510164874,0.4024426670511403,0.3614255551689049,0.30934887487954643,0.5195288501171488,0.20978894350986005,0.5652091186065996,-0.10993245266475782,-2.415761180328922,0.44187743952091907,0.05349422221830376,0.06385817489455689,0.08401828432596514,0.08456618190377647,0.21509307185485407,0.3916792316826068,0.7522808765438651,0.757186628582366,0.9897769343206863,0.29576741335931844,0.3891415730407386,0.8121631487461046,2.0173686657624614,1.5105735151032533,0.6482343353446451,0.8695803154031839,0.5413463339674122,1.0609740194571553,0.32693789244854016,False,True,False
D1_1219_2,D1,1219,2,0.2370211071473494,0.3988462936126172,0.0751959206820815,Sensitive,10,0.05515231677589557,0.16029746668397718,0.23400410815984068,0.17698501371706543,0.10660654287786048,0.2301126512381826,0.3933570632042272,0.4314767074354355,0.4322823525247823,0.4582218833545016,0.3997497208295694,0.44107992661089884,0.6201710831069278,0.33311243813806074,0.6321571388373639,-0.18622515919940186,-4.059052161120406,0.47985834320239085,0.06789479555550287,0.06249024881439463,0.09673107393045154,0.0756642474296136,0.2636592278902243,0.28589593749150755,0.8227763122991087,0.6435858505575645,1.2736072875884639,0.23611823120937583,0.36549654566554385,0.8162428591010008,2.7854741751502408,1.3425958057127558,0.6504422744089678,0.8488347342022651,0.48754205783013177,0.9794597198308285,0.28346292230930126,False,True,False
D1_1219_3,D1,1219,3,0.2370211071473494,0.3988462936126172,0.0751959206820815,Sensitive,10,0.05152450314555427,0.1710882577816584,0.19986652465717453,0.19818785007859335,0.13582272440176868,0.20850987193269546,0.3372540580880445,0.3370371419253872,0.3554164826497544,0.4050522843421356,0.29735409002200003,0.3416298774131636,0.49589082093450887,0.23376474484418241,0.5838396193251343,-0.07728654703016745,-3.217699407136753,0.404558092998622,0.1527496490649388,0.06168427277880002,0.09071745891678731,0.0814466332574646,0.238378880138926,0.34038123109935003,0.7545040151520671,0.6773978521314687,1.1096294713979808,0.25779050487629307,0.37912580438640475,0.8162428591010008,2.4857283757822843,1.3883858443952435,0.6728290971168907,0.8488347342022651,0.49548638861166694,0.9972894393378443,0.28517828141865326,False,True,False
RD2_1219_1,RD2,1219,1,0.2370211071473494,0.3988462936126172,0.0751959206820815,Sensitive,10,0.03350428409315898,0.13936149416698543,0.11277777146922764,0.10508203912716546,0.06617314894860618,0.10518166227115373,0.12044907237197541,0.07733865968335378,0.04654688350666414,0.11233249903758634,0.1492691377717501,0.03322287540673595,0.257613113625889,0.012137488468001044,0.3612046678404556,0.10503536711483923,-1.3896922074448588,-0.10698362079622528,-0.14066211979923085,0.061195863172965936,0.0911034966608296,0.08900915881791226,0.20185575837968,0.43929250827396293,0.6849322432105107,0.6691866399373251,1.019672231043702,0.3020237982951538,0.4496288257541715,0.6921744835868402,0.6724686745360198,1.761894025379616,0.7060448061931597,0.8220587860993228,0.640270545615302,1.1791488252391165,0.5501522913763551,False,False,True
RD2_1219_2,RD2,1219,2,0.2370211071473494,0.3988462936126172,0.0751959206820815,Sensitive,10,0.042424992181418826,0.16205994281752942,0.13326990383969797,0.1403689773469808,0.08979033952291174,0.1458198980333981,0.17829527131382228,0.2032576762379614,0.174000845982199,0.17022533767831613,0.18796172601950342,0.09576429250026659,0.3081809330158351,0.04398719377368506,0.40991967982631283,0.0971169771702009,-1.743253666006968,0.024480840875029806,-0.04933050207936011,0.0659321903123436,0.09325388901482357,0.09108143441071005,0.22258069345681297,0.40766423673019997,0.7211537811477292,0.704353689837805,1.0199933348366301,0.2951007108477345,0.4173877556201573,0.7156782008365369,1.3689824048454344,1.5854929277208247,0.6704750806367895,0.8093412928443664,0.6002535591440871,1.060262411680422,0.47582208917872565,False,False,True
RD2_1219_3,RD2,1219,3,0.2370211071473494,0.3988462936126172,0.0751959206820815,Sensitive,10,0.050903947973542724,0.16622500004409796,0.14438842600114032,0.1553555708868483,0.09880811010833682,0.1554551940308366,0.17499408228057362,0.15204632445094862,0.11378380489019847,0.1554551940308366,0.09440020726559828,0.000319318760325321,0.22194947143559157,0.00014577754043436695,0.33511464249118855,0.07003651410346685,-1.3422151913595457,-0.033353683397823804,0.2434403940731136,0.06074730569827774,0.09098086573529397,0.0875130334068617,0.20470164729484522,0.4259039259777657,0.6915355736160729,0.6651769607754549,1.035708570958517,0.29564186021506805,0.4427809938362789,0.6861005416438185,0.6817499358894966,1.8664103197126862,0.7218722819381713,0.8315372166559211,0.6369795850443125,1.228828455449811,0.5851340762762675,False,False,True
CK1_1228_1,CK1,1228,1,0.4714456240612147,0.6667832035422664,0.2761080445801631,Intermediate,4,0.034682438474406066,0.15093395468223347,0.09007596742574904,0.0871788638634639,0.056694275454134815,0.10734280516770334,0.18905497141934585,0.1795074843024675,0.19429624989336067,0.224315754755175,0.21706365780143802,0.4423103087832385,0.5992818958511402,0.2308692832777212,0.6116280610880188,0.2536915331476963,-4.362164292674262,0.19646776596767207,0.016507254225133317,0.06003895523496214,0.07633923022348833,0.0721999488107358,0.19880837122831743,0.36485939429098685,0.8354482366185866,0.7901483908842627,1.0622682394362266,0.3034043264811106,0.38577707822197976,0.8335130654588552,3.269421300965694,1.322226275724665,0.7126364102373555,0.862056848341345,0.4472789567992154,0.9548468416769008,0.2406712697855579,True,False,False
CK1_1228_2,CK1,1228,2,0.4714456240612147,0.6667832035422664,0.2761080445801631,Intermediate,4,0.02772902155597456,0.14343504573134894,0.0846748271585019,0.08482091991380218,0.05234364349217234,0.09886710307311988,0.1416755822923574,0.18477193268929082,0.2032494658435377,0.18362476215700577,0.19206645468185524,0.36977770383098335,0.5589484048123429,0.1666360120222107,0.5834466321115693,0.25879902185273024,-2.76344273895687,0.12345567976331008,-0.022574690156738825,0.06580143486761476,0.07783839980191076,0.07356797243337121,0.22642156213960943,0.32643319440891316,0.8986071858581312,0.8493071395459296,1.0629881481827728,0.29197178976190025,0.3453817830582217,0.8347968100937736,3.4790930795875474,1.2710188185374531,0.7118029110717673,0.8534864575286615,0.4415021059420827,0.9296098498415528,0.23019779346747304,True,False,False
CK1_1228_3,CK1,1228,3,0.4714456240612147,0.6667832035422664,0.2761080445801631,Intermediate,4,0.04377650168272815,0.1526722297873657,0.11612179814333558,0.10953522728868301,0.07500837846890945,0.1256480983922008,0.22040228858418334,0.22651008376757617,0.21460786266380147,0.25989353467769183,0.2484171699241291,0.4089027526703572,0.5546355804978287,0.23700203509299117,0.587735065824843,0.13661431388834575,-4.230703454047296,0.2611026095748859,0.022682890585066846,0.06188151155917399,0.0874723343520207,0.08009537928936288,0.2662817276748642,0.3021964837707644,0.7762055815358126,0.7107444991237033,1.0972019338777697,0.2334763299645902,0.330029423706242,0.8312246511096529,3.523800881873184,1.2487905011089202,0.7033748484686074,0.8664132078524484,0.43788808571986676,0.921668501717966,0.2319982335982287,True,False,False
D1_1228_1,D1,1228,1,0.4714456240612147,0.6667832035422664,0.2761080445801631,Intermediate,4,0.03381904998575976,0.16364903105942546,0.14666555292123984,0.1289397923748723,0.13714870232579304,0.19327621290275782,0.3082851012083709,0.3881090707987816,0.3729001998912696,0.3714239563261272,0.3884953101900015,0.4868787882791884,0.46280359049917413,0.32120911128213264,0.6778697010050926,0.054985447039696905,20.94499219660457,0.39012467398855705,-0.0225695978011202,0.08106277559340977,0.13660812685788543,0.09852758181047165,0.3487046950578893,0.2838725111563589,0.8265839272104721,0.5961674272814241,1.3929708323019387,0.23355382570203242,0.3935881841707076,0.8231565951541114,1.9255598567376728,1.8269742970815634,0.6961654130188846,0.8859650452942825,0.5499538488789856,1.2444204448626974,0.42618722580812124,False,True,False
D1_1228_2,D1,1228,2,0.4714456240612147,0.6667832035422664,0.2761080445801631,Intermediate,4,0.048855693587529544,0.20193411826556643,0.19125696440806753,0.16419749026908648,0.14308049541786827,0.20807053986831073,0.3922934485601568,0.4604798045093472,0.47172079538846573,0.48406118699409867,0.4317262437568926,0.49572397565957393,0.5462449451770315,0.3812071794199117,0.6744804103413612,0.02728193386202035,-11.856644820182833,0.413187261365384,0.05741434168877452,0.08087878896518544,0.14268649137841571,0.10051645626929827,0.34002337905573715,0.2969967525512977,0.8083897178226268,0.5694755611347463,1.4261624583937496,0.23897318473491294,0.421596882194025,0.8231565951541114,2.7738314086693907,1.4059339643203965,0.662986195704657,0.869715554013872,0.466543936599767,0.9983029369638199,0.22574628157833587,False,True,False
D1_1228_3,D1,1228,3,0.4714456240612147,0.6667832035422664,0.2761080445801631,Intermediate,4,0.03698343141251379,0.18351651555698545,0.12740015434354635,0.1331669464076633,0.12918703413664037,0.17703999600688763,0.2809921146670348,0.31005224317106667,0.4041148579700066,0.38022552995853753,0.36713852373831374,0.4834747058541477,0.49510120401112534,0.3254779939170649,0.6716984702420877,0.1813296423983307,-38.32093783668047,0.3505638630873119,0.017592656126956586,0.08376509482755397,0.1440830789142365,0.09899114346950323,0.36348233292858595,0.2736127585551682,0.8501392230900169,0.5840814512214773,1.462311682697148,0.23152776968843825,0.3982474320542777,0.8231565951541114,2.734864177501205,1.5742691656978791,0.6738533731141618,0.8722942062805344,0.49006995240924944,1.1055712025856606,0.2898846631218003,False,True,False
RD2_1228_1,RD2,1228,1,0.4714456240612147,0.6667832035422664,0.2761080445801631,Intermediate,4,0.03114638687824665,0.139779443811058,0.10028222769974345,0.09916220346992131,0.08026901848259843,0.10338256359544018,0.1286815781879739,0.16299670524769946,0.14219836025828325,0.18559596483135898,0.200531965673141,0.3049513305232722,0.3980170375790421,0.1399121678569894,0.5449213774071957,0.16529776102626814,-2.5744009185445753,0.1414688075561492,-0.03886211410489699,0.08735406045219087,0.09874748046496484,0.10188303025352521,0.29750156284757673,0.34406136855512437,0.8613993778072464,0.8887515757720323,0.9737500213754584,0.2949966987950668,0.3334725438142399,0.8036125084595861,0.9472773410301565,1.894189603691137,0.738206933512779,0.8161965712865841,0.6240419452650575,2.0443432895852927,1.7184288063844966,False,False,True
RD2_1228_2,RD2,1228,2,0.4714456240612147,0.6667832035422664,0.2761080445801631,Intermediate,4,0.043654453671203346,0.15079372783940548,0.15235898837193257,0.138512441970215,0.11251306830806591,0.16899668583058763,0.2067025433357162,0.21037278800740375,0.22426559958355244,0.2616659373003325,0.227815244402419,0.30918358748129054,0.40047508809642923,0.1747577035064655,0.5473297565764552,-0.0051873849956748565,-3.6396766537502083,0.27006265191111395,0.06947921028705203,0.0761695186427061,0.09870255960244875,0.10049204548385095,0.2709113319474975,0.3726729105824019,0.7615051329381605,0.7753112863764272,0.9867793194804034,0.28247326515808135,0.3660366349582237,0.7915577791243901,0.8959429605690401,2.24253371037624,0.6760949028766977,0.8749392908577959,0.668616850231593,1.0692430408885802,0.293693018300471,False,False,True
RD2_1228_3,RD2,1228,3,0.4714456240612147,0.6667832035422664,0.2761080445801631,Intermediate,4,0.04924874107596509,0.1645764912318756,0.1330939165573353,0.14850942007527065,0.09481204301788844,0.1527297802007895,0.23636421809892552,0.2402164266807875,0.21719490052823248,0.199460394680325,0.19337307740679457,0.14710730331630362,0.35727786928150473,0.07415151829158179,0.43369594909040393,0.1062570832197605,-2.648419557049202,0.096272665373374,0.01556828462680785,0.07861716176270023,0.10505333883131644,0.10409544000575148,0.2659458979702351,0.3932436511618519,0.7587679284063944,0.7518493200605062,1.0139148054952016,0.29699379467379183,0.39686232678864214,0.7974913097593536,0.9030467568588054,1.7281623519073008,0.6794867794620886,0.8814082475181021,0.6201935021095085,1.0692430408885802,0.293693018300471,False,False,True
CK1_1235_1,CK1,1235,1,0.1730928483356376,0.2353341300842579,0.1108515665870173,Sensitive,13,0.034980778544823635,0.16848278171014866,0.126499916636313,0.07958674792057045,0.06022689397585854,0.11087320271576527,0.1953207310166884,0.2514037814201382,0.26613777795470944,0.24570050705455534,0.24990870765207165,0.49297274567645255,0.5852590067197313,0.2810898886361197,0.6253490600248941,0.1373915047563169,-6.736244060324254,0.1799735912775346,-0.008196744768406221,0.057767535288077584,0.07910935232523827,0.06252279164748607,0.26946294434096674,0.2239874373825373,0.8919280612280603,0.7049208559500487,1.2214447248369948,0.2069517667418814,0.28340866799787007,0.8000061685,4.565072405162502,1.0245377650199996,0.584757475225,0.8095121746249999,0.38580333676499984,0.7976886629396454,0.19479521123032326,True,False,False
CK1_1235_2,CK1,1235,2,0.1730928483356376,0.2353341300842579,0.1108515665870173,Sensitive,13,0.0362335405393891,0.12245341108492748,0.11130946288836568,0.10254300760819114,0.06705295814058969,0.12204210557280334,0.18535881035856125,0.26299803430427676,0.20664216648114841,0.2381042342140046,0.2118479449535361,0.384162495505882,0.5411118675586832,0.2114856197457784,0.5720747103967116,0.046020135962176884,-3.217984707169048,0.30964093504210316,0.056331503100528854,0.05506904600150372,0.08219876853696008,0.06591427018264477,0.25820830067400774,0.2464300125776789,0.8065150120503953,0.6467353388897753,1.2038440033136544,0.2058835766699348,0.30731196003997124,0.7973246434999999,4.443327147875001,1.0245377650199996,0.58453598126,0.8162776622,0.40501485447499996,0.7976886629396454,0.19479521123032326,True,False,False
CK1_1235_3,CK1,1235,3,0.1730928483356376,0.2353341300842579,0.1108515665870173,Sensitive,13,0.03286652592711476,0.14890986513690155,0.08516298819695706,0.1153266688732,0.05472902115749211,0.1255989586512448,0.2669818397377206,0.24175141254465995,0.30044104116260745,0.3146746159659896,0.2846054856019149,0.447534340291199,0.6793063054041603,0.27882070334775105,0.6326566162508144,0.26290098576252924,-3.381287132650601,0.3451816075337327,0.048436790821535736,0.058493688566573526,0.07870759451404345,0.06432776701932919,0.27062356374560737,0.22946540457417558,0.8777985976467652,0.7174253519426448,1.1811430905053064,0.2086544976437858,0.28076009560223464,0.7954475759999998,3.485845742225,1.1067055903749998,0.6046919320749999,0.8234346524249998,0.43409331157499986,0.8415553518380517,0.21130746806548176,True,False,False
D1_1235_1,D1,1235,1,0.1730928483356376,0.2353341300842579,0.1108515665870173,Sensitive,13,0.04854926142131951,0.14790521829409164,0.16152334082504063,0.1562340567414373,0.1101201535246618,0.1713838082325462,0.2701700790709698,0.2434094819311044,0.20980989487001542,0.2294064406145581,0.22322993523291695,0.1831677120690058,0.339157226299588,0.0998801989701858,0.452728119142893,-0.04248554496860879,-3.3504870575222894,0.20852025530639343,0.013172788601505132,0.06368538923076861,0.09120411947823266,0.0887168701644178,0.2384711136509992,0.35913256138443367,0.6929756046138619,0.6740773014988004,0.992413340047045,0.25780324435277197,0.36920113363249146,0.7384061762000002,1.339951714101,1.5977306275845675,0.6354058512724999,0.809516520006928,0.5778512075874999,1.1139704838791893,0.4893464839974149,False,True,False
D1_1235_2,D1,1235,2,0.1730928483356376,0.2353341300842579,0.1108515665870173,Sensitive,13,0.02857022087408827,0.1255903259383512,0.11371868116126128,0.11163696620899571,0.05877360015946889,0.1117335011089958,0.15549866161263798,0.17154048741408393,0.21151699838480856,0.22806083375650185,0.20989382054096745,0.33085190452394436,0.5697407364226611,0.1703952895131303,0.5669099523760773,0.04788904750470022,-1.7663166101036103,0.279710102774991,0.040044118414198485,0.06146836707492005,0.08398490835031233,0.0868878176379041,0.17015093609747853,0.49295684023326697,0.6829314883792682,0.7065367788661863,0.9330968299705696,0.34873993652169355,0.47648722425259377,0.7384061762000002,1.6232468572833332,1.142052112369568,0.5719304003875,0.8304565487319278,0.5499485938299925,0.8472469248519382,0.3037451780098355,False,True,False
D1_1235_3,D1,1235,3,0.1730928483356376,0.2353341300842579,0.1108515665870173,Sensitive,13,0.03407133208508439,0.1397019654156453,0.1432277990449276,0.1533311057303882,0.08982130269251107,0.16411681038558107,0.23196381148187284,0.2514986358558124,0.1956699612468939,0.2124416631869063,0.25572425962422507,0.15600482694198273,0.3916174182990099,0.0774359557811906,0.4707557132343616,-0.012030052665268564,-2.160566123060334,0.1994049835948975,-0.08924786949179517,0.05988107797629313,0.0797238940256302,0.08374819246886071,0.15943410614771172,0.5070824289488538,0.6902374483866991,0.7250792172138156,0.9189616995453606,0.3625707203123773,0.4827159206189317,0.7384061762000002,2.1462702639583333,1.1730076369695672,0.5888921186225,0.8184513613069277,0.5151209471299926,0.8721868790816955,0.3252646131392455,False,True,False
RD2_1235_1,RD2,1235,1,0.1730928483356376,0.2353341300842579,0.1108515665870173,Sensitive,13,0.029205434607875034,0.13345240424483495,0.08829245706637714,0.09973139964494462,0.05830128647150952,0.09982793454494464,0.08467191383990796,0.07839513178521053,0.09541673453354127,0.14373648731710945,0.14522646056970553,0.17447996075562114,0.40821468240875053,0.071350648284192,0.45411507257710987,0.19660031611110867,-0.6144530359404159,0.03581575455761375,-0.004977607681048665,0.0657730064265417,0.08911859869459579,0.08342165572705046,0.19704331197637423,0.4086970072075051,0.7611201834105086,0.7124652636164952,1.0312735857600466,0.32223324563972944,0.43660730844494067,0.7588652076294699,1.045181753385,1.8186102549999998,0.6990279815750001,0.81048020515,0.6121045610166667,1.2527734149404248,0.5957005892209473,False,False,True
RD2_1235_2,RD2,1235,2,0.1730928483356376,0.2353341300842579,0.1108515665870173,Sensitive,13,0.04148010430638302,0.19647966223229582,0.12846994529748218,0.14157960269612724,0.06909283195703185,0.1416761375961273,0.1980660686646193,0.17822328655914585,0.16406164321076566,0.1416761375961273,0.1273747470860655,0.0003289955185098334,0.3324408789009651,0.00014159134179696136,0.3414728344338593,0.2020409032430822,-1.7176125240338727,-0.1564501561580223,0.051313092833170974,0.06185336896943157,0.08316694788203974,0.0832812049620909,0.18367419079501887,0.4377067215524969,0.716969547201423,0.7179545400253746,0.964024594918655,0.3250869792399208,0.43710621280690265,0.72539754227836,0.9120011327350002,1.5721378846249996,0.6586227628749999,0.81102723625,0.5900677885666666,1.1108272276440467,0.4586555361655779,False,False,True
RD2_1235_3,RD2,1235,3,0.1730928483356376,0.2353341300842579,0.1108515665870173,Sensitive,13,0.044653404859872396,0.16890942432240227,0.12456584330169797,0.11549261084831565,0.09061393205494576,0.13231298782742465,0.16617136068250263,0.18013099925082465,0.08004883404048656,0.13920193585540797,0.17842447201540992,0.08986361692392666,0.20409548430035485,0.03912156140389677,0.3583599688123225,0.14586248417875103,-2.9317991142939035,-0.09307704285421109,-0.11920745602303164,0.059442055970151925,0.08092830702469155,0.08274826467847525,0.1888685628044516,0.42294468349917314,0.693456587213652,0.7090513978350544,0.9441172025829875,0.3038214957923549,0.41364247738219484,0.72539754227836,1.181381771185,1.6373364834749997,0.6473791285499998,0.792328962425,0.5881478166666664,1.0418093234311396,0.3507447359719476,False,False,True
CK1_1252_1,CK1,1252,1,0.5746672551712988,0.6470500822891091,0.5022844280534884,Tolerant,1,0.036944617117902395,0.15845053029980985,0.1258646927815151,0.11500175255556502,0.07170192101159346,0.14049173630453332,0.32265600371324415,0.3698747072674029,0.38635047192307703,0.3657923328998536,0.3469574897079923,0.5347100383162996,0.6890880930679326,0.3563072778999935,0.7011354830974981,0.11748840482736116,-5.941201653989133,0.40543438303859797,0.027088884684048718,0.07420877440821065,0.09567079113582136,0.08749097915004668,0.3646156782949145,0.2459768135065098,0.8694772340616335,0.7951373001227782,1.1209398823875272,0.20863451341480788,0.26897397397824896,0.846818025,4.847630983750001,1.0894022449999996,0.676753935,0.829209085,0.4096829234999998,0.8478141469291488,0.2070718684125574,True,False,False
CK1_1252_2,CK1,1252,2,0.5746672551712988,0.6470500822891091,0.5022844280534884,Tolerant,1,0.04683940136017776,0.19354236965627056,0.15121552250867892,0.12243787860705206,0.07172026560263388,0.17292660847621108,0.3431971715427177,0.39475098282230414,0.39776331317470526,0.4123328799276648,0.3870235968853595,0.5556986074015178,0.7213298665544781,0.4080309984678327,0.7006130361994878,0.12585426464243277,-5.487067713881102,0.37017876567045366,0.03245679092609481,0.07354611015199577,0.09249430843430896,0.08869090762349886,0.37350987796980845,0.24341270403361445,0.8500546386301322,0.8151000716633253,1.0690601551730998,0.20184772061694584,0.25385115934645236,0.8531964249999999,4.7798960775,1.1426134774999999,0.6835025100000002,0.87730336,0.41130713749999986,0.8712110142150746,0.20779985882302365,True,False,False
CK1_1252_3,CK1,1252,3,0.5746672551712988,0.6470500822891091,0.5022844280534884,Tolerant,1,0.052541973156834544,0.1854638270295733,0.15522372782929528,0.1434665208867314,0.08014291772049205,0.16842890591077506,0.3267214008448325,0.4071301941489505,0.39328137105253724,0.42146148847681136,0.40344694655549135,0.504440630490132,0.6975330808261943,0.37235831360885174,0.6694293588167952,0.09098989745521867,-3.991680681788973,0.3986012718992574,0.022386371792315563,0.06783883228755683,0.08776045171254643,0.08375297451405042,0.3328933926113804,0.2579059123836153,0.8303178161295311,0.7924023354451756,1.0741497775142064,0.20890047234353767,0.2702463942498595,0.8498079,4.5662823225,1.1781929899999999,0.6748318724999999,0.8671520225,0.4309491924999998,0.892725484056002,0.2202006182787083,True,False,False
D1_1252_1,D1,1252,1,0.5746672551712988,0.6470500822891091,0.5022844280534884,Tolerant,1,0.04863554382387354,0.2000131658588684,0.164320203365557,0.14006841737461198,0.10574112594350948,0.19436740719887774,0.3920416268521352,0.4915296897351471,0.5596734730528136,0.5554306351743505,0.5010095570386403,0.612204729601382,0.6972117427726781,0.5176941413128753,0.7469681607225896,0.10042685883943958,-8.549659239701676,0.48228398624431984,0.052806630799082745,0.0710990614016269,0.06424666878989974,0.06144492485625988,0.2978131224641531,0.21149904989849067,1.1861622077285199,1.134434657847582,1.0718421451522384,0.24472947066492443,0.22114290871042508,0.8398957524999997,2.427716424499999,1.4682428845328181,0.6600122971777348,0.9013985253333333,0.5189396995494447,1.0521802554251158,0.2788289634036116,False,True,False
D1_1252_2,D1,1252,2,0.5746672551712988,0.6470500822891091,0.5022844280534884,Tolerant,1,0.04239147206378469,0.20337523220749334,0.15233426582514914,0.11853604885551756,0.07765368730859296,0.18883692710370606,0.37718568724596446,0.46285187422715934,0.5517126299076125,0.5340666935906317,0.5276742197557585,0.652710195875717,0.7648412367322959,0.545418743278458,0.7723171184031462,0.14709220561397876,-7.510580169232101,0.45968611921521224,0.006171868150811379,0.07585392029876613,0.0753708075741752,0.06091495007750599,0.31004427013445357,0.2014032230840007,1.2764986833031133,1.0316706971194942,1.2683686782302266,0.25079597064908055,0.2491986540671626,0.8398957524999997,3.21728005175,1.4635439400328183,0.6662454746777349,0.8812182928333335,0.48553767029944467,1.0497106825327598,0.26756376397988185,False,True,False
D1_1252_3,D1,1252,3,0.5746672551712988,0.6470500822891091,0.5022844280534884,Tolerant,1,0.03990287698401305,0.19642635063525551,0.18155973408094292,0.14208212933904033,0.09485117931811336,0.21280249881056737,0.3850661631706496,0.476441924355381,0.5538839289525881,0.5400158279926349,0.5084985967991977,0.5980399589880896,0.7187935048248689,0.4814175333513614,0.7516014092864436,0.04031833245166997,-6.298822709708614,0.4782637162991574,0.030813418422591658,0.07759108712963933,0.08546456648764732,0.07566507662313886,0.3119744276760568,0.24862380740203868,1.051193322713322,0.9306619876517747,1.1578621326738103,0.2549523817799842,0.28082342431178636,0.8398957524999997,3.21728005175,1.4635439400328183,0.701656984677735,0.8710299378333333,0.48553767029944467,1.0497106825327598,0.26756376397988185,False,True,False
RD2_1252_1,RD2,1252,1,0.5746672551712988,0.6470500822891091,0.5022844280534884,Tolerant,1,0.04913759010963127,0.19567015368816865,0.18700301516193443,0.16966840389400123,0.13193922411925793,0.22893100156566476,0.3269495319541383,0.4233616567830512,0.3875222848192319,0.39017849633784274,0.3449772992819532,0.40376198498050536,0.5070141608439199,0.2736943093339859,0.6244582809438606,0.023217420044264653,-5.2984206997920875,0.34034473239195695,0.06302847283747048,0.07638848595752183,0.09794703294268847,0.10027715981887728,0.3372565525155581,0.3047950165307597,0.7808940442314464,0.79947125012884,1.001279888144651,0.23218477549859312,0.29771253572426765,0.828605415,1.6753180825,1.9015377199999997,0.7764688990454545,0.8778772404041665,0.5519803576,1.27062239372074,0.4067687642194127,False,False,True
RD2_1252_2,RD2,1252,2,0.5746672551712988,0.6470500822891091,0.5022844280534884,Tolerant,1,0.04658684964561365,0.20949322788522898,0.19632922032100186,0.15413887616926697,0.12711167814007562,0.2084393463436525,0.31608625636181414,0.3685280990582412,0.41278891986476357,0.41637266382785687,0.38982049901104315,0.47118390573111746,0.5455933381611785,0.33320349234536056,0.6644343040843964,0.03325203967973437,-7.167514762744428,0.3388459293884518,0.03376191389965167,0.07688144253714153,0.09871902793181893,0.10397991342438477,0.31421866035618656,0.3392217670832692,0.7579460693092326,0.7983381554102994,0.9732348498898555,0.25081631571395274,0.3220587707463978,0.828605415,1.8226847499999996,1.8813517924999996,0.8121907865454544,0.8764990504041666,0.5340786945999999,1.2511907075257416,0.3751548310146493,False,False,True
RD2_1252_3,RD2,1252,3,0.5746672551712988,0.6470500822891091,0.5022844280534884,Tolerant,1,0.0454277144910011,0.18920937650495898,0.16150728711429943,0.16944658125499665,0.12026892845686264,0.20564385509667646,0.2984536561286474,0.3509099556507341,0.39387598699465354,0.4232484661660201,0.3929871316410539,0.43896488305305537,0.5714340095087062,0.3061830380699795,0.653462609752426,0.08096966803063976,-3.7142310444719526,0.3917224240694116,0.03800482863157229,0.08289845995304856,0.11363081830475817,0.10613500466120801,0.3604933442957913,0.3018058307284438,0.800670914247888,0.7478535531909409,1.0974979659493735,0.2357303196254807,0.3231209498156729,0.828605415,1.8027807249999996,1.9653388049999994,0.8372687190454544,0.8838085829041665,0.5369939650999999,1.2837371838801996,0.3944554682569003,False,False,True
CK1_1257_1,CK1,1257,1,0.5317110600542118,0.6884466500654246,0.3749754700429988,Tolerant,2,0.0321602233201019,0.15767195981475488,0.10234963260626109,0.10569205145469816,0.05720987606709227,0.1393698641591287,0.21326657266219215,0.23957505551818767,0.24875301176009923,0.2657044685283692,0.264136667291803,0.43760222777847724,0.6557995684252533,0.2426670860092549,0.6386971952365873,0.21609996477654483,-3.269369306411324,0.2591740141946495,0.003005446478971803,0.058745808017420825,0.09019852043770846,0.07368922671455881,0.22580590369883838,0.3314609535973854,0.8097231405584822,0.6615171934765683,1.2432517605493023,0.264244074927389,0.40572128288393733,0.8316291736044421,3.567597742138464,1.2760186697236187,0.6653625878069007,0.8771972384127111,0.46803545928914125,0.9473781602104316,0.25481972713972445,True,False,False
CK1_1257_2,CK1,1257,2,0.5317110600542118,0.6884466500654246,0.3749754700429988,Tolerant,2,0.033519501387632024,0.14517543926848445,0.12649172508964313,0.12025449525395665,0.08721659816417797,0.12198829206710937,0.23616435009946146,0.19680504007129374,0.24116326275124095,0.25348395661427114,0.20735666833769184,0.3620730151365553,0.4956759242822901,0.19450323625230592,0.5977896533814454,0.06985375135679395,-4.579153764056327,0.2759461093854193,0.10166485276990127,0.0651631338909856,0.1070113773291506,0.08224270054877474,0.2750131368532717,0.30374391864232025,0.8047634958646742,0.6184942655052934,1.3215885267392629,0.2406645879450882,0.39522115485484755,0.8330398622555557,3.86458438110279,1.2217015139011438,0.6763067103622391,0.8746862126137288,0.44116184048542884,0.9181695588899882,0.24003004401106065,True,False,False
CK1_1257_3,CK1,1257,3,0.5317110600542118,0.6884466500654246,0.3749754700429988,Tolerant,2,0.04615244172729876,0.19085549113836978,0.15625493254601502,0.12865842033131264,0.08320700353295829,0.16749171338410482,0.2668615623776987,0.2923773306088328,0.3036693247777853,0.3066593787341357,0.33514705967957054,0.4153168818697739,0.582147257859898,0.25854981958253515,0.6078221699137166,0.10124629117486833,-4.104100222077809,0.23641811067109103,-0.045083403612231135,0.06448998459593253,0.09103205242565822,0.07944233743854717,0.27368040980605884,0.29483020284070066,0.8245251887320094,0.7195510431228053,1.1638740600918371,0.2393383157226519,0.33784250749700684,0.8248214252992887,3.510402781467719,1.4080788771089603,0.7061879173701259,0.8824929636089913,0.4656908947509906,1.023769388017943,0.3075740916868681,True,False,False
D1_1257_1,D1,1257,1,0.5317110600542118,0.6884466500654246,0.3749754700429988,Tolerant,2,0.0628964946413285,0.22579409419128169,0.25399737039803433,0.18259963169359097,0.1359881214114483,0.28440021860560305,0.45962606999047473,0.5584796935380756,0.6057581797432473,0.5684116828270164,0.5278278114359705,0.5217866674016816,0.6235248858663273,0.4436944724119847,0.6836776730779829,-0.0597050012554882,-7.0522862945271285,0.43816762063026654,0.03760206515128816,0.07735150987552514,0.10029177807897804,0.0782549071145829,0.3045981367652377,0.2609444153438958,1.0039703416307986,0.7833703555504957,1.3017195250970948,0.25793199768139646,0.3344273267911368,0.8321906276875851,3.5991025953562374,1.449458889449803,0.6889922790736197,0.8837514553455084,0.4632208010485892,1.0450069339097936,0.2282238165505335,False,True,False
D1_1257_2,D1,1257,2,0.5317110600542118,0.6884466500654246,0.3749754700429988,Tolerant,2,0.03666017676425758,0.15600911244593402,0.1361223221485806,0.13162945977501345,0.10253461600758827,0.16552732465723333,0.3325804607166606,0.3931875232892902,0.4383052052454596,0.4322584181583637,0.4147935000795647,0.5415040665727083,0.6262218634913317,0.3889223815610813,0.7125662730426584,0.06914329494972146,-8.030859611677,0.4769688158461053,0.020942098186583838,0.0777765739271397,0.10492568579908346,0.07612068398812324,0.31028378769385245,0.2491766062339286,1.037790748480441,0.7528884947302866,1.400047604337294,0.25459706508536784,0.3434680946674417,0.8321906276875851,2.8988988192441347,1.6016637307730446,0.6749051422036002,0.8823238384305814,0.516279622594271,1.1173219177220355,0.24596058334043472,False,True,False
D1_1257_3,D1,1257,3,0.5317110600542118,0.6884466500654246,0.3749754700429988,Tolerant,2,0.03863333701798556,0.1773379717052796,0.17753622058813645,0.1643845774629093,0.1478049507021518,0.21076137065705866,0.36519892934240245,0.4214830833476545,0.46786453042154313,0.4415475029714887,0.427190349506301,0.4645953505028845,0.5062388103593749,0.3267633099903509,0.6753863194734924,-0.0005674139390732649,-13.31792095506276,0.43361256609369503,0.016785847243516182,0.07461570842906275,0.09480291189660194,0.06150268943462524,0.298202427104989,0.2094819472262948,1.2322528394450825,0.7994149358613284,1.5656375826453721,0.25414569735205217,0.32290455538424634,0.8321906276875851,2.8771883209034983,1.6829278612090903,0.6866195007624467,0.8863160873132326,0.5215414912629244,1.206827268097059,0.3918220108589379,False,True,False
RD2_1257_1,RD2,1257,1,0.5317110600542118,0.6884466500654246,0.3749754700429988,Tolerant,2,0.04640780009950322,0.20316703602941394,0.17088001118026894,0.1679042812615182,0.13944142456787562,0.22415779567015517,0.2839299868195372,0.3372424625042419,0.28718365030464915,0.3146013624181023,0.28758504326757484,0.308803876904912,0.3918335965401918,0.187217018941536,0.5645593705884407,0.08767291895344409,-5.156068208186965,0.2185984714700422,0.04556788796135969,0.07502645453300205,0.09689681630327135,0.10838259719011349,0.2533568292649949,0.4345008269795808,0.7031023321379734,0.7864454142700403,0.9080580702318419,0.30077759146842953,0.38845486182259886,0.8210038666842552,1.9338481801335732,1.781616764558904,0.7353141238119365,0.8696145047752457,0.5464020352357996,1.2007136460889134,0.3708973512353145,False,False,True
RD2_1257_2,RD2,1257,2,0.5317110600542118,0.6884466500654246,0.3749754700429988,Tolerant,2,0.045863503464652414,0.16298905928482896,0.180796459072588,0.18203868415760613,0.14067288087181942,0.19385168814310266,0.2553200381348929,0.24708149281688765,0.27947647471465925,0.24879349370278805,0.2124736177199374,0.15737585323415973,0.2819695424315135,0.08421655065808256,0.47841167667343537,-0.05261100516189859,-2.815046015122697,0.21164375585416598,0.07997523694345293,0.07789903235281077,0.09879444571480428,0.10911265868402639,0.25822891363615563,0.4291745284859719,0.7251378814250483,0.8008721702382169,0.9196467901903304,0.3064014834094164,0.3885897398895592,0.8210038666842552,1.5061002958938525,1.9554897835632497,0.8101511567535087,0.8859220655821182,0.56228921082464,1.2456516944971736,0.35410025343716733,False,False,True
RD2_1257_3,RD2,1257,3,0.5317110600542118,0.6884466500654246,0.3749754700429988,Tolerant,2,0.0494477045198215,0.1497840356754058,0.15448609089642695,0.15796604001908207,0.15004682716067005,0.17244415169793054,0.20134618838861346,0.19964801249389444,0.25305478859490826,0.2837800766321413,0.2825467875793721,0.28928107649694446,0.3131025356909276,0.17025662721069548,0.5387945787894561,-0.015696111632782467,-6.579510971516153,0.3139079457463896,0.002211879085276525,0.08296092788656854,0.1053994451617637,0.11232493605154031,0.2977901836720263,0.3831152779189993,0.75017241312339,0.7994640597716968,0.9530722248788615,0.28296120221334337,0.3594939747584542,0.8210038666842552,1.7064857974072258,1.8455096749451374,0.7598008574179648,0.8657689675123106,0.5519121851070491,1.280841195666708,0.5059095438820896,False,False,True
CK1_1274_1,CK1,1274,1,0.4106885222095553,0.5521848137280557,0.2691922306910548,Intermediate,6,0.0402884884709929,0.1809264873683996,0.14892723378391534,0.13019621440557258,0.06609719140186662,0.15606095730181177,0.2906849868383574,0.34731333262947206,0.340867603233693,0.3524703833119409,0.353873613597207,0.45989027183633485,0.683249388120242,0.3032208358960239,0.6459113858671696,0.09687928684490887,-3.4990263722765156,0.3211717060440137,-0.0019839246055335965,0.06754896408242513,0.1076892969805586,0.08064743700586802,0.30353509344661606,0.2653347509032074,0.8364511752706738,0.6264099161059613,1.3335043734134342,0.22224001436370341,0.35430404052640857,0.8146749146576956,2.905899482772141,1.2270389006754554,0.6289235970317286,0.8631620531530029,0.48091008088697695,0.9182923272340568,0.24607763157875925,True,False,False
CK1_1274_2,CK1,1274,2,0.4106885222095553,0.5521848137280557,0.2691922306910548,Intermediate,6,0.03689778805259368,0.1580116910680985,0.10293057454162546,0.1011331634794815,0.052145748524061536,0.11431457846311838,0.22763502220198598,0.2782505691702785,0.26656702817944783,0.2749184602524999,0.2649909847368551,0.46150672575797036,0.6802075423502121,0.2705582409410695,0.6320911097166233,0.2108000837966756,-3.5774908191916315,0.26967103274442145,0.018362439278912155,0.06696526452754978,0.09677026502548644,0.07331033694795862,0.30072813233365253,0.2434465539687509,0.9122142360904597,0.6910669617468576,1.318223918165494,0.2223760463195059,0.3213515109584203,0.8205835824873771,2.9085514482393604,1.22597367605264,0.6362470163135877,0.8743025273332852,0.4778558821637473,0.9128703303383979,0.23626847199732662,True,False,False
CK1_1274_3,CK1,1274,3,0.4106885222095553,0.5521848137280557,0.2691922306910548,Intermediate,6,0.048428072588954374,0.18246229362907357,0.1641194440374654,0.13167623031354433,0.0916610051571477,0.1870564066051399,0.3086995297779355,0.3659499440461264,0.3498490092789839,0.39509290486271625,0.33175422268969407,0.4993849101756375,0.6225356980850694,0.36123024868758663,0.6572066344029747,0.052853481882203394,-5.416565980489199,0.36765862899787694,0.08702387501001033,0.07013789543925886,0.10788978978683814,0.07472074398315658,0.30388351944872366,0.24555371714941604,0.9373979842954755,0.6492094846234835,1.4419547498374918,0.23049316722581595,0.3545566801449295,0.8248555770684615,2.8906867436275525,1.2773763121484143,0.6698986827182202,0.8685963631428368,0.4731650101919202,0.9341683835123391,0.23807105871537046,True,False,False
D1_1274_1,D1,1274,1,0.4106885222095553,0.5521848137280557,0.2691922306910548,Intermediate,6,0.03865902284367127,0.13597188444025907,0.14152582412237114,0.14267404881327145,0.10517879453551196,0.20709035900811143,0.21451742308441796,0.31661170300559405,0.34882874438194134,0.29052514584926314,0.32504080412050557,0.3408390794377829,0.46776329386246546,0.19896137578388637,0.5806234733983183,-0.019987304573843546,-2.9121235284192903,0.36188837756763287,-0.05599561832956125,0.07715541977446794,0.1045574095100143,0.09502624709995217,0.30341959027324644,0.3127608849148989,0.8108403140183954,0.7369263680783565,1.0988127989954235,0.25394244328370646,0.3441308998382826,0.8182228893779596,2.5851864722080427,1.3908780305638029,0.647009675275982,0.8550735584779863,0.5038668899685822,1.024764283875351,0.28459524010650206,False,True,False
D1_1274_2,D1,1274,2,0.4106885222095553,0.5521848137280557,0.2691922306910548,Intermediate,6,0.03640693914804979,0.13909326601781874,0.1889293293440614,0.13056497816411763,0.08130479742745982,0.15809326946968957,0.2617197342237672,0.3157385201853369,0.296853192178553,0.3221790266669659,0.3245905394429175,0.4226560712006132,0.5961790115596919,0.26124763343069096,0.630346828498577,-0.1517233563721665,-3.657538981945356,0.39637811964818426,-0.0037235094828177544,0.07074795299547419,0.09393119493107677,0.09320888075467053,0.2858198738595809,0.3256696914658087,0.757999742624541,0.7521708594763002,1.0063870199428455,0.24719172505157563,0.32819344063077016,0.8127817186158455,2.301132120835396,1.3726970873920974,0.6335764715364358,0.8687744553844639,0.523027063066991,1.0330874393647242,0.3153282692440842,False,True,False
D1_1274_3,D1,1274,3,0.4106885222095553,0.5521848137280557,0.2691922306910548,Intermediate,6,0.04603410191221933,0.16215136102965028,0.18657726971959865,0.16052505420681654,0.1087808369920059,0.21352788496692987,0.32868765338177797,0.3540291212991407,0.4071466973628378,0.39595497888935377,0.32715327053917753,0.4224978959698318,0.5681901253450296,0.29206449786154487,0.6279610991598111,-0.06994804771575948,-4.2441365058073375,0.4183567149124539,0.09501854564245768,0.07515790931058189,0.09524739642871911,0.09328283195615418,0.2917139928069826,0.31934265636197845,0.8046100281036289,0.7880142120173858,1.019679911539517,0.2572941440836098,0.3260681086676947,0.8182228893779596,2.4323600271034325,1.4582007815302553,0.6663695779911687,0.8613234310696634,0.5099419991455788,1.0529673431836581,0.2939349104742592,False,True,False
RD2_1274_1,RD2,1274,1,0.4106885222095553,0.5521848137280557,0.2691922306910548,Intermediate,6,0.0429813254289109,0.17218279365341846,0.12916943048209656,0.15329029656478851,0.08475686266809114,0.16938337556425342,0.2215635180869418,0.2344011056454358,0.20157097759481576,0.2458350745977828,0.278156119207176,0.23155547582539537,0.4865830938944739,0.12544305010706122,0.5075585831003561,0.14254154858716866,-1.993504436133013,0.17595589760156857,-0.061599029991239826,0.07749444794665539,0.12175030054998232,0.09377340231857544,0.31974066959626246,0.2928830687515489,0.825283928684777,0.6356426353032263,1.2965905173698105,0.24203890617849125,0.38026349439001483,0.780224470558804,0.9775181578926173,1.7689987430834135,0.6916581148571979,0.8580262112165443,0.6163207607496115,1.138751474527491,0.4070670049584668,False,False,True
RD2_1274_2,RD2,1274,2,0.4106885222095553,0.5521848137280557,0.2691922306910548,Intermediate,6,0.05700785053550695,0.1845847657055808,0.21926700910774655,0.18645777857896148,0.13018345259830963,0.2037024830244911,0.27665138771101694,0.29193044526773265,0.2911826410851472,0.2547785677824908,0.2571185644621261,0.15463011099410487,0.32321804858920283,0.08771459225555431,0.44761350557854873,-0.08576254475053126,-2.5992301189261617,0.15954655426661687,-0.004565044523151854,0.07628739572719916,0.11749698593582443,0.09379482997300417,0.33696152652226885,0.2779784035592684,0.8122437186434115,0.6483933259766621,1.2510086086459533,0.2260918696909468,0.34822414607358304,0.7789249579754168,0.9328480742957331,1.807590943480845,0.7100249175334052,0.8581022194318183,0.6122290776281185,1.2024604158146337,0.5124954594743029,False,False,True
RD2_1274_3,RD2,1274,3,0.4106885222095553,0.5521848137280557,0.2691922306910548,Intermediate,6,0.03895372860091876,0.20420765738408486,0.16382033456115513,0.1514895576471086,0.0922747987087916,0.16146128980259633,0.2617819053405397,0.2696448299937351,0.28535468575669876,0.343314128015222,0.2779997178445441,0.3871540272502672,0.5755425121130883,0.24449977384578106,0.6142818625508818,0.1095914534284022,-2.8587120941474398,0.25372216052702545,0.10498093836392806,0.0859950083677451,0.12744375943225852,0.09633426683567442,0.3686315470805465,0.26097612025944295,0.8914662773943631,0.6738560651837452,1.3211442844725814,0.23296636163510515,0.34525386428323224,0.7714879783344325,0.7185853538747113,2.023310025690873,0.7061856704553399,0.8459703096260296,0.6475118692364378,1.334269178740395,0.6540317032263788,False,False,True
