Feature1,Modality1,Feature2,Modality2,Interaction,Is_Cross_Modal
OJIP_FvFm,OJIP,OJIP_Vi,OJIP,0.002067821513379522,False
BF(F440),Static,OJIP_Vi,OJIP,0.0012975308126840215,True
BF(F440),Static,SR_F440_F520,Static,0.0012775085671557142,False
SR_F440_F520,Static,OJIP_Vi,OJIP,0.0007430387974215007,True
R710,Multi,OJIP_Vi,OJIP,0.0007127407487524434,True
BF(F440),Static,OJIP_FvFm,OJIP,0.0006826541173756152,True
OJIP_ETo_RC,OJIP,OJIP_Vi,OJIP,0.0006737778844299524,False
R820,Multi,OJIP_Vi,OJIP,0.0006221405737440627,True
SR_F440_F690,Static,OJIP_FvFm,OJIP,0.0005403211670247037,True
VI_PRI,Multi,SR_F520_F690,Static,0.0005388558816705579,True
BF(F440),Static,GF(F520),Static,0.0005286703134988542,False
FrF(f740),Static,OJIP_Vi,OJIP,0.0005203493973455123,True
VI_MTCI,Multi,SR_F440_F690,Static,0.0005138883834993006,True
RF(F690),Static,OJIP_Vi,OJIP,0.0005031299294400966,True
OJIP_FvFm,OJIP,OJIP_Vj,OJIP,0.0004938386641263244,False
SR_F440_F520,Static,OJIP_FvFm,OJIP,0.0004729288315228744,True
R520,Multi,OJIP_Vi,OJIP,0.0004711564373259376,True
VI_NDVI,Multi,OJIP_FvFm,OJIP,0.0004687681591204189,True
OJIP_FvFm,OJIP,OJIP_DIo_RC_log,OJIP,0.00046534987335658165,False
GF(F520),Static,OJIP_FvFm,OJIP,0.0004396631413128432,True
SR_F440_F520,Static,OJIP_ETo_RC,OJIP,0.00042047555742160325,True
VI_MTCI,Multi,OJIP_Vi,OJIP,0.00040950606176857687,True
SR_F520_F740,Static,OJIP_Vi,OJIP,0.00038860798945999784,True
BF(F440),Static,OJIP_DIo_RC_log,OJIP,0.0003795535123042031,True
OJIP_FvFm,OJIP,OJIP_ETo_RC,OJIP,0.0003752672709831169,False
VI_EVI,Multi,OJIP_FvFm,OJIP,0.0003611843914382048,True
R590,Multi,OJIP_Vi,OJIP,0.00035900480701994957,True
VI_PRI,Multi,OJIP_Vi,OJIP,0.00035847035721082917,True
VI_GNDVI,Multi,BF(F440),Static,0.0003568959872816953,True
SR_F440_F690,Static,OJIP_Vi,OJIP,0.00034464292772150637,True
OJIP_FvFm,OJIP,OJIP_TRo_RC,OJIP,0.000342884955265914,False
R910,Multi,OJIP_FvFm,OJIP,0.0003398691933925387,True
GF(F520),Static,OJIP_Vi,OJIP,0.0003285382566427574,True
SR_F440_F690,Static,OJIP_Vj,OJIP,0.000323921066946491,True
R520,Multi,OJIP_FvFm,OJIP,0.0003226913899061005,True
BF(F440),Static,SR_F520_F690,Static,0.0003142703946770465,False
VI_NDVI,Multi,OJIP_Vi,OJIP,0.00031278486424059476,True
VI_NDVI,Multi,SR_F440_F690,Static,0.0003090385144244188,True
OJIP_Vi,OJIP,OJIP_ABS_RC_log,OJIP,0.00030234721223205464,False
SR_F440_F690,Static,SR_F520_F690,Static,0.0002984528153561986,False
GF(F520),Static,SR_F440_F520,Static,0.0002973056787440219,False
R520,Multi,R820,Multi,0.00029702982522795355,False
SR_F440_F520,Static,SR_F520_F690,Static,0.00028857217574950936,False
SR_F520_F690,Static,OJIP_Vi,OJIP,0.00028832606853389285,True
R910,Multi,OJIP_Vi,OJIP,0.00028579370682403003,True
OJIP_TRo_RC,OJIP,OJIP_DIo_RC_log,OJIP,0.000277360521154334,False
VI_MTCI,Multi,OJIP_FvFm,OJIP,0.0002759772787199829,True
BF(F440),Static,SR_F440_F740,Static,0.0002757645291916375,False
VI_NDWI,Multi,RF(F690),Static,0.0002741727977552376,True
R520,Multi,BF(F440),Static,0.0002614669824179542,True
VI_NDRE,Multi,SR_F440_F690,Static,0.0002593080015018183,True
VI_NDWI,Multi,OJIP_FvFm,OJIP,0.0002539702848588755,True
R710,Multi,OJIP_FvFm,OJIP,0.0002519053647036448,True
R820,Multi,OJIP_ETo_RC,OJIP,0.0002517823737551728,True
VI_GNDVI,Multi,OJIP_Vi,OJIP,0.00025170823237799826,True
BF(F440),Static,RF(F690),Static,0.0002500961888883525,False
VI_NDRE,Multi,OJIP_Vi,OJIP,0.00024805462094720006,True
SR_F520_F690,Static,OJIP_FvFm,OJIP,0.0002479520110291042,True
R460,Multi,OJIP_ETo_RC,OJIP,0.00024326909199014896,True
RF(F690),Static,OJIP_ETo_RC,OJIP,0.00024255856611884655,True
R710,Multi,FrF(f740),Static,0.00023903089269334594,True
OJIP_Vj,OJIP,OJIP_DIo_RC_log,OJIP,0.00023729977964554865,False
R910,Multi,SR_F440_F520,Static,0.00023680298376206502,True
BF(F440),Static,OJIP_ETo_RC,OJIP,0.00023176551827796445,True
BF(F440),Static,OJIP_Vj,OJIP,0.00023091851548887935,True
FrF(f740),Static,OJIP_ETo_RC,OJIP,0.00023067480267430915,True
VI_PRI,Multi,VI_NDWI,Multi,0.00022220932826512625,False
R590,Multi,OJIP_ETo_RC,OJIP,0.00021386399401818898,True
VI_NDWI,Multi,OJIP_Vi,OJIP,0.0002088689029145782,True
R710,Multi,BF(F440),Static,0.00020847274250396203,True
FrF(f740),Static,SR_F440_F520,Static,0.00020741567401660584,False
VI_PRI,Multi,OJIP_ETo_RC,OJIP,0.0002069521960866379,True
SR_F440_F520,Static,SR_F440_F740,Static,0.00020281481512346048,False
VI_MTCI,Multi,BF(F440),Static,0.00019785707854887136,True
R850,Multi,VI_NDVI,Multi,0.00019627459850313992,False
OJIP_Vi,OJIP,OJIP_DIo_RC_log,OJIP,0.00019400989481495171,False
R780,Multi,VI_MTCI,Multi,0.0001939791440486983,False
GF(F520),Static,FrF(f740),Static,0.00018640932324222545,False
VI_EVI,Multi,VI_MTCI,Multi,0.0001860722089943004,False
SR_F440_F520,Static,SR_F520_F740,Static,0.00018327946467340577,False
VI_PRI,Multi,BF(F440),Static,0.0001823706632918087,True
OJIP_Vi,OJIP,OJIP_Vj,OJIP,0.00018102012180895374,False
BF(F440),Static,SR_F440_F690,Static,0.0001802529033962145,False
VI_MTCI,Multi,GF(F520),Static,0.00017817844110035373,True
R680,Multi,OJIP_Vi,OJIP,0.00017775792184434772,True
R780,Multi,OJIP_Vi,OJIP,0.00017177595308862082,True
R710,Multi,VI_NDWI,Multi,0.00016898895771498218,False
SR_F690_F740,Static,OJIP_FvFm,OJIP,0.00016360172966254,True
SR_F520_F740,Static,OJIP_FvFm,OJIP,0.0001634393813722919,True
VI_NDVI,Multi,RF(F690),Static,0.00016096900732611921,True
OJIP_TRo_RC,OJIP,OJIP_Vi,OJIP,0.000160275880711054,False
R460,Multi,R910,Multi,0.0001602194184216526,False
BF(F440),Static,SR_F690_F740,Static,0.00016001490114542146,False
SR_F520_F740,Static,OJIP_ETo_RC,OJIP,0.00015989085665017095,True
OJIP_ETo_RC,OJIP,OJIP_ABS_RC_log,OJIP,0.00015960223249908206,False
R710,Multi,SR_F440_F520,Static,0.00015756902648890903,True
VI_PRI,Multi,RF(F690),Static,0.00015445337970076102,True
FrF(f740),Static,SR_F690_F740,Static,0.00015432229381485938,False
OJIP_FvFm,OJIP,OJIP_PIabs,OJIP,0.00015421548912603053,False
SR_F440_F740,Static,OJIP_ETo_RC,OJIP,0.00015201155752007394,True
VI_NDVI,Multi,BF(F440),Static,0.0001516786711709681,True
R730,Multi,BF(F440),Static,0.00014998924493432714,True
R850,Multi,OJIP_Vi,OJIP,0.00014754561586951596,True
R710,Multi,OJIP_ETo_RC,OJIP,0.0001462014411745487,True
SR_F440_F740,Static,OJIP_Vi,OJIP,0.00014391337741515123,True
R710,Multi,OJIP_ABS_RC_log,OJIP,0.0001422551315488829,True
VI_EVI,Multi,OJIP_Vi,OJIP,0.00014098951038154302,True
BF(F440),Static,OJIP_PIabs,OJIP,0.00014036492380273524,True
SR_F440_F690,Static,OJIP_ABS_RC_log,OJIP,0.00013960530542063787,True
SR_F440_F690,Static,OJIP_TRo_RC,OJIP,0.00013823605975854435,True
VI_GNDVI,Multi,SR_F440_F520,Static,0.0001378700622847929,True
R820,Multi,VI_MTCI,Multi,0.00013611535070585213,False
VI_NDWI,Multi,OJIP_DIo_RC_log,OJIP,0.0001338978555630785,True
R460,Multi,SR_F440_F690,Static,0.00013343351715101962,True
R590,Multi,BF(F440),Static,0.00013240448312082465,True
OJIP_FvFm,OJIP,OJIP_ABS_RC_log,OJIP,0.0001316600936450499,False
VI_NDWI,Multi,BF(F440),Static,0.00013050212947835488,True
FrF(f740),Static,OJIP_FvFm,OJIP,0.00012997557332757254,True
R910,Multi,SR_F440_F740,Static,0.000128573379453446,True
R520,Multi,VI_NDVI,Multi,0.00012777213640842628,False
R520,Multi,VI_NDWI,Multi,0.0001257586239164479,False
R820,Multi,SR_F520_F740,Static,0.00012521220964742172,True
R680,Multi,OJIP_FvFm,OJIP,0.00012491641710917753,True
SR_F440_F690,Static,OJIP_PIabs,OJIP,0.00012410981503887476,True
R680,Multi,BF(F440),Static,0.00012376818679588644,True
R780,Multi,SR_F440_F690,Static,0.0001232010627544487,True
SR_F440_F740,Static,OJIP_FvFm,OJIP,0.00012228377134954415,True
VI_PRI,Multi,SR_F520_F740,Static,0.00012227147433355957,True
VI_NDRE,Multi,SR_F520_F690,Static,0.00012195504382297263,True
VI_PRI,Multi,SR_F440_F520,Static,0.00012106817156525904,True
R520,Multi,OJIP_DIo_RC_log,OJIP,0.00011907599635234225,True
SR_F440_F690,Static,OJIP_ETo_RC,OJIP,0.00011792449382228382,True
R590,Multi,SR_F440_F690,Static,0.00011778742639602065,True
R730,Multi,VI_NDRE,Multi,0.00011770231141257706,False
VI_NDVI,Multi,VI_NDRE,Multi,0.00011675135921623204,False
GF(F520),Static,OJIP_ETo_RC,OJIP,0.0001150070513870967,True
BF(F440),Static,FrF(f740),Static,0.00011420653361027094,False
R910,Multi,OJIP_ETo_RC,OJIP,0.00011234285259097745,True
VI_NDRE,Multi,BF(F440),Static,0.00011147322141467775,True
R910,Multi,SR_F440_F690,Static,0.00010901487678737322,True
VI_NDVI,Multi,OJIP_DIo_RC_log,OJIP,0.00010786816300864043,True
R820,Multi,VI_NDWI,Multi,0.00010737740539651447,False
R710,Multi,R730,Multi,0.00010676894393914442,False
VI_NDVI,Multi,SR_F440_F520,Static,0.00010642415912322223,True
R910,Multi,VI_EVI,Multi,0.00010618709429940444,False
SR_F440_F520,Static,OJIP_DIo_RC_log,OJIP,0.00010593109115829665,True
R820,Multi,GF(F520),Static,0.00010560689035657401,True
R820,Multi,SR_F690_F740,Static,0.00010303614735521612,True
VI_NDRE,Multi,OJIP_ETo_RC,OJIP,0.0001029332118579347,True
VI_PRI,Multi,OJIP_TRo_RC,OJIP,0.00010273844541531302,True
VI_GNDVI,Multi,FrF(f740),Static,0.0001020378613971067,True
R910,Multi,VI_NDVI,Multi,0.0001012011818590627,False
SR_F440_F690,Static,SR_F520_F740,Static,0.00010049388514022278,False
SR_F690_F740,Static,OJIP_Vj,OJIP,9.972222153216503e-05,True
BF(F440),Static,SR_F520_F740,Static,9.968453818125439e-05,False
R520,Multi,SR_F520_F740,Static,9.672039424275538e-05,True
VI_NDVI,Multi,OJIP_ETo_RC,OJIP,9.639746323404167e-05,True
R460,Multi,OJIP_FvFm,OJIP,9.564227069719336e-05,True
R780,Multi,SR_F440_F520,Static,9.54944195264675e-05,True
VI_EVI,Multi,OJIP_DIo_RC_log,OJIP,9.510910202818218e-05,True
VI_NDRE,Multi,OJIP_DIo_RC_log,OJIP,9.301565550855852e-05,True
R820,Multi,VI_NDVI,Multi,9.26867998676383e-05,False
R660,Multi,OJIP_FvFm,OJIP,9.207871285395154e-05,True
RF(F690),Static,OJIP_FvFm,OJIP,9.084988902702993e-05,True
R680,Multi,SR_F520_F740,Static,9.065247222297107e-05,True
FrF(f740),Static,SR_F440_F740,Static,9.062964931877881e-05,False
R780,Multi,SR_F520_F740,Static,9.020887189146333e-05,True
RF(F690),Static,SR_F520_F740,Static,8.896242428760988e-05,False
R660,Multi,GF(F520),Static,8.856245144276464e-05,True
R660,Multi,OJIP_TRo_RC,OJIP,8.73174387203793e-05,True
OJIP_PIabs,OJIP,OJIP_Vi,OJIP,8.727277490261157e-05,False
R590,Multi,SR_F520_F740,Static,8.399130131131741e-05,True
VI_NDWI,Multi,SR_F520_F690,Static,8.331017682884937e-05,True
R660,Multi,BF(F440),Static,8.287552766031545e-05,True
SR_F690_F740,Static,OJIP_ETo_RC,OJIP,8.23116768415241e-05,True
R850,Multi,SR_F440_F740,Static,8.221353640836924e-05,True
RF(F690),Static,SR_F440_F520,Static,8.190009451568748e-05,False
SR_F520_F690,Static,SR_F520_F740,Static,8.089404202216662e-05,False
R460,Multi,FrF(f740),Static,8.06105472965182e-05,True
VI_NDWI,Multi,OJIP_ETo_RC,OJIP,8.053602538795267e-05,True
SR_F520_F740,Static,OJIP_ABS_RC_log,OJIP,8.049036496540006e-05,True
OJIP_TRo_RC,OJIP,OJIP_ETo_RC,OJIP,8.03484652180559e-05,False
VI_EVI,Multi,SR_F520_F740,Static,7.856270091216816e-05,True
R820,Multi,SR_F440_F690,Static,7.764006724439965e-05,True
R850,Multi,VI_NDRE,Multi,7.661284559663157e-05,False
R460,Multi,VI_EVI,Multi,7.492427505042043e-05,False
BF(F440),Static,OJIP_ABS_RC_log,OJIP,7.486355762966406e-05,True
R780,Multi,SR_F520_F690,Static,7.426825659566147e-05,True
VI_EVI,Multi,OJIP_ETo_RC,OJIP,7.397063420709823e-05,True
SR_F690_F740,Static,SR_F440_F690,Static,7.350343003427283e-05,False
VI_MTCI,Multi,VI_GNDVI,Multi,7.294705857063304e-05,False
VI_PRI,Multi,OJIP_ABS_RC_log,OJIP,7.294409070670059e-05,True
R730,Multi,OJIP_Vi,OJIP,7.293925077493147e-05,True
SR_F440_F690,Static,OJIP_DIo_RC_log,OJIP,7.290624039929487e-05,True
OJIP_ETo_RC,OJIP,OJIP_DIo_RC_log,OJIP,7.26921310170206e-05,False
VI_NDRE,Multi,FrF(f740),Static,7.208028836809828e-05,True
R660,Multi,SR_F440_F690,Static,7.156315211188497e-05,True
SR_F520_F690,Static,SR_F440_F740,Static,7.153680411815151e-05,False
R730,Multi,SR_F440_F690,Static,7.045650432839689e-05,True
VI_EVI,Multi,GF(F520),Static,7.027577033974088e-05,True
VI_NDWI,Multi,SR_F440_F520,Static,6.992801922808694e-05,True
R710,Multi,R820,Multi,6.934271780429616e-05,False
OJIP_ETo_RC,OJIP,OJIP_Vj,OJIP,6.931771229393262e-05,False
R850,Multi,SR_F440_F690,Static,6.928132328494642e-05,True
R910,Multi,FrF(f740),Static,6.865162801171204e-05,True
R520,Multi,R590,Multi,6.757197743470272e-05,False
R520,Multi,SR_F440_F690,Static,6.717192382228332e-05,True
R820,Multi,OJIP_FvFm,OJIP,6.703501186233357e-05,True
VI_NDWI,Multi,GF(F520),Static,6.612976079477027e-05,True
SR_F440_F690,Static,SR_F440_F520,Static,6.492529736056557e-05,False
SR_F690_F740,Static,SR_F440_F520,Static,6.460624633940569e-05,False
OJIP_TRo_RC,OJIP,OJIP_Vj,OJIP,6.456707010063578e-05,False
FrF(f740),Static,SR_F520_F690,Static,6.434047678690726e-05,False
VI_MTCI,Multi,OJIP_ETo_RC,OJIP,6.306325615755838e-05,True
VI_PRI,Multi,OJIP_FvFm,OJIP,6.285274646835074e-05,True
R820,Multi,SR_F440_F520,Static,6.211458358095862e-05,True
VI_NDWI,Multi,FrF(f740),Static,6.157019901907591e-05,True
R850,Multi,FrF(f740),Static,6.149879792321371e-05,True
VI_EVI,Multi,RF(F690),Static,6.133949385295491e-05,True
R780,Multi,R820,Multi,6.13278724931239e-05,False
R780,Multi,OJIP_ETo_RC,OJIP,6.0921078167330405e-05,True
R820,Multi,R910,Multi,5.9978686077163926e-05,False
R850,Multi,SR_F440_F520,Static,5.982668397735764e-05,True
R710,Multi,VI_PRI,Multi,5.871185381838798e-05,False
SR_F520_F740,Static,OJIP_PIabs,OJIP,5.830194157477281e-05,True
VI_GNDVI,Multi,SR_F440_F690,Static,5.8263826722526436e-05,True
R590,Multi,SR_F440_F520,Static,5.8013742096819896e-05,True
R660,Multi,VI_NDWI,Multi,5.798273490575759e-05,False
R680,Multi,VI_NDWI,Multi,5.775745367332299e-05,False
R590,Multi,R850,Multi,5.735999571249152e-05,False
FrF(f740),Static,SR_F440_F690,Static,5.7064479364335235e-05,False
R460,Multi,VI_NDVI,Multi,5.639346399144383e-05,False
FrF(f740),Static,OJIP_Vj,OJIP,5.620371929844105e-05,True
R460,Multi,VI_NDWI,Multi,5.547341828743112e-05,False
R520,Multi,OJIP_ETo_RC,OJIP,5.524032038847808e-05,True
VI_EVI,Multi,SR_F440_F690,Static,5.5071896166601494e-05,True
VI_EVI,Multi,VI_GNDVI,Multi,5.501213862675817e-05,False
VI_NDRE,Multi,OJIP_PIabs,OJIP,5.474950307843993e-05,True
R460,Multi,OJIP_Vi,OJIP,5.449091095631635e-05,True
VI_NDRE,Multi,SR_F440_F520,Static,5.359158932455186e-05,True
R850,Multi,OJIP_ABS_RC_log,OJIP,5.307362313592211e-05,True
R710,Multi,VI_NDRE,Multi,5.266770933571542e-05,False
VI_NDRE,Multi,VI_EVI,Multi,5.246069776557472e-05,False
VI_EVI,Multi,BF(F440),Static,5.241526896492889e-05,True
R910,Multi,BF(F440),Static,5.235834174484217e-05,True
R680,Multi,SR_F440_F520,Static,5.1924198843908874e-05,True
R910,Multi,GF(F520),Static,5.115180351500838e-05,True
R850,Multi,OJIP_ETo_RC,OJIP,5.090213934757466e-05,True
SR_F440_F520,Static,OJIP_ABS_RC_log,OJIP,5.0211639201188064e-05,True
R780,Multi,VI_NDRE,Multi,4.999692349820837e-05,False
VI_MTCI,Multi,SR_F440_F520,Static,4.9703173169384195e-05,True
R850,Multi,OJIP_FvFm,OJIP,4.969869184315157e-05,True
VI_PRI,Multi,FrF(f740),Static,4.966039166811126e-05,True
R730,Multi,VI_NDWI,Multi,4.909346700565366e-05,False
SR_F520_F740,Static,OJIP_Vj,OJIP,4.7757277590951294e-05,True
VI_PRI,Multi,SR_F440_F690,Static,4.7616492734629383e-05,True
R730,Multi,OJIP_ETo_RC,OJIP,4.7020227707786356e-05,True
SR_F440_F520,Static,OJIP_PIabs,OJIP,4.6688707801670536e-05,True
GF(F520),Static,OJIP_TRo_RC,OJIP,4.66505760702671e-05,True
VI_NDWI,Multi,OJIP_PIabs,OJIP,4.575711733648667e-05,True
R780,Multi,FrF(f740),Static,4.50365697801415e-05,True
R680,Multi,VI_GNDVI,Multi,4.498357820533141e-05,False
SR_F520_F690,Static,OJIP_Vj,OJIP,4.469523252211316e-05,True
R680,Multi,OJIP_ETo_RC,OJIP,4.434100361391098e-05,True
GF(F520),Static,RF(F690),Static,4.4037497406196816e-05,False
VI_NDRE,Multi,VI_NDWI,Multi,4.3815511257230344e-05,False
VI_GNDVI,Multi,SR_F520_F740,Static,4.372178471345813e-05,True
R680,Multi,GF(F520),Static,4.3596149747485165e-05,True
R910,Multi,OJIP_ABS_RC_log,OJIP,4.271943710819343e-05,True
OJIP_TRo_RC,OJIP,OJIP_ABS_RC_log,OJIP,4.238814754875585e-05,False
VI_NDWI,Multi,OJIP_Vj,OJIP,4.204070092730349e-05,True
R590,Multi,OJIP_FvFm,OJIP,4.181620810856579e-05,True
R730,Multi,SR_F440_F520,Static,4.137957763930502e-05,True
R730,Multi,SR_F440_F740,Static,4.1210789503105355e-05,True
VI_GNDVI,Multi,OJIP_ETo_RC,OJIP,4.0490554437031226e-05,True
R730,Multi,GF(F520),Static,4.027887642003987e-05,True
VI_NDWI,Multi,SR_F440_F690,Static,4.017439377034753e-05,True
SR_F440_F740,Static,OJIP_PIabs,OJIP,3.964188331194134e-05,True
R820,Multi,OJIP_TRo_RC,OJIP,3.938203691471427e-05,True
R590,Multi,OJIP_TRo_RC,OJIP,3.769944940101645e-05,True
BF(F440),Static,OJIP_TRo_RC,OJIP,3.7491178091890265e-05,True
R780,Multi,OJIP_DIo_RC_log,OJIP,3.697540307485181e-05,True
R820,Multi,FrF(f740),Static,3.668629979754059e-05,True
SR_F440_F520,Static,OJIP_Vj,OJIP,3.644617955113837e-05,True
VI_EVI,Multi,OJIP_TRo_RC,OJIP,3.581131551102408e-05,True
VI_EVI,Multi,FrF(f740),Static,3.496642706665336e-05,True
FrF(f740),Static,OJIP_DIo_RC_log,OJIP,3.4447474467936115e-05,True
SR_F690_F740,Static,OJIP_TRo_RC,OJIP,3.4237382566801505e-05,True
RF(F690),Static,SR_F440_F690,Static,3.3977676721537114e-05,False
VI_GNDVI,Multi,OJIP_DIo_RC_log,OJIP,3.3753961381585926e-05,True
VI_NDWI,Multi,SR_F440_F740,Static,3.369691659781183e-05,True
VI_GNDVI,Multi,SR_F520_F690,Static,3.342791383343569e-05,True
RF(F690),Static,SR_F520_F690,Static,3.295917745634826e-05,False
VI_EVI,Multi,OJIP_Vj,OJIP,3.2806033495749954e-05,True
R660,Multi,VI_PRI,Multi,3.2568244538098007e-05,False
R460,Multi,GF(F520),Static,3.2549430967734186e-05,True
R730,Multi,FrF(f740),Static,3.240613130434738e-05,True
R710,Multi,SR_F440_F690,Static,3.2263066484024184e-05,True
R730,Multi,R780,Multi,3.122375267433658e-05,False
VI_PRI,Multi,OJIP_Vj,OJIP,3.1071681561863155e-05,True
R590,Multi,VI_PRI,Multi,3.1049767724189126e-05,False
R780,Multi,BF(F440),Static,3.0727172636250936e-05,True
R590,Multi,GF(F520),Static,3.057420959032387e-05,True
R820,Multi,BF(F440),Static,3.057297533221939e-05,True
R460,Multi,BF(F440),Static,3.055013432668569e-05,True
R660,Multi,OJIP_Vi,OJIP,3.0543300581748045e-05,True
GF(F520),Static,SR_F440_F690,Static,3.0366252574865276e-05,False
R910,Multi,VI_PRI,Multi,2.9456397005931236e-05,False
VI_NDRE,Multi,OJIP_FvFm,OJIP,2.8557550507578272e-05,True
VI_NDRE,Multi,GF(F520),Static,2.8488905041894264e-05,True
R660,Multi,SR_F440_F520,Static,2.8086735965474952e-05,True
R660,Multi,SR_F520_F690,Static,2.7536798605905474e-05,True
GF(F520),Static,OJIP_PIabs,OJIP,2.725490177620949e-05,True
R820,Multi,VI_PRI,Multi,2.724368301007107e-05,False
SR_F440_F740,Static,OJIP_Vj,OJIP,2.6336297468163335e-05,True
SR_F690_F740,Static,OJIP_PIabs,OJIP,2.585137639024427e-05,True
R710,Multi,VI_GNDVI,Multi,2.5489903379550195e-05,False
SR_F690_F740,Static,SR_F440_F740,Static,2.4972550887377867e-05,False
R680,Multi,VI_NDRE,Multi,2.4651311157436915e-05,False
OJIP_ABS_RC_log,OJIP,OJIP_DIo_RC_log,OJIP,2.4212516190031316e-05,False
SR_F690_F740,Static,OJIP_Vi,OJIP,2.3993023059210142e-05,True
R850,Multi,BF(F440),Static,2.390236039780878e-05,True
OJIP_PIabs,OJIP,OJIP_DIo_RC_log,OJIP,2.351192270033633e-05,False
R820,Multi,SR_F520_F690,Static,2.3313418566732173e-05,True
R780,Multi,OJIP_FvFm,OJIP,2.3187757477655514e-05,True
R710,Multi,RF(F690),Static,2.30387172140621e-05,True
SR_F520_F690,Static,OJIP_PIabs,OJIP,2.3017062392588905e-05,True
SR_F440_F690,Static,SR_F440_F740,Static,2.2329048281894134e-05,False
R460,Multi,VI_PRI,Multi,2.2104351652427887e-05,False
R680,Multi,OJIP_DIo_RC_log,OJIP,2.1648687965350967e-05,True
R460,Multi,SR_F440_F520,Static,2.1385461157004415e-05,True
VI_NDVI,Multi,FrF(f740),Static,2.1008804426762567e-05,True
VI_PRI,Multi,SR_F690_F740,Static,2.0738009809391147e-05,True
VI_EVI,Multi,VI_NDWI,Multi,1.989449192618638e-05,False
VI_NDRE,Multi,SR_F690_F740,Static,1.9837488057552875e-05,True
R460,Multi,OJIP_PIabs,OJIP,1.9634730761935212e-05,True
R850,Multi,VI_PRI,Multi,1.9440892125270254e-05,False
R460,Multi,SR_F520_F690,Static,1.8812855552870315e-05,True
R910,Multi,VI_NDWI,Multi,1.8622029217277014e-05,False
SR_F520_F690,Static,OJIP_ETo_RC,OJIP,1.745265925194997e-05,True
SR_F520_F740,Static,OJIP_TRo_RC,OJIP,1.6845307019317022e-05,True
R710,Multi,SR_F440_F740,Static,1.6761900754563183e-05,True
VI_PRI,Multi,GF(F520),Static,1.651710799595146e-05,True
SR_F690_F740,Static,OJIP_DIo_RC_log,OJIP,1.5888935102924666e-05,True
VI_PRI,Multi,SR_F440_F740,Static,1.527388700079965e-05,True
R710,Multi,SR_F520_F690,Static,1.525736253448082e-05,True
VI_PRI,Multi,OJIP_PIabs,OJIP,1.5116705411046427e-05,True
R730,Multi,OJIP_PIabs,OJIP,1.5079333325659764e-05,True
R460,Multi,VI_NDRE,Multi,1.419761682120483e-05,False
R820,Multi,RF(F690),Static,1.365076035646059e-05,True
R850,Multi,SR_F690_F740,Static,1.3616275939552728e-05,True
OJIP_PIabs,OJIP,OJIP_Vj,OJIP,1.3542492408758628e-05,False
R680,Multi,SR_F520_F690,Static,1.3523313075024809e-05,True
R710,Multi,GF(F520),Static,1.2396728676269129e-05,True
SR_F690_F740,Static,SR_F520_F690,Static,1.1727907239677789e-05,False
RF(F690),Static,SR_F440_F740,Static,1.1101392166002281e-05,False
R680,Multi,RF(F690),Static,1.0528965962893342e-05,True
SR_F520_F690,Static,OJIP_ABS_RC_log,OJIP,1.0073797147475995e-05,True
R460,Multi,OJIP_DIo_RC_log,OJIP,1.007271896050683e-05,True
R520,Multi,VI_NDRE,Multi,9.03078815523297e-06,False
R680,Multi,VI_PRI,Multi,8.498649396828582e-06,False
R730,Multi,SR_F520_F690,Static,8.330583755266256e-06,True
OJIP_PIabs,OJIP,OJIP_ETo_RC,OJIP,8.018287178386796e-06,False
R710,Multi,SR_F520_F740,Static,7.722331499127422e-06,True
VI_NDRE,Multi,VI_PRI,Multi,7.3002887771800865e-06,False
R710,Multi,OJIP_TRo_RC,OJIP,6.985656117938508e-06,True
SR_F520_F690,Static,OJIP_DIo_RC_log,OJIP,6.080316080671859e-06,True
R520,Multi,R710,Multi,5.0156755771519475e-06,False
VI_NDWI,Multi,SR_F690_F740,Static,4.755480891379852e-06,True
R520,Multi,SR_F520_F690,Static,4.741284401508022e-06,True
R730,Multi,VI_MTCI,Multi,4.347758685406461e-06,False
FrF(f740),Static,OJIP_ABS_RC_log,OJIP,4.191872275374238e-06,True
SR_F440_F740,Static,OJIP_DIo_RC_log,OJIP,4.141755626676226e-06,True
R780,Multi,VI_PRI,Multi,3.810702625562776e-06,False
R460,Multi,SR_F440_F740,Static,3.71014451949896e-06,True
R460,Multi,R520,Multi,3.0478441464207786e-06,False
R850,Multi,SR_F520_F740,Static,3.0306467687934713e-06,True
R910,Multi,OJIP_DIo_RC_log,OJIP,2.628679728963997e-06,True
VI_SIPI,Multi,BF(F440),Static,2.038272123883397e-06,True
R710,Multi,OJIP_DIo_RC_log,OJIP,1.912416464970186e-06,True
R520,Multi,R660,Multi,1.8062458184030612e-06,False
FrF(f740),Static,SR_F520_F740,Static,1.7583355140417075e-06,False
R520,Multi,OJIP_Vj,OJIP,1.5951091581255692e-06,True
R660,Multi,OJIP_DIo_RC_log,OJIP,1.4964320941704234e-06,True
R520,Multi,OJIP_PIabs,OJIP,1.4191443634741303e-06,True
VI_SIPI,Multi,SR_F440_F690,Static,1.3348287579612214e-06,True
R660,Multi,OJIP_Vj,OJIP,1.3323921648197857e-06,True
VI_SIPI,Multi,SR_F520_F690,Static,1.2166538677455391e-06,True
R730,Multi,OJIP_DIo_RC_log,OJIP,1.1627158314705146e-06,True
R660,Multi,OJIP_ABS_RC_log,OJIP,1.1507855854297131e-06,True
R660,Multi,OJIP_PIabs,OJIP,1.1132800151834705e-06,True
R660,Multi,FrF(f740),Static,1.092448341312388e-06,True
R520,Multi,R730,Multi,9.126850726056261e-07,False
R660,Multi,OJIP_ETo_RC,OJIP,7.262072003665566e-07,True
R710,Multi,OJIP_PIabs,OJIP,6.098066336194981e-07,True
R460,Multi,R660,Multi,5.562788999596916e-07,False
OJIP_PIabs,OJIP,OJIP_TRo_RC,OJIP,5.111858016647455e-07,False
OJIP_PIabs,OJIP,OJIP_ABS_RC_log,OJIP,5.039350656401942e-07,False
R520,Multi,FrF(f740),Static,4.821584326807499e-07,True
R730,Multi,OJIP_Vj,OJIP,4.7235997843723936e-07,True
R460,Multi,OJIP_Vj,OJIP,4.3046889624556193e-07,True
R710,Multi,OJIP_Vj,OJIP,4.240981171473206e-07,True
RF(F690),Static,OJIP_PIabs,OJIP,3.124064103950471e-07,True
R460,Multi,RF(F690),Static,1.6772402982744822e-07,True
RF(F690),Static,OJIP_Vj,OJIP,1.6746927758666563e-07,True
R660,Multi,SR_F520_F740,Static,1.3535601905748514e-07,True
R520,Multi,OJIP_ABS_RC_log,OJIP,1.252452534694677e-07,True
R660,Multi,RF(F690),Static,7.014188740473067e-08,True
OJIP_Vj,OJIP,OJIP_ABS_RC_log,OJIP,6.734880297023758e-08,False
SR_F520_F740,Static,OJIP_DIo_RC_log,OJIP,5.892758469349949e-08,True
GF(F520),Static,OJIP_Vj,OJIP,5.3923977014514594e-08,True
R520,Multi,GF(F520),Static,4.518314956634567e-08,True
R730,Multi,SR_F520_F740,Static,4.507062823982681e-08,True
GF(F520),Static,OJIP_DIo_RC_log,OJIP,3.9729494298332326e-08,True
RF(F690),Static,OJIP_DIo_RC_log,OJIP,2.4119259951206785e-08,True
R520,Multi,RF(F690),Static,2.378190372809063e-08,True
R730,Multi,RF(F690),Static,1.3500299400710056e-08,True
R680,Multi,VI_MTCI,Multi,0.0,False
R660,Multi,VI_SIPI,Multi,0.0,False
RF(F690),Static,SR_F690_F740,Static,0.0,False
R660,Multi,VI_GNDVI,Multi,0.0,False
R660,Multi,VI_MTCI,Multi,0.0,False
R680,Multi,SR_F690_F740,Static,0.0,True
R460,Multi,R680,Multi,0.0,False
R660,Multi,R910,Multi,0.0,False
R660,Multi,VI_NDRE,Multi,0.0,False
R680,Multi,FrF(f740),Static,0.0,True
R460,Multi,VI_GNDVI,Multi,0.0,False
R660,Multi,VI_EVI,Multi,0.0,False
R660,Multi,VI_NDVI,Multi,0.0,False
RF(F690),Static,OJIP_TRo_RC,OJIP,0.0,True
RF(F690),Static,FrF(f740),Static,0.0,False
R460,Multi,R730,Multi,0.0,False
R660,Multi,SR_F690_F740,Static,0.0,True
GF(F520),Static,OJIP_ABS_RC_log,OJIP,0.0,True
R680,Multi,R850,Multi,0.0,False
R680,Multi,R710,Multi,0.0,False
R680,Multi,R730,Multi,0.0,False
R460,Multi,R820,Multi,0.0,False
R680,Multi,R780,Multi,0.0,False
GF(F520),Static,SR_F690_F740,Static,0.0,False
R680,Multi,R820,Multi,0.0,False
R460,Multi,R850,Multi,0.0,False
R460,Multi,R710,Multi,0.0,False
R460,Multi,VI_SIPI,Multi,0.0,False
R680,Multi,VI_SIPI,Multi,0.0,False
R680,Multi,R910,Multi,0.0,False
R460,Multi,VI_MTCI,Multi,0.0,False
R680,Multi,VI_NDVI,Multi,0.0,False
GF(F520),Static,SR_F440_F740,Static,0.0,False
GF(F520),Static,SR_F520_F740,Static,0.0,False
R680,Multi,VI_EVI,Multi,0.0,False
R660,Multi,SR_F440_F740,Static,0.0,True
R460,Multi,R780,Multi,0.0,False
GF(F520),Static,SR_F520_F690,Static,0.0,False
SR_F440_F740,Static,SR_F520_F740,Static,0.0,False
RF(F690),Static,OJIP_ABS_RC_log,OJIP,0.0,True
R660,Multi,R850,Multi,0.0,False
R520,Multi,R680,Multi,0.0,False
R590,Multi,VI_NDRE,Multi,0.0,False
R590,Multi,VI_NDVI,Multi,0.0,False
R590,Multi,R910,Multi,0.0,False
R590,Multi,R820,Multi,0.0,False
R590,Multi,R780,Multi,0.0,False
R590,Multi,R730,Multi,0.0,False
R590,Multi,R710,Multi,0.0,False
R590,Multi,R680,Multi,0.0,False
R590,Multi,R660,Multi,0.0,False
R520,Multi,OJIP_TRo_RC,OJIP,0.0,True
SR_F440_F740,Static,OJIP_ABS_RC_log,OJIP,0.0,True
R520,Multi,SR_F440_F740,Static,0.0,True
SR_F440_F520,Static,OJIP_TRo_RC,OJIP,0.0,True
R520,Multi,R780,Multi,0.0,False
R520,Multi,SR_F440_F520,Static,0.0,True
R520,Multi,SR_F690_F740,Static,0.0,True
R520,Multi,VI_GNDVI,Multi,0.0,False
R520,Multi,VI_MTCI,Multi,0.0,False
R520,Multi,R850,Multi,0.0,False
SR_F520_F690,Static,OJIP_TRo_RC,OJIP,0.0,True
R520,Multi,R910,Multi,0.0,False
R520,Multi,VI_PRI,Multi,0.0,False
SR_F440_F740,Static,OJIP_TRo_RC,OJIP,0.0,True
R520,Multi,VI_EVI,Multi,0.0,False
R590,Multi,VI_EVI,Multi,0.0,False
R590,Multi,VI_SIPI,Multi,0.0,False
R460,Multi,OJIP_ABS_RC_log,OJIP,0.0,True
R590,Multi,OJIP_ABS_RC_log,OJIP,0.0,True
R460,Multi,SR_F690_F740,Static,0.0,True
R660,Multi,R820,Multi,0.0,False
R520,Multi,VI_SIPI,Multi,0.0,False
R660,Multi,R780,Multi,0.0,False
R660,Multi,R730,Multi,0.0,False
R460,Multi,SR_F520_F740,Static,0.0,True
R660,Multi,R710,Multi,0.0,False
R660,Multi,R680,Multi,0.0,False
FrF(f740),Static,OJIP_PIabs,OJIP,0.0,True
FrF(f740),Static,OJIP_TRo_RC,OJIP,0.0,True
R590,Multi,OJIP_DIo_RC_log,OJIP,0.0,True
R590,Multi,OJIP_Vj,OJIP,0.0,True
SR_F690_F740,Static,OJIP_ABS_RC_log,OJIP,0.0,True
R460,Multi,OJIP_TRo_RC,OJIP,0.0,True
R590,Multi,OJIP_PIabs,OJIP,0.0,True
R590,Multi,SR_F440_F740,Static,0.0,True
R590,Multi,SR_F520_F690,Static,0.0,True
R590,Multi,SR_F690_F740,Static,0.0,True
SR_F690_F740,Static,SR_F520_F740,Static,0.0,False
R590,Multi,FrF(f740),Static,0.0,True
R590,Multi,RF(F690),Static,0.0,True
R590,Multi,VI_NDWI,Multi,0.0,False
R590,Multi,VI_GNDVI,Multi,0.0,False
R590,Multi,VI_MTCI,Multi,0.0,False
R680,Multi,SR_F440_F690,Static,0.0,True
R910,Multi,VI_MTCI,Multi,0.0,False
R680,Multi,SR_F440_F740,Static,0.0,True
R820,Multi,SR_F440_F740,Static,0.0,True
R820,Multi,VI_NDRE,Multi,0.0,False
R820,Multi,VI_EVI,Multi,0.0,False
VI_NDRE,Multi,OJIP_TRo_RC,OJIP,0.0,True
R820,Multi,VI_SIPI,Multi,0.0,False
R820,Multi,VI_GNDVI,Multi,0.0,False
VI_NDRE,Multi,SR_F520_F740,Static,0.0,True
VI_NDRE,Multi,SR_F440_F740,Static,0.0,True
R820,Multi,OJIP_PIabs,OJIP,0.0,True
R780,Multi,VI_SIPI,Multi,0.0,False
VI_NDRE,Multi,RF(F690),Static,0.0,True
R820,Multi,OJIP_Vj,OJIP,0.0,True
R820,Multi,OJIP_ABS_RC_log,OJIP,0.0,True
R820,Multi,OJIP_DIo_RC_log,OJIP,0.0,True
VI_NDRE,Multi,VI_GNDVI,Multi,0.0,False
VI_NDRE,Multi,VI_MTCI,Multi,0.0,False
VI_NDRE,Multi,VI_SIPI,Multi,0.0,False
VI_NDRE,Multi,OJIP_Vj,OJIP,0.0,True
VI_NDRE,Multi,OJIP_ABS_RC_log,OJIP,0.0,True
R820,Multi,R850,Multi,0.0,False
VI_EVI,Multi,VI_SIPI,Multi,0.0,False
R780,Multi,VI_NDWI,Multi,0.0,False
VI_EVI,Multi,OJIP_PIabs,OJIP,0.0,True
R780,Multi,GF(F520),Static,0.0,True
R780,Multi,RF(F690),Static,0.0,True
VI_EVI,Multi,SR_F440_F740,Static,0.0,True
VI_EVI,Multi,SR_F520_F690,Static,0.0,True
VI_EVI,Multi,SR_F440_F520,Static,0.0,True
R780,Multi,SR_F690_F740,Static,0.0,True
VI_EVI,Multi,SR_F690_F740,Static,0.0,True
R780,Multi,SR_F440_F740,Static,0.0,True
R780,Multi,OJIP_PIabs,OJIP,0.0,True
R780,Multi,OJIP_TRo_RC,OJIP,0.0,True
R780,Multi,OJIP_Vj,OJIP,0.0,True
R780,Multi,OJIP_ABS_RC_log,OJIP,0.0,True
VI_EVI,Multi,VI_PRI,Multi,0.0,False
R850,Multi,R910,Multi,0.0,False
R850,Multi,VI_EVI,Multi,0.0,False
VI_NDVI,Multi,OJIP_ABS_RC_log,OJIP,0.0,True
VI_NDVI,Multi,VI_EVI,Multi,0.0,False
R910,Multi,OJIP_Vj,OJIP,0.0,True
R850,Multi,SR_F520_F690,Static,0.0,True
R910,Multi,OJIP_TRo_RC,OJIP,0.0,True
R910,Multi,OJIP_PIabs,OJIP,0.0,True
R460,Multi,R590,Multi,0.0,False
R910,Multi,SR_F520_F740,Static,0.0,True
R850,Multi,OJIP_PIabs,OJIP,0.0,True
R910,Multi,SR_F520_F690,Static,0.0,True
R850,Multi,OJIP_TRo_RC,OJIP,0.0,True
R850,Multi,OJIP_Vj,OJIP,0.0,True
R910,Multi,SR_F690_F740,Static,0.0,True
R850,Multi,OJIP_DIo_RC_log,OJIP,0.0,True
R910,Multi,RF(F690),Static,0.0,True
R910,Multi,VI_NDRE,Multi,0.0,False
R910,Multi,VI_SIPI,Multi,0.0,False
R850,Multi,RF(F690),Static,0.0,True
VI_NDVI,Multi,VI_SIPI,Multi,0.0,False
VI_NDVI,Multi,OJIP_Vj,OJIP,0.0,True
VI_NDVI,Multi,VI_PRI,Multi,0.0,False
R850,Multi,VI_SIPI,Multi,0.0,False
VI_NDVI,Multi,OJIP_TRo_RC,OJIP,0.0,True
VI_NDVI,Multi,OJIP_PIabs,OJIP,0.0,True
R850,Multi,VI_MTCI,Multi,0.0,False
VI_NDVI,Multi,SR_F520_F740,Static,0.0,True
VI_NDVI,Multi,SR_F440_F740,Static,0.0,True
VI_NDVI,Multi,SR_F520_F690,Static,0.0,True
R850,Multi,VI_GNDVI,Multi,0.0,False
R850,Multi,VI_NDWI,Multi,0.0,False
VI_NDVI,Multi,SR_F690_F740,Static,0.0,True
VI_NDVI,Multi,GF(F520),Static,0.0,True
R850,Multi,GF(F520),Static,0.0,True
VI_NDVI,Multi,VI_NDWI,Multi,0.0,False
VI_NDVI,Multi,VI_GNDVI,Multi,0.0,False
VI_NDVI,Multi,VI_MTCI,Multi,0.0,False
R780,Multi,VI_GNDVI,Multi,0.0,False
VI_EVI,Multi,OJIP_ABS_RC_log,OJIP,0.0,True
VI_NDWI,Multi,OJIP_ABS_RC_log,OJIP,0.0,True
VI_MTCI,Multi,OJIP_Vj,OJIP,0.0,True
VI_GNDVI,Multi,SR_F440_F740,Static,0.0,True
VI_GNDVI,Multi,SR_F690_F740,Static,0.0,True
VI_GNDVI,Multi,RF(F690),Static,0.0,True
VI_GNDVI,Multi,GF(F520),Static,0.0,True
VI_GNDVI,Multi,VI_NDWI,Multi,0.0,False
VI_MTCI,Multi,OJIP_DIo_RC_log,OJIP,0.0,True
VI_MTCI,Multi,OJIP_ABS_RC_log,OJIP,0.0,True
R730,Multi,R820,Multi,0.0,False
R780,Multi,VI_EVI,Multi,0.0,False
R730,Multi,R850,Multi,0.0,False
VI_MTCI,Multi,OJIP_TRo_RC,OJIP,0.0,True
VI_MTCI,Multi,OJIP_PIabs,OJIP,0.0,True
R730,Multi,R910,Multi,0.0,False
VI_MTCI,Multi,SR_F520_F740,Static,0.0,True
VI_MTCI,Multi,SR_F440_F740,Static,0.0,True
VI_MTCI,Multi,SR_F520_F690,Static,0.0,True
VI_GNDVI,Multi,OJIP_FvFm,OJIP,0.0,True
VI_GNDVI,Multi,OJIP_PIabs,OJIP,0.0,True
VI_GNDVI,Multi,OJIP_TRo_RC,OJIP,0.0,True
R710,Multi,SR_F690_F740,Static,0.0,True
R680,Multi,OJIP_PIabs,OJIP,0.0,True
R680,Multi,OJIP_TRo_RC,OJIP,0.0,True
R680,Multi,OJIP_Vj,OJIP,0.0,True
VI_NDWI,Multi,OJIP_TRo_RC,OJIP,0.0,True
R680,Multi,OJIP_ABS_RC_log,OJIP,0.0,True
VI_NDWI,Multi,SR_F520_F740,Static,0.0,True
R710,Multi,R780,Multi,0.0,False
R710,Multi,R850,Multi,0.0,False
R710,Multi,R910,Multi,0.0,False
R710,Multi,VI_NDVI,Multi,0.0,False
R710,Multi,VI_EVI,Multi,0.0,False
R710,Multi,VI_SIPI,Multi,0.0,False
R710,Multi,VI_MTCI,Multi,0.0,False
R910,Multi,VI_GNDVI,Multi,0.0,False
VI_GNDVI,Multi,OJIP_Vj,OJIP,0.0,True
R730,Multi,VI_NDVI,Multi,0.0,False
R730,Multi,VI_EVI,Multi,0.0,False
VI_MTCI,Multi,SR_F690_F740,Static,0.0,True
VI_SIPI,Multi,OJIP_Vj,OJIP,0.0,True
VI_SIPI,Multi,OJIP_ETo_RC,OJIP,0.0,True
VI_SIPI,Multi,OJIP_TRo_RC,OJIP,0.0,True
VI_SIPI,Multi,OJIP_PIabs,OJIP,0.0,True
VI_SIPI,Multi,OJIP_FvFm,OJIP,0.0,True
VI_SIPI,Multi,SR_F520_F740,Static,0.0,True
VI_SIPI,Multi,SR_F440_F740,Static,0.0,True
VI_SIPI,Multi,SR_F440_F520,Static,0.0,True
VI_SIPI,Multi,SR_F690_F740,Static,0.0,True
VI_SIPI,Multi,FrF(f740),Static,0.0,True
VI_SIPI,Multi,RF(F690),Static,0.0,True
VI_SIPI,Multi,GF(F520),Static,0.0,True
VI_SIPI,Multi,VI_NDWI,Multi,0.0,False
VI_SIPI,Multi,VI_GNDVI,Multi,0.0,False
VI_SIPI,Multi,VI_MTCI,Multi,0.0,False
VI_SIPI,Multi,VI_PRI,Multi,0.0,False
VI_SIPI,Multi,OJIP_Vi,OJIP,0.0,True
VI_SIPI,Multi,OJIP_ABS_RC_log,OJIP,0.0,True
VI_MTCI,Multi,FrF(f740),Static,0.0,True
VI_SIPI,Multi,OJIP_DIo_RC_log,OJIP,0.0,True
VI_MTCI,Multi,RF(F690),Static,0.0,True
R730,Multi,VI_SIPI,Multi,0.0,False
R730,Multi,VI_PRI,Multi,0.0,False
VI_MTCI,Multi,VI_NDWI,Multi,0.0,False
VI_PRI,Multi,OJIP_DIo_RC_log,OJIP,0.0,True
R730,Multi,VI_GNDVI,Multi,0.0,False
R730,Multi,SR_F690_F740,Static,0.0,True
R730,Multi,OJIP_FvFm,OJIP,0.0,True
R730,Multi,OJIP_TRo_RC,OJIP,0.0,True
R730,Multi,OJIP_ABS_RC_log,OJIP,0.0,True
R780,Multi,R850,Multi,0.0,False
R780,Multi,R910,Multi,0.0,False
R780,Multi,VI_NDVI,Multi,0.0,False
VI_PRI,Multi,VI_GNDVI,Multi,0.0,False
VI_PRI,Multi,VI_MTCI,Multi,0.0,False
VI_GNDVI,Multi,OJIP_ABS_RC_log,OJIP,0.0,True
