Sample_ID,Treatment,Variety,Sample,OJIP_ABS_RC,OJIP_DIo_RC,OJIP_ETo_RC,OJIP_Fm,OJIP_Fo,OJIP_Fv,OJIP_FvFm,OJIP_N,OJIP_PIabs,OJIP_Sm,OJIP_TRo_RC,OJIP_Vi,OJIP_Vj,OJIP_phiEo,OJIP_phiPo,OJIP_psiEo,D_conv,D_stress,D_recovery,Category,Rank
CK1_12_1,CK1,12,1,1.4824243243243242,0.251581081081081,0.6608405405405405,25418.783783783783,4312.702702702703,21106.08108108108,0.8303783783783782,15.124040540540545,3.330548648648649,12.32218918918919,1.230845945945946,0.8589243243243242,0.4610702702702703,0.4476702702702702,0.8303486486486487,0.5389297297297296,0.2649762862421151,0.2427274916209154,0.2872250808633149,Sensitive,9
CK1_12_2,CK1,12,2,1.4408361111111112,0.2407,0.6581166666666666,27221.5,4651.502777777778,22569.99722222222,0.8323555555555555,15.453908333333333,3.676697222222222,12.980319444444444,1.2001416666666662,0.8466305555555556,0.448825,0.4591166666666666,0.8323188888888889,0.5511750000000002,0.2649762862421151,0.2427274916209154,0.2872250808633149,Sensitive,9
CK1_12_3,CK1,12,3,1.4162828571428572,0.2358028571428571,0.6302942857142858,27221.5,4651.502777777778,22569.99722222222,0.8323555555555555,14.622722857142858,3.5123371428571426,12.47368299888889,1.180477142857143,0.8527742857142856,0.4638484310833333,0.4469342857142857,0.8323188888888889,0.5359828571428571,0.2649762862421151,0.2427274916209154,0.2872250808633149,Sensitive,9
D1_12_1,D1,12,1,1.5707892606892606,0.4149828055913057,0.6194008404833404,13697.525416606604,3313.937901794796,10383.587514811808,0.7649111111111112,16.672515642070646,1.7295783783783782,11.50330176276276,1.279733128843129,0.8607804006149006,0.562372972972973,0.3563891891891891,0.7648783333333333,0.437627027027027,0.2649762862421151,0.2427274916209154,0.2872250808633149,Sensitive,9
D1_12_2,D1,12,2,1.6109601315601318,0.4373656884741885,0.6296079726154725,13900.754395585584,3390.051265158159,10510.703130427426,0.7649111111111112,16.393539440869443,1.8176,11.362573309309308,1.2975458165308165,0.8572493195338198,0.5544222222222221,0.3616361111111111,0.7648783333333333,0.4455777777777777,0.2649762862421151,0.2427274916209154,0.2872250808633149,Sensitive,9
D1_12_3,D1,12,3,2.0039950521950525,0.5680504503789504,0.6571497980122979,13777.470187807809,3379.716388602604,10397.753799205204,0.7649111111111112,15.833656028171031,1.40506,11.025039420420418,1.5598849435149436,0.8642463909623911,0.5929540895000001,0.3286799999999999,0.7648783333333333,0.4063857142857143,0.2649762862421151,0.2427274916209154,0.2872250808633149,Sensitive,9
RD2_12_1,RD2,12,1,2.7719370454545453,0.5919378009259261,0.6881431666666666,13935.205519161924,2836.34115842055,11098.864360741374,0.796462193936044,25.650020856481472,1.1496832222222224,13.744540992501795,2.0537300555555555,0.8492283106141857,0.625977516111111,0.2895943553921569,0.796462193936044,0.3745712499999999,0.2649762862421151,0.2427274916209154,0.2872250808633149,Sensitive,9
RD2_12_2,RD2,12,2,2.3348901704545457,0.3395422222222222,0.7922400416666666,15972.580519161924,2989.43490842055,12983.145610741374,0.8083166666666667,23.00989898148148,1.3956175972222225,13.430287867501796,1.894217555555556,0.8448908106141857,0.5615368911111109,0.3450318553921568,0.8082855555555556,0.4390118749999999,0.2649762862421151,0.2427274916209154,0.2872250808633149,Sensitive,9
RD2_12_3,RD2,12,3,3.3558664204545456,0.9935292592592592,0.6616533750000001,13986.740694323213,3073.1017109366794,10913.638983386532,0.7802846439997305,24.029257939814805,0.9423475138888888,11.554214849437274,2.223552388888889,0.857484768947519,0.6670689261111112,0.2597733970588234,0.7802846439997305,0.3318335416666666,0.2649762862421151,0.2427274916209154,0.2872250808633149,Sensitive,9
CK1_73_1,CK1,73,1,1.520286486486487,0.2597378378378378,0.6849459459459459,16853.561486486487,3029.068243243243,13824.493243243243,0.8292432432432431,19.59414864864865,3.391932432432432,15.867572972972972,1.2605351351351348,0.8319189189189189,0.4520108108108109,0.4545135135135135,0.8293027027027027,0.5479891891891893,0.3276960420194899,0.339055735035649,0.3163363490033307,Intermediate,8
CK1_73_2,CK1,73,2,1.545025,0.2598694444444445,0.6952583333333335,21437.777777777777,3608.6666666666665,17829.11111111111,0.8319999999999999,18.94854722222222,3.298361111111112,15.048577777777776,1.2851444444444446,0.8214583333333334,0.45615,0.452525,0.8319333333333333,0.5438500000000001,0.3276960420194899,0.339055735035649,0.3163363490033307,Intermediate,8
CK1_73_3,CK1,73,3,1.7367171428571428,0.3022485714285714,0.7093240694980695,22184.82175916667,3848.674897111111,18336.14686222222,0.8261424897222223,17.322445714285713,2.359297142857143,12.187105890000002,1.4344657142857142,0.8540685714285715,0.4999699331388888,0.4125342857142857,0.8260771428571428,0.4991514285714286,0.3276960420194899,0.339055735035649,0.3163363490033307,Intermediate,8
D1_73_1,D1,73,1,1.6420137870727876,0.3531679316459316,0.6041768850278849,13093.293978674175,2670.771193416667,10422.522785257508,0.7960199169310098,16.90441621621622,2.032736740797941,12.027121621621625,1.3007556024596023,0.853145945945946,0.5526777559506006,0.3628324324324324,0.7960199169310098,0.4473396692406692,0.3276960420194899,0.339055735035649,0.3163363490033307,Intermediate,8
D1_73_2,D1,73,2,1.7368786519376522,0.3760131268411268,0.6489090922350922,14507.631816512014,2938.6323045277786,11568.999511984235,0.7974423157621671,18.04822222222222,1.8350694735306736,12.20015,1.3727725694265691,0.8589166666666667,0.5480853385331832,0.36475,0.7974423157621671,0.4519320866580865,0.3276960420194899,0.339055735035649,0.3163363490033307,Intermediate,8
D1_73_3,D1,73,3,1.8943700805090808,0.4125437617617618,0.6753402827112828,16693.782794012015,3414.748559666667,13279.034234345349,0.7954478860901724,18.15012571428571,1.861295505276705,11.472707201666664,1.4937447916487916,0.8639257142857142,0.5549662284498498,0.3594885714285715,0.7954478860901724,0.4449640707850708,0.3276960420194899,0.339055735035649,0.3163363490033307,Intermediate,8
RD2_73_1,RD2,73,1,2.6712504812834226,0.492076402833697,0.7142310625866509,14806.300709368135,2764.807513105882,12041.493196262254,0.8083166666666667,23.14159705882353,1.161036706278471,12.118422446721134,1.982411364626659,0.8543984551767676,0.6073355549770417,0.313227441012441,0.8082855555555556,0.3925763488530547,0.3276960420194899,0.339055735035649,0.3163363490033307,Intermediate,8
RD2_73_2,RD2,73,2,3.166412245989305,0.7983352263631088,0.8090957684690038,13424.41835642696,2645.836924870588,10778.581431556371,0.8029086359928668,26.29690882352941,1.118316118043177,12.609978329074073,2.1713172469796,0.8473366904708853,0.5911737902711593,0.3160715586594997,0.8029086359928668,0.4087381135589371,0.3276960420194899,0.339055735035649,0.3163363490033307,Intermediate,8
RD2_73_3,RD2,73,3,2.700824545454546,0.4684005561313796,0.8067959467221233,20022.05114613284,3754.622888752942,16267.4282573799,0.8083166666666667,22.39297878787879,1.2212627312339075,11.533348946427015,2.0356702772826303,0.8618629828060012,0.5787238485064534,0.3381499900320488,0.8082855555555556,0.4216028194412899,0.3276960420194899,0.339055735035649,0.3163363490033307,Intermediate,8
CK1_1099_1,CK1,1099,1,1.6756027777777776,0.3199694444444444,0.6473,19379.277777777777,3640.694444444444,15738.583333333334,0.8132499999999999,17.995502777777777,2.5060666666666664,13.409950000000002,1.3556222222222225,0.8814972222222223,0.5092500000000001,0.4015861111111112,0.8133138888888888,0.4907499999999999,0.5283258341525979,0.3479699142318796,0.7086817540733164,Tolerant,3
CK1_1099_2,CK1,1099,2,1.616102777777778,0.2981833333333333,0.650638888888889,22372.88888888889,4013.4166666666665,18359.472222222223,0.8190000000000001,21.43486114864865,2.877475,17.878945555555557,1.3179111111111113,0.8681611111111112,0.4950944444444445,0.4155972222222222,0.8189916666666667,0.5049055555555555,0.5283258341525979,0.3479699142318796,0.7086817540733164,Tolerant,3
CK1_1099_3,CK1,1099,3,1.3326000000000002,0.2282638888888888,0.6159833333333332,27107.36111111111,4644.027777777777,22463.33333333333,0.8286111111111112,17.077519444444448,3.934861111111112,15.540469444444446,1.1043527777777775,0.8816022222222223,0.4403138888888888,0.46375,0.8285861111111111,0.5596861111111111,0.5283258341525979,0.3479699142318796,0.7086817540733164,Tolerant,3
D1_1099_1,D1,1099,1,1.821324259259259,0.3157487744887745,0.692129246961247,13530.555555555557,2479.462709931331,11051.092845624224,0.8167508569954262,21.58216592592593,2.097714614814815,15.475070555555558,1.4678482562562567,0.8587824074074072,0.5173183333333333,0.3912894444444443,0.8167508569954262,0.4826816666666666,0.5283258341525979,0.3479699142318796,0.7086817540733164,Tolerant,3
D1_1099_2,D1,1099,2,2.143049259259259,0.5202821078221078,0.6431763342628343,13797.166666666668,2616.712709931331,11180.453956735337,0.810344197968327,19.90128787037037,1.9732923925925927,12.307509444444444,1.5850454784784789,0.8650324074074072,0.5554877777777777,0.3526755555555554,0.810344197968327,0.4445122222222222,0.5283258341525979,0.3479699142318796,0.7086817540733164,Tolerant,3
D1_1099_3,D1,1099,3,1.971202037037037,0.4145709967109967,0.6646207787072789,16603.25,3295.296043264665,13307.953956735337,0.8015270478210793,15.68014620370371,1.8201951703703705,11.012013333333332,1.5188927007007007,0.8675907407407407,0.5441266666666666,0.3626616666666666,0.8015270478210793,0.4558733333333333,0.5283258341525979,0.3479699142318796,0.7086817540733164,Tolerant,3
RD2_1099_1,RD2,1099,1,3.179009225168351,0.5034979283569284,0.8021181481481481,21688.90777777778,2839.472222222222,18838.747222222224,0.8083166666666667,27.33867127738969,1.419304918489918,14.69634685472043,2.175626851851851,0.8436433333333333,0.5417612211371873,0.3675063824538825,0.8082855555555556,0.4582003842413842,0.5283258341525979,0.3479699142318796,0.7086817540733164,Tolerant,3
RD2_1099_2,RD2,1099,2,3.152567558501684,0.5374368172458172,0.741307037037037,22147.18555555556,3170.1388888888887,18838.747222222224,0.8083166666666667,22.4968823885008,1.390607696267696,12.427027410275985,2.1152185185185184,0.8637127777777779,0.5574639989149649,0.3516147157872158,0.8082855555555556,0.4424976064636064,0.5283258341525979,0.3479699142318796,0.7086817540733164,Tolerant,3
RD2_1099_3,RD2,1099,3,2.904173114057239,0.4341423728013728,0.7519487037037036,22312.24111111111,2946.388888888888,18838.747222222224,0.8083166666666667,21.405844055167464,1.5636465851565848,12.17141907694265,1.9701490740740728,0.8750294444444443,0.5308251100260759,0.3763813824538825,0.8082855555555556,0.4691364953524953,0.5283258341525979,0.3479699142318796,0.7086817540733164,Tolerant,3
CK1_1110_1,CK1,1110,1,1.4448500000000002,0.2518305555555555,0.6437805555555555,22498.722222222223,3896.4166666666665,18602.305555555555,0.8264166666666667,18.91685555555556,3.544813888888889,16.068924999999997,1.1930166666666666,0.8072900225225226,0.4548138888888889,0.4512444444444445,0.826525,0.5451861111111111,0.22321650706773,0.3435036429518976,0.1029293711835625,Sensitive,11
CK1_1110_2,CK1,1110,2,1.3194972222222223,0.2244277777777778,0.6103166666666667,18505.555555555555,3136.1944444444443,15369.361111111111,0.8297222222222221,18.5396,4.091516666666667,17.134725,1.0950694444444444,0.8072900225225226,0.4391527777777778,0.4653,0.8297416666666666,0.5608472222222223,0.22321650706773,0.3435036429518976,0.1029293711835625,Sensitive,11
CK1_1110_3,CK1,1110,3,1.5239333333333336,0.2700388888888889,0.636113888888889,18784.08333333333,3263.1666666666665,15520.916666666666,0.823861111111111,18.405072222222223,2.9628,14.978622222222224,1.2538916666666668,0.8205416666666667,0.4853,0.4243,0.8238166666666666,0.5146999999999999,0.22321650706773,0.3435036429518976,0.1029293711835625,Sensitive,11
D1_1110_1,D1,1110,1,1.6501629027599027,0.3588031181181181,0.6191408581438581,13534.545370370372,2784.267009601852,10750.27836076852,0.7942844082744642,19.8826635925926,2.351652650793651,14.572635925925928,1.3159948156728156,0.8421348106678106,0.5319224074074075,0.3899583333333333,0.7942844082744642,0.4680775925925925,0.22321650706773,0.3435036429518976,0.1029293711835625,Sensitive,11
D1_1110_2,D1,1110,2,1.6418101249821244,0.3381614514514514,0.6824241914771915,14292.934259259262,2786.017009601852,11506.91724965741,0.8050773228879149,18.37055525925926,2.463427650793652,13.11488314814815,1.3282698156728157,0.8496625884455883,0.4995196296296297,0.418336111111111,0.8050773228879149,0.5004803703703704,0.22321650706773,0.3435036429518976,0.1029293711835625,Sensitive,11
D1_1110_3,D1,1110,3,1.7842379027599022,0.3750420070070069,0.676929747032747,18542.77037037037,3632.639231824074,14910.131138546296,0.8040940399268118,17.66425248148149,1.7832637619047629,11.484899814814815,1.4338225934505937,0.8622014773344773,0.5422474074074074,0.3807138888888888,0.8040940399268118,0.4577525925925925,0.22321650706773,0.3435036429518976,0.1029293711835625,Sensitive,11
RD2_1110_1,RD2,1110,1,4.069925886314891,5.640538722222228,0.5932405555555555,13523.254444444445,3262.345328664464,10260.90911577998,0.7587603381962037,20.173685555555554,1.1931538719003765,12.338838425925925,1.591490555555556,0.8692192592592592,0.7053399426111114,0.3214213574074073,0.7587603381962037,0.2931783888888889,0.22321650706773,0.3435036429518976,0.1029293711835625,Sensitive,11
RD2_1110_2,RD2,1110,2,4.069925886314891,5.640538722222228,0.8237332941176471,11383.893333333332,3122.039773108909,8425.022222222222,0.7257493827733591,26.81487722222224,0.5899736666666666,12.64772731481481,2.1498240211640214,0.8200653703703703,0.6379777777777779,0.2321571666666665,0.7257493827733591,0.3620222222222222,0.22321650706773,0.3435036429518976,0.1029293711835625,Sensitive,11
RD2_1110_3,RD2,1110,3,1.8987313888888893,0.7723595555555502,0.6073777777777777,14140.115555555556,3624.039773108909,10516.075782446647,0.7437050808481513,17.622933888888884,0.6941233163448205,9.638015277777775,1.6462294656084653,0.8633153703703703,0.6392444444444444,0.2737046907407408,0.7437050808481513,0.3607555555555555,0.22321650706773,0.3435036429518976,0.1029293711835625,Sensitive,11
CK1_1210_1,CK1,1210,1,1.8595402777777776,0.3555455555555556,0.6770666666666667,22223.444444444445,4175.111111111111,18048.33333333333,0.8120752314916667,16.608,1.937913055555556,10.838033333333334,1.5154024999999998,0.8698000000000001,0.535113888888889,0.3797416666666666,0.8119977380952381,0.464886111111111,0.3561671112879607,0.3130108635819076,0.3993233589940138,Intermediate,7
CK1_1210_2,CK1,1210,2,1.8533138888888887,0.3409999999999999,0.695811111111111,22664.166666666668,4142.611111111111,18521.555555555555,0.8164166666666666,17.890716666666663,1.9547944444444445,12.732677777777775,1.5123166666666663,0.8649166666666668,0.5335111111111112,0.3811611111111111,0.8164083333333333,0.4664888888888888,0.3561671112879607,0.3130108635819076,0.3993233589940138,Intermediate,7
CK1_1210_3,CK1,1210,3,1.8595402777777776,0.3555455555555556,0.6946166666666667,20805.13888888889,3887.1666666666665,16917.972222222223,0.8123611111111112,16.537733333333335,1.937913055555556,10.6069577027027,1.5154024999999998,0.87595,0.535113888888889,0.3797416666666666,0.8123777777777779,0.464886111111111,0.3561671112879607,0.3130108635819076,0.3993233589940138,Intermediate,7
D1_1210_1,D1,1210,1,2.038382547976548,0.6352137037037039,0.5924597222222222,15073.659935442944,3542.985555555555,11530.674379887389,0.7649551886715399,21.468324703703704,1.6115987437437438,11.504063296296296,1.5372709897039898,0.8578514065494066,0.5851412486093093,0.3212942052052051,0.7649551886715399,0.4148147383097382,0.3561671112879607,0.3130108635819076,0.3993233589940138,Intermediate,7
D1_1210_2,D1,1210,2,1.640865325754326,0.3750162037037036,0.6899782205777205,14184.271046554051,3022.457777777778,11161.813268776275,0.7869148320799991,16.44247192592593,1.7445164104104105,11.836654962962966,1.3736609897039895,0.859606962104962,0.5462065263870871,0.3691492052052051,0.7869148320799991,0.4537494605319604,0.3561671112879607,0.3130108635819076,0.3993233589940138,Intermediate,7
D1_1210_3,D1,1210,3,1.8521931035321024,0.4291300925925925,0.6928089110539111,15582.382157665164,3237.457777777778,12344.924379887389,0.7922360172520071,18.006674703703702,1.655319188188188,11.742954962962964,1.5308748785928783,0.8614486287716286,0.554334304164865,0.3627047607607607,0.7922360172520071,0.4456216827541827,0.3561671112879607,0.3130108635819076,0.3993233589940138,Intermediate,7
RD2_1210_1,RD2,1210,1,2.837744292929293,0.4129251851851853,0.7961746296296296,17043.94814814815,2770.0185185185182,14273.92962962963,0.8083166666666667,23.9768443313688,1.3634263041613035,13.043070002868578,2.075904281481482,0.8600488888888889,0.5573274074074074,0.3594918518518519,0.8082855555555556,0.4426725925925926,0.3561671112879607,0.3130108635819076,0.3993233589940138,Intermediate,7
RD2_1210_2,RD2,1210,2,2.4894581818181813,0.3395422222222222,0.7586135185185185,21220.19814814815,3485.2407407407413,17734.957407407408,0.8083166666666667,20.979274886924355,1.6116207486057486,12.677572780646356,1.8431626148148148,0.8651933333333333,0.533057962962963,0.3830390740740741,0.8082855555555556,0.466942037037037,0.3561671112879607,0.3130108635819076,0.3993233589940138,Intermediate,7
RD2_1210_3,RD2,1210,3,3.3628720707070703,0.8938057407407409,0.7405857407407407,16508.003703703704,2700.7407407407413,13807.262962962965,0.8083166666666667,25.695191553591023,1.2713818597168594,13.574150558424131,2.120159837037037,0.8571433333333333,0.5877496296296296,0.3276112962962964,0.8082855555555556,0.4122503703703703,0.3561671112879607,0.3130108635819076,0.3993233589940138,Intermediate,7
CK1_1214_1,CK1,1214,1,1.450510810810811,0.2609405405405405,0.613645945945946,23281.75675675676,4155.027027027027,19126.72972972973,0.8224594594594595,12.630670893393392,3.167729729729729,10.6069577027027,1.1895702702702704,0.8816022222222223,0.4769810810810811,0.4312081081081081,0.8224567567567567,0.5230189189189188,0.4224687599365873,0.5934904367373185,0.2514470831358561,Intermediate,5
CK1_1214_2,CK1,1214,2,1.3408054054054055,0.2485432432432432,0.6055177777777778,21241.027027027027,3788.675675675676,17452.35135135135,0.8185675675675675,12.642686486486486,3.924632432432432,11.778081081081082,1.0922621621621622,0.8631648648648649,0.4666594594594594,0.4388837837837838,0.8185864864864865,0.5333405405405406,0.4224687599365873,0.5934904367373185,0.2514470831358561,Intermediate,5
CK1_1214_3,CK1,1214,3,1.4263833333333331,0.2463333333333333,0.6424055555555557,24247.88888888889,4188.916666666667,20058.972222222223,0.8275833333333331,12.630670893393392,3.524269444444444,10.64367222222222,1.1800527777777776,0.8812222222222222,0.4533083333333333,0.4525277777777778,0.8274388888888888,0.5466916666666666,0.4224687599365873,0.5934904367373185,0.2514470831358561,Intermediate,5
D1_1214_1,D1,1214,1,1.850183359359359,0.3555829689689689,0.6690392366652366,19980.04182627277,3053.8375597793297,16926.204266493438,0.8193305555555553,18.37257837037037,2.451399021593021,12.750230555555556,1.447076914342914,0.865048919047619,0.4933455729825824,0.4099437017017018,0.8193272222222223,0.5064397666237667,0.4224687599365873,0.5934904367373185,0.2514470831358561,Intermediate,5
D1_1214_2,D1,1214,2,1.6653944704704702,0.26406908008008,0.6818059033319033,19997.016826272768,3064.015337557108,16933.00148871566,0.8193305555555553,18.38002337037037,3.3827101327041333,14.050083333333331,1.353793581009581,0.8645072523809523,0.4500400174270269,0.4516881461461461,0.8193272222222223,0.5497453221793223,0.4224687599365873,0.5934904367373185,0.2514470831358561,Intermediate,5
D1_1214_3,D1,1214,3,1.822522248248248,0.3182829689689688,0.6271809033319033,15366.958492939437,2342.504226445996,13024.454266493442,0.8193305555555553,18.37257837037037,1.836529577148578,12.372104999999998,1.4567296921206925,0.8784709904761905,0.535403906315916,0.3736825905905905,0.8193272222222223,0.4643814332904332,0.4224687599365873,0.5934904367373185,0.2514470831358561,Intermediate,5
RD2_1214_1,RD2,1214,1,2.7913138888888884,0.9103378354068352,0.695595300925926,12934.765996568569,3258.2777777777783,9676.48821879079,0.7480992096306839,29.168489130380387,0.8344742592592593,13.870675833333337,1.9821971269841263,0.8353323612183613,0.6352387958364364,0.2754785914485915,0.7480992096306839,0.3648615212355212,0.4224687599365873,0.5934904367373185,0.2514470831358561,Intermediate,5
RD2_1214_2,RD2,1214,2,2.082130555555556,0.499229502073502,0.7345564120370371,17675.65488545746,3617.611111111112,14058.04377434635,0.7953336872351202,22.913292116491498,1.3721881481481482,12.746726111111114,1.6841221269841269,0.833260138996139,0.5671471291697698,0.3465452581152582,0.7953336872351202,0.4329531879021878,0.4224687599365873,0.5934904367373185,0.2514470831358561,Intermediate,5
RD2_1214_3,RD2,1214,3,1.985086111111112,0.4822878354068353,0.6931647453703705,17642.349329901906,3664.2777777777774,13978.071552124127,0.7923021639999375,18.147856005380383,1.4823853703703702,10.727928888888888,1.6040165714285717,0.842062916773917,0.5674360180586586,0.3455758136708137,0.7923021639999375,0.4326642990132989,0.4224687599365873,0.5934904367373185,0.2514470831358561,Intermediate,5
CK1_1218_1,CK1,1218,1,1.3820756756756758,0.2347027027027027,0.6494216216216215,16853.561486486487,3029.068243243243,13824.493243243243,0.8306216216216217,21.43486114864865,4.297354054054054,17.878945555555557,1.1473729729729731,0.8075324324324324,0.4284297297297297,0.4749135135135134,0.8306000000000001,0.5715702702702703,0.2061603258263428,0.3093793559901545,0.1029412956625311,Sensitive,12
CK1_1218_2,CK1,1218,2,1.5103055555555556,0.260725,0.6696,20003.0,3473.75,16529.25,0.8284166666666666,21.424325,3.4144444444444444,17.765930555555556,1.2495861111111113,0.8249,0.4594166666666668,0.4482388888888888,0.8284166666666665,0.5405833333333334,0.2061603258263428,0.3093793559901545,0.1029412956625311,Sensitive,12
CK1_1218_3,CK1,1218,3,1.5684485714285714,0.2742685714285715,0.6779999999999999,26257.58924888889,4589.6759259166665,21667.91332305556,0.8253374485555556,17.544802857142855,2.8494142857142863,13.754045293333332,1.2941857142857145,0.85152,0.4743508487777777,0.4335,0.8253285714285715,0.5250628571428572,0.2061603258263428,0.3093793559901545,0.1029412956625311,Sensitive,12
D1_1218_1,D1,1218,1,1.663427537251537,0.4029750107250107,0.6571780809380809,13559.144941703704,2805.2481588027026,10753.896782901002,0.7931102461944608,17.02184892363792,1.969995916459316,11.857975396526523,1.3415582521092522,0.8501529021879023,0.539129199937938,0.3645928617188617,0.7931102461944608,0.4611391255541255,0.2061603258263428,0.3093793559901545,0.1029412956625311,Sensitive,12
D1_1218_2,D1,1218,2,1.518827161876162,0.3677151008151008,0.6395277055627056,13526.02475137037,2805.2481588027026,10720.776592567669,0.792603650343129,17.635196596310596,2.6342224179608187,13.494352273403404,1.232228672529673,0.8315604847704848,0.5134945152532533,0.3878228917488917,0.792603650343129,0.4867738102388102,0.2061603258263428,0.3093793559901545,0.1029412956625311,Sensitive,12
D1_1218_3,D1,1218,3,1.883281050765051,0.4799117674817674,0.6810858801658802,13526.02475137037,2808.638775809009,10717.38597556136,0.7923529767661813,19.429818421707427,1.388049,11.746673441181184,1.4844916884026884,0.8449656435006435,0.5685557292532533,0.3352917806377806,0.7923529767661813,0.4309076197626197,0.2061603258263428,0.3093793559901545,0.1029412956625311,Sensitive,12
RD2_1218_1,RD2,1218,1,2.111359703131704,0.7589215445162503,0.6088891891891891,13795.441820510508,3427.3729419290294,10368.068878581478,0.7515575806471563,18.698725790790792,0.9775433161733158,12.089785601196194,1.591490555555556,0.8323105963105965,0.6350776220371694,0.2748321469789117,0.7515575806471563,0.3649352363287657,0.2061603258263428,0.3093793559901545,0.1029412956625311,Sensitive,12
RD2_1218_2,RD2,1218,2,2.4696094779064786,0.7651380610327667,0.7133249999999999,13740.842721411407,3119.851920908008,10620.9908005034,0.772950467146636,20.920778493493497,0.9542400879450884,10.74853019579079,1.870189047619048,0.8361498605748605,0.6344298742894217,0.284823513345278,0.772950467146636,0.3655829840765135,0.2061603258263428,0.3093793559901545,0.1029412956625311,Sensitive,12
RD2_1218_3,RD2,1218,3,2.2715192398112403,0.65125266420737,0.7037885714285714,15402.0376803003,3538.5854599913414,11863.452220308958,0.7702521229046656,24.081348493493497,1.2141938181038183,13.031310314124129,1.7859619047619042,0.8300856542256544,0.6150984442616438,0.3024715292182939,0.7702521229046656,0.3852906031241324,0.2061603258263428,0.3093793559901545,0.1029412956625311,Sensitive,12
CK1_1219_1,CK1,1219,1,1.727335135135135,0.3204216216216217,0.7088486486486486,21838.027027027027,4008.081081081081,17829.945945945947,0.8155945945945946,18.701686486486487,2.511475675675676,13.510594594594597,1.4069216216216216,0.8199027027027026,0.4882486486486486,0.4182783783783783,0.8156918918918917,0.5117513513513514,0.2370211071473494,0.3988462936126172,0.0751959206820815,Sensitive,10
CK1_1219_2,CK1,1219,2,1.5174999999999998,0.2817055555555556,0.659263888888889,20709.527777777777,3824.8611111111113,16884.666666666668,0.8152777777777778,18.277886111111112,3.0123388888888893,14.939158333333332,1.2357861111111113,0.8235972222222222,0.4629861111111111,0.4383444444444444,0.8152305555555556,0.5370138888888888,0.2370211071473494,0.3988462936126172,0.0751959206820815,Sensitive,10
CK1_1219_3,CK1,1219,3,1.5912828571428568,0.3001142857142856,0.6640628571428573,20326.11008222222,3821.302211944445,16504.80787027778,0.8121206275833334,18.018982857142856,2.697794285714286,14.145379655277775,1.291162857142857,0.8435685714285714,0.4795593106944443,0.42296,0.8120428571428572,0.5203685714285714,0.2370211071473494,0.3988462936126172,0.0751959206820815,Sensitive,10
D1_1219_1,D1,1219,1,1.9008026914056912,0.3884314244244246,0.6506864864864863,15325.10931207958,2831.537501856107,12493.571810223477,0.8152354124075168,21.42054848419848,2.0250000000000004,14.25744635155681,1.5162877365937364,0.8728697776347777,0.5433941474795797,0.3701358344058344,0.8152354124075168,0.4565316108966109,0.2370211071473494,0.3988462936126172,0.0751959206820815,Sensitive,10
D1_1219_2,D1,1219,2,1.6729021658801664,0.3291441121121122,0.6529027777777777,17781.017720487987,3170.60056491917,14610.417155568815,0.8193305555555553,20.533814024739023,2.796011111111111,14.25744635155681,1.3476745984555982,0.8520457197197197,0.4893863396717718,0.4173773509223508,0.8193272222222223,0.5105394187044188,0.2370211071473494,0.3988462936126172,0.0751959206820815,Sensitive,10
D1_1219_3,D1,1219,3,1.7211701817531817,0.3314346676676676,0.6753742857142857,16335.056300765766,2843.24279741917,13491.813503346595,0.8193305555555553,19.600603310453305,2.4951314285714283,14.223026741330832,1.3936378524238522,0.8520457197197197,0.4973607223939941,0.4116126683826683,0.8193272222222223,0.502936244101244,0.2370211071473494,0.3988462936126172,0.0751959206820815,Sensitive,10
RD2_1219_1,RD2,1219,1,2.26614153060203,0.7371284193245957,0.7087156437025259,13548.645384997497,4135.143414244494,9413.501970753005,0.6947928522195019,21.125316851851856,0.6750124997211501,11.150750219476976,1.7685589460889466,0.8251684831349206,0.6426925712068391,0.276458801974243,0.6947928522195019,0.357637656606186,0.2370211071473494,0.3988462936126172,0.0751959206820815,Sensitive,10
RD2_1219_2,RD2,1219,2,1.8987313888888893,0.6122360019071782,0.6730113644232467,15379.815805417917,4331.179450280531,11048.636355137383,0.7183854797041999,18.894014074074068,1.3741610132346636,12.59087086512262,1.591490555555556,0.8124028819444444,0.6025242078434757,0.3190048905628317,0.7183854797041999,0.3978060199695493,0.2370211071473494,0.3988462936126172,0.0751959206820815,Sensitive,10
RD2_1219_3,RD2,1219,3,2.433145468825968,0.7992097320659084,0.724602991874227,13019.458809584585,4053.010468808309,8966.448340776276,0.6886959336724052,21.939536851851848,0.6843288703775204,11.007870582067063,1.873470606320606,0.8346827688492063,0.6393891615379202,0.2757353270707682,0.6886959336724052,0.3603651469536763,0.2370211071473494,0.3988462936126172,0.0751959206820815,Sensitive,10
CK1_1228_1,CK1,1228,1,1.5867666666666664,0.2706805555555556,0.7093240694980695,24232.5,4130.972222222223,20101.527777777777,0.8296388888888887,19.448219444444444,3.2542250000000004,14.807922222222222,1.3160805555555557,0.85805,0.4452,0.4603750000000001,0.8296333333333333,0.5547999999999998,0.4714456240612147,0.6667832035422664,0.2761080445801631,Intermediate,4
CK1_1228_2,CK1,1228,2,1.5225972222222222,0.2575027777777777,0.7084944444444444,25342.027777777777,4287.083333333333,21054.944444444445,0.8309166666666665,18.33705,3.462922222222222,14.503544444444442,1.2651111111111113,0.8495194444444444,0.43945,0.4657861111111111,0.8309388888888888,0.5605500000000001,0.4714456240612147,0.6667832035422664,0.2761080445801631,Intermediate,4
CK1_1228_3,CK1,1228,3,1.502736111111111,0.2597583333333333,0.7001055555555555,24920.194444444445,4317.777777777777,20602.416666666668,0.8273611111111111,17.683252777777778,3.5074222222222224,14.264772222222222,1.242986111111111,0.8623861111111111,0.4358527777777777,0.4668027777777778,0.8272333333333335,0.5641472222222224,0.4714456240612147,0.6667832035422664,0.2761080445801631,Intermediate,4
D1_1228_1,D1,1228,1,2.450904487344487,0.5283768708708709,0.6929296296296296,15069.272222222224,2713.9981481481486,12355.274074074076,0.8193305555555553,23.02647975832976,1.9166098364078363,13.760282407407407,1.818482503360504,0.8818470714285714,0.5473976582154153,0.3562163098813097,0.8193272222222223,0.4527013306163306,0.4714456240612147,0.6667832035422664,0.2761080445801631,Intermediate,4
D1_1228_2,D1,1228,2,1.701110042900043,0.2519433333333333,0.6599046296296295,17808.355555555558,2995.2481481481486,14813.10740740741,0.8193305555555553,19.69029364721865,2.760938614185614,15.101960185185188,1.3993991700271702,0.8656731079365079,0.4643754359931932,0.4383413098813097,0.8193272222222223,0.5357235528385529,0.4714456240612147,0.6667832035422664,0.2761080445801631,Intermediate,4
D1_1228_3,D1,1228,3,2.0054655984555985,0.3344740930930929,0.6707212962962963,14501.022222222224,2413.9981481481486,12087.024074074076,0.8193305555555553,19.5108242027742,2.7221525030745024,13.875676851851852,1.566951947804948,0.8682397746031747,0.4877921026598597,0.4146857543257543,0.8193272222222223,0.5123068861718861,0.4714456240612147,0.6667832035422664,0.2761080445801631,Intermediate,4
RD2_1228_1,RD2,1228,1,6.651036759259258,4.5314032362844126,0.7347757407407406,15024.311111111108,3006.705555555556,12017.60555555555,0.7998773099598575,24.6821810706328,0.9428743870370372,13.766682777777778,1.885385392592593,0.8124028819444444,0.6211413924324618,0.2900761187363835,0.7998773099598575,0.3794354498910674,0.4714456240612147,0.6667832035422664,0.2761080445801631,Intermediate,4
RD2_1228_2,RD2,1228,2,1.8987313888888893,0.3395422222222222,0.6729524074074075,13334.005555555555,2828.427777777778,10505.577777777777,0.7878786111200227,19.32771440396613,0.8917786092592593,9.67537861111111,2.2321103925925927,0.870872564802436,0.665509112821351,0.2852555076252723,0.7878786111200227,0.3335860610021786,0.4714456240612147,0.6667832035422664,0.2761080445801631,Intermediate,4
RD2_1228_3,RD2,1228,3,1.8987313888888893,0.3395422222222222,0.6763285185185186,14580.005555555555,3006.6222222222223,11573.383333333331,0.7937845626487721,27.8215891956328,0.8988493870370371,12.819688333333335,1.720129837037037,0.877311453691325,0.6173108368769061,0.2867955631808278,0.7937845626487721,0.383266005446623,0.4714456240612147,0.6667832035422664,0.2761080445801631,Intermediate,4
CK1_1235_1,CK1,1235,1,1.2848983333333333,0.2235877777777777,0.6057472222222222,20665.277777777777,3518.6388888888887,17146.63888888889,0.8287222222222222,13.88901388888889,4.728934722222224,14.224566666666666,1.061313333333333,0.8385694444444444,0.3996516666666665,0.4994563888888889,0.8287027777777778,0.6003483333333333,0.1730928483356376,0.2353341300842579,0.1108515665870173,Sensitive,13
CK1_1235_2,CK1,1235,2,1.2848983333333333,0.2235877777777777,0.6055177777777778,19743.694444444445,3408.861111111112,16334.833333333334,0.8259444444444443,14.459144444444446,4.602819444444446,13.809305555555556,1.061313333333333,0.8455777777777778,0.4195527777777778,0.4794555555555556,0.8258861111111112,0.5804472222222223,0.1730928483356376,0.2353341300842579,0.1108515665870173,Sensitive,13
CK1_1235_3,CK1,1235,3,1.391122222222222,0.2446972222222222,0.6263972222222223,19567.027777777777,3416.222222222222,16150.805555555557,0.824,16.698294444444443,3.6109694444444447,14.975163888888892,1.1464305555555554,0.8529916666666666,0.4496749999999999,0.4534361111111111,0.8239749999999999,0.5503250000000001,0.1730928483356376,0.2353341300842579,0.1108515665870173,Sensitive,13
D1_1235_1,D1,1235,1,2.170712166595167,0.6601558333333336,0.6582136111111111,11995.526567214816,3472.8048148148155,8522.7217524,0.7649111111111112,21.648809223652226,1.388049,12.013887962962963,1.6550808335478338,0.8385739458029459,0.5985930555555555,0.3087699999999999,0.7648783333333333,0.4014069444444444,0.1730928483356376,0.2353341300842579,0.1108515665870173,Sensitive,13
D1_1235_2,D1,1235,2,1.4052616110396108,0.3697771296296295,0.5924597222222222,13305.609900548148,3355.0270370370367,9950.582863511112,0.7649111111111112,14.630860555555554,1.6815129629629628,11.181860185185185,1.183045833547834,0.8602656124696123,0.5696888833261261,0.3529984874874874,0.7648783333333333,0.4301350643500644,0.1730928483356376,0.2353341300842579,0.1108515665870173,Sensitive,13
D1_1235_3,D1,1235,3,1.468211611039611,0.4006549074074073,0.6100302777777779,13342.526567214816,3260.5548148148155,10081.9717524,0.7649111111111112,14.962578390318892,2.223310185185185,11.885807407407407,1.2151125002145,0.8478295013585013,0.5336111055483485,0.3834707097097096,0.7648783333333333,0.4662128421278421,0.1730928483356376,0.2353341300842579,0.1108515665870173,Sensitive,13
RD2_1235_1,RD2,1235,1,2.6610187441012445,0.8535137037037036,0.7241194444444445,17002.46888888889,3636.7513260382857,13365.717562850605,0.7861045151851505,20.08034703703704,1.0826983333333335,9.638015277777775,1.8838888888888887,0.8395722222222222,0.6340759259259259,0.2998898148148148,0.7861045151851505,0.365924074074074,0.1730928483356376,0.2353341300842579,0.1108515665870173,Sensitive,13
RD2_1235_2,RD2,1235,2,2.160404855212356,0.6082053703703703,0.6822638888888889,11989.282777777778,2980.1096593716184,9009.17311840616,0.751435535001704,26.23487203703704,0.9447372222222225,13.770744444444446,1.628569444444444,0.840138888888889,0.6112481481481481,0.3128287037037037,0.751435535001704,0.3887518518518518,0.1730928483356376,0.2353341300842579,0.1108515665870173,Sensitive,13
RD2_1235_3,RD2,1235,3,1.9423390218790224,0.4381170370370369,0.6706166666666665,11989.282777777778,2980.1096593716184,9009.17311840616,0.751435535001704,23.174366481481485,1.2237872222222226,13.700619722222225,1.696108333333333,0.8207694444444444,0.6092592592592591,0.2971481481481481,0.751435535001704,0.3907407407407406,0.1730928483356376,0.2353341300842579,0.1108515665870173,Sensitive,13
CK1_1252_1,CK1,1252,1,1.286575,0.22385,0.6601833333333333,20772.777777777777,3611.305555555556,17161.472222222223,0.8260833333333335,17.825255555555557,4.728934722222224,17.204277777777776,1.0627277777777775,0.8089055555555557,0.3996516666666665,0.4994563888888889,0.8260611111111111,0.6003483333333333,0.5746672551712988,0.6470500822891091,0.5022844280534884,Tolerant,1
CK1_1252_2,CK1,1252,2,1.339363888888889,0.2247194444444444,0.6667666666666668,24545.63888888889,4102.861111111111,20442.777777777777,0.8323055555555555,15.118205555555551,4.662858333333334,13.699799999999998,1.1146361111111112,0.8558222222222223,0.401236111111111,0.4983583333333333,0.8322611111111111,0.5987638888888888,0.5746672551712988,0.6470500822891091,0.5022844280534884,Tolerant,1
CK1_1252_3,CK1,1252,3,1.3889805555555554,0.239625,0.6583083333333333,23248.83333333333,3985.722222222222,19263.11111111111,0.829,18.164111111111108,4.454475,15.959402777777775,1.1493444444444445,0.8459194444444446,0.4203972222222221,0.4816027777777778,0.8290166666666666,0.5796027777777778,0.5746672551712988,0.6470500822891091,0.5022844280534884,Tolerant,1
D1_1252_1,D1,1252,1,1.791048088088088,0.3125892592592592,0.6438516214786215,13585.775925925926,2374.7555555555555,11211.02037037037,0.8193305555555553,19.64220501851852,2.368272777777777,15.452052191513513,1.4322923466323465,0.8793274074074074,0.5062332450974976,0.3973698148148147,0.8193272222222223,0.4937130898040897,0.5746672551712988,0.6470500822891091,0.5022844280534884,Tolerant,1
D1_1252_2,D1,1252,2,1.7843322547547549,0.2982437037037037,0.649932177034177,18875.83148148148,3250.7833333333338,15625.048148148147,0.8193305555555553,17.121157796296295,3.138503611111111,13.666038302624626,1.4277084577434576,0.8596412962962965,0.4736490784308308,0.4315842592592592,0.8193272222222223,0.5262972564707564,0.5746672551712988,0.6470500822891091,0.5022844280534884,Tolerant,1
D1_1252_3,D1,1252,3,1.7843322547547549,0.2982437037037037,0.6844766214786215,14664.942592592592,2484.7277777777776,12180.214814814814,0.8193305555555553,19.89190501851852,3.138503611111111,16.189110524846846,1.4277084577434576,0.8497024074074074,0.4736490784308308,0.4315842592592592,0.8193272222222223,0.5262972564707564,0.5746672551712988,0.6470500822891091,0.5022844280534884,Tolerant,1
RD2_1252_1,RD2,1252,1,2.4539229629629635,0.4870716666666667,0.757456734997029,22412.51555555556,3198.554641748992,18838.747222222224,0.8083166666666667,22.39337906020993,1.6342972222222223,12.943156166106103,1.8549777777777776,0.8563820509259259,0.5384648888888889,0.3654912777777778,0.8082855555555556,0.4615351111111111,0.5746672551712988,0.6470500822891091,0.5022844280534884,Tolerant,1
RD2_1252_2,RD2,1252,2,2.389067407407408,0.4419105555555555,0.7923039572192513,22412.51555555556,3198.554641748992,18838.747222222224,0.8083166666666667,24.26921239354328,1.7780555555555553,14.289139499439438,1.835286111111111,0.8550376064814815,0.5210015555555555,0.3862765555555555,0.8082855555555556,0.4789984444444443,0.5746672551712988,0.6470500822891091,0.5022844280534884,Tolerant,1
RD2_1252_3,RD2,1252,3,2.4983951851851858,0.4693161111111111,0.8167678461081401,22258.915555555555,3140.9601973045465,18838.747222222224,0.8083166666666667,25.34043183798772,1.7586388888888889,13.618883943883883,1.9172166666666663,0.8621681620370371,0.5238454444444444,0.3817134999999999,0.8082855555555556,0.4761545555555554,0.5746672551712988,0.6470500822891091,0.5022844280534884,Tolerant,1
CK1_1257_1,CK1,1257,1,1.5414583333333334,0.2851583333333334,0.6550805555555557,17780.444444444445,3249.3888888888887,14531.055555555557,0.8187777777777777,14.530772222222222,3.512466666666666,11.880063888888888,1.2563,0.8636416666666666,0.4608027777777777,0.4435805555555556,0.8187305555555556,0.5391972222222222,0.5317110600542118,0.6884466500654246,0.3749754700429988,Tolerant,2
CK1_1257_2,CK1,1257,2,1.4694138888888888,0.2665805555555556,0.6658555555555554,17355.583333333332,3110.9166666666665,14244.666666666666,0.8201666666666667,14.64960833333333,3.804863888888889,12.542316666666666,1.2028222222222222,0.8611694444444443,0.4343444444444445,0.4646611111111111,0.8200666666666667,0.5656555555555555,0.5317110600542118,0.6884466500654246,0.3749754700429988,Tolerant,2
CK1_1257_3,CK1,1257,3,1.7399750000000005,0.3536722222222223,0.6952750000000001,17465.972222222223,3153.277777777778,14312.694444444443,0.8120752314916667,15.279244444444446,3.456155555555556,11.718822222222222,1.3863194444444449,0.8688555555555556,0.4584944444444443,0.4424249999999999,0.8119977380952381,0.5415055555555557,0.5317110600542118,0.6884466500654246,0.3749754700429988,Tolerant,2
D1_1257_1,D1,1257,1,1.7978692699842695,0.2519433333333333,0.6783450906620906,19782.56574074073,2814.6757983917523,16967.889942348986,0.8193305555555553,18.68687829257829,3.5434846666666666,14.733556821143145,1.4270600000000002,0.8700945994708996,0.4560625217837837,0.4450333333333333,0.8193272222222223,0.5436691527241528,0.5317110600542118,0.6884466500654246,0.3749754700429988,Tolerant,2
D1_1257_2,D1,1257,2,2.004333158873159,0.2739976166166165,0.6644756462176463,17853.093518518515,2467.8980206139736,15385.195497904542,0.8193305555555553,20.632197737022743,2.8541013333333334,14.892459598920922,1.5769127777777776,0.868689043915344,0.5083014106726726,0.401,0.8193272222222223,0.4914302638352639,0.5317110600542118,0.6884466500654246,0.3749754700429988,Tolerant,2
D1_1257_3,D1,1257,3,2.281097047762048,0.470742061061061,0.6760089795509795,17428.621296296296,2412.8424650584184,15015.778831237878,0.8193305555555553,22.404047737022736,2.832726333333334,15.681184598920922,1.656921111111111,0.8726195994708994,0.5134819662282282,0.3919916666666667,0.8193272222222223,0.4862497082797082,0.5317110600542118,0.6884466500654246,0.3749754700429988,Tolerant,2
RD2_1257_1,RD2,1257,1,2.261406962104963,0.4407528245388245,0.7239511111111111,18828.38888888889,3360.245382489732,15468.14350639916,0.8083166666666667,22.88322388888889,1.9039638888888888,12.765652962962964,1.7540849475189475,0.8561761111111111,0.5379583333333332,0.3735027777777778,0.8082855555555556,0.4620416666666667,0.5317110600542118,0.6884466500654246,0.3749754700429988,Tolerant,2
RD2_1257_2,RD2,1257,2,2.408943073216074,0.4171222689832689,0.7976316666666667,19645.33333333333,3441.9120491563986,16203.42128417693,0.8083166666666667,22.527523888888886,1.4828261111111112,11.351472407407412,1.9252710586300583,0.8722316666666667,0.5536,0.3635444444444445,0.8082855555555556,0.4464000000000001,0.5317110600542118,0.6884466500654246,0.3749754700429988,Tolerant,2
RD2_1257_3,RD2,1257,3,2.5291180732160736,0.6455778245388245,0.7480594444444444,15308.666666666666,2735.9120491563986,12572.754617510269,0.8083166666666667,24.07883777777777,1.680115,12.975991851851852,1.816990503074503,0.8523900000000002,0.5433833333333333,0.3570583333333333,0.8082855555555556,0.4566166666666666,0.5317110600542118,0.6884466500654246,0.3749754700429988,Tolerant,2
CK1_1274_1,CK1,1274,1,1.508125,0.279425,0.629775,16882.305555555555,3053.583333333333,13828.722222222224,0.8157777777777778,18.40678055555556,2.9098333333333333,15.10100277777778,1.2287,0.8643305555555555,0.481561111111111,0.4239388888888889,0.8157777777777779,0.5184388888888889,0.4106885222095553,0.5521848137280557,0.2691922306910548,Intermediate,6
CK1_1274_2,CK1,1274,2,1.4945444444444445,0.2669194444444444,0.6371083333333334,20877.36111111111,3723.5833333333335,17153.777777777777,0.8216944444444443,16.481774999999995,2.9124888888888893,13.563200000000002,1.2276333333333336,0.8754861111111111,0.4785027777777778,0.4285694444444444,0.8216305555555555,0.5214972222222224,0.4106885222095553,0.5521848137280557,0.2691922306910548,Intermediate,6
CK1_1274_3,CK1,1274,3,1.5483166666666666,0.2692083333333334,0.6708055555555554,23116.277777777777,4026.6666666666665,19089.61111111111,0.8259722222222222,17.036427777777774,2.8946,13.373938888888889,1.2791055555555555,0.8697722222222223,0.4738055555555555,0.4346166666666666,0.8259722222222223,0.5261944444444446,0.4106885222095553,0.5521848137280557,0.2691922306910548,Intermediate,6
D1_1274_1,D1,1274,1,1.790306802087802,0.3297361111111112,0.6478855622050622,15848.93888888889,2608.668445293994,13240.270443594896,0.8193305555555553,18.90106612962963,2.588686158730159,13.088710370370372,1.3927609264979264,0.8562311111111112,0.5045489978871872,0.4077751422851423,0.8193272222222223,0.4954757493207493,0.4106885222095553,0.5521848137280557,0.2691922306910548,Intermediate,6
D1_1274_2,D1,1274,2,1.81365957986558,0.3712944444444444,0.6344341733161732,15088.855555555556,2808.307334182884,12280.548221372672,0.8138820188288637,17.49074946296296,2.304247269841269,12.238421481481485,1.374555370942371,0.8699505555555556,0.5237351089982983,0.3837084756184756,0.8138820188288637,0.4762896382096383,0.4106885222095553,0.5521848137280557,0.2691922306910548,Intermediate,6
D1_1274_3,D1,1274,3,1.8702318020878024,0.3422305555555555,0.6672716733161732,17899.911111111112,3029.640667516216,14870.270443594896,0.8193305555555553,18.337218907407404,2.4356528253968253,12.080054814814815,1.4601748153868157,0.8624894444444443,0.5106323312205205,0.4025834756184756,0.8193272222222223,0.4893924159874159,0.4106885222095553,0.5521848137280557,0.2691922306910548,Intermediate,6
RD2_1274_1,RD2,1274,1,2.127684814814815,0.5032329223608637,0.6925944444444444,14545.2344517756,3181.323548260508,11363.910903515092,0.7812806965189791,20.387154444444448,0.9788414694444446,11.381864814814811,1.7713935185185183,0.8591877609922757,0.6171551026753812,0.30144325708061,0.7812806965189791,0.3829555010893246,0.4106885222095553,0.5521848137280557,0.2691922306910548,Intermediate,6
RD2_1274_2,RD2,1274,2,2.3337181481481486,0.6706107001386412,0.7109861111111111,15810.345562886709,3478.601326038285,12331.744236848424,0.7799794247252904,20.260023888888888,0.9341109138888888,11.036570370370368,1.8100379629629624,0.8592638721033868,0.613057880453159,0.3001238126361655,0.7799794247252904,0.3870527233115469,0.4106885222095553,0.5521848137280557,0.2691922306910548,Intermediate,6
RD2_1274_3,RD2,1274,3,2.804084814814815,0.9249829223608632,0.7071416666666667,12911.928896220044,2937.045770482729,9974.883125737317,0.7725323773009201,22.96455444444445,0.7195581361111113,11.350198148148143,2.026049074074073,0.8471155387700534,0.6483884360087145,0.2650960348583878,0.7725323773009201,0.3517221677559912,0.4106885222095553,0.5521848137280557,0.2691922306910548,Intermediate,6
