Variety,Treatment,1e-05,2e-05,3e-05,4e-05,5e-05,6e-05,7e-05,8e-05,9e-05,0.0001,0.00011,0.00012,0.00013,0.00014,0.00015,0.00016,0.00017,0.00018,0.00019,0.0002,0.00021,0.00022,0.00023,0.00024,0.00025,0.00026,0.00027,0.00028,0.00029,0.0003,0.0004,0.0005,0.0006,0.0007,0.0008,0.0009,0.001,0.0011,0.0012,0.0013,0.0014,0.0015,0.0016,0.0017,0.0018,0.0019,0.002,0.0021,0.0022,0.0023,0.0024,0.0025,0.0026,0.0027,0.0028,0.0029,0.003,0.004,0.005,0.006,0.007,0.008,0.009,0.01,0.011,0.012,0.013,0.014,0.015,0.016,0.017,0.018,0.019,0.02,0.021,0.022,0.023,0.024,0.025,0.026,0.027,0.028,0.029,0.03,0.04,0.05,0.06,0.07,0.08,0.09,0.1,0.11,0.12,0.13,0.14,0.15,0.16,0.17,0.18,0.19,0.2,0.21,0.22,0.23,0.24,0.25,0.26,0.27,0.28,0.29,0.3,0.4,0.5,0.6,0.7,0.8,0.9,1
1099,CK1 (正常),4186.194444444444,4329.5462962962965,4439.814814814815,4555.527777777777,4665.435185185185,4768.712962962963,4870.361111111111,4973.648148148148,5075.824074074074,5184.722222222223,5293.435185185185,5410.435185185185,5528.037037037037,5646.685185185185,5765.87037037037,5884.833333333333,6004.425925925926,6126.981481481482,6249.787037037037,6375.722222222223,6498.5462962962965,6622.12037037037,6741.87962962963,6857.435185185185,6972.314814814815,7087.5,7204.0462962962965,7318.305555555556,7434.907407407408,7543.194444444444,8533.796296296296,9357.296296296296,10036.777777777776,10576.814814814816,11046.268518518518,11422.222222222224,11739.231481481482,12015.398148148148,12226.287037037036,12422.50925925926,12569.00925925926,12696.157407407409,12811.231481481482,12891.648148148148,12981.138888888889,13044.166666666666,13108.027777777776,13174.703703703704,13218.99074074074,13288.842592592591,13334.314814814816,13393.407407407409,13457.518518518518,13505.231481481482,13583.555555555557,13637.425925925923,13705.564814814816,14634.805555555557,15566.972222222224,16325.185185185184,16946.85185185185,17465.805555555555,17912.462962962964,18312.722222222223,18672.58333333333,18972.39814814815,19231.435185185182,19451.546296296296,19628.25,19779.0,19909.796296296296,20019.76851851852,20111.08333333333,20192.046296296296,20264.00925925926,20321.916666666668,20377.703703703704,20430.40740740741,20473.305555555555,20522.51851851852,20571.98148148148,20600.296296296296,20637.5,20678.722222222223,20951.26851851852,21209.26851851852,21452.23148148148,21676.527777777777,21874.074074074077,22061.212962962964,22215.65740740741,22363.694444444445,22471.81481481481,22566.722222222223,22644.796296296296,22707.5,22753.953703703704,22792.62962962963,22817.953703703704,22842.78703703704,22848.58333333333,22861.23148148148,22870.305555555555,22868.14814814815,22869.50925925926,22869.12037037037,22866.277777777777,22863.712962962964,22855.25925925926,22859.08333333333,22851.935185185182,22824.50925925926,22778.39814814815,22719.83333333333,22670.75925925926,22643.81481481481,22597.546296296296,22544.03703703704
1099,D1 (干旱),2848.3981481481483,2955.435185185185,3039.6111111111118,3122.3703703703704,3203.2685185185187,3279.083333333333,3355.2685185185187,3437.3888888888887,3516.824074074074,3597.5,3685.046296296296,3775.175925925926,3865.962962962963,3955.8796296296296,4047.6203703703695,4137.787037037037,4226.240740740741,4316.268518518518,4407.601851851852,4498.638888888889,4586.240740740741,4676.212962962963,4760.0,4841.768518518518,4922.712962962963,5002.712962962963,5083.648148148148,5162.481481481482,5238.824074074074,5309.444444444444,5948.416666666667,6448.703703703704,6833.925925925926,7130.962962962963,7377.814814814815,7569.814814814815,7730.87962962963,7858.944444444444,7958.851851851852,8048.703703703703,8109.481481481482,8166.444444444444,8208.731481481482,8243.083333333334,8277.305555555555,8298.453703703704,8326.25,8349.157407407407,8371.416666666666,8396.74074074074,8419.435185185184,8447.453703703704,8476.083333333334,8505.592592592593,8542.768518518518,8570.194444444445,8608.388888888889,9149.018518518518,9684.277777777776,10102.296296296296,10431.666666666666,10702.083333333334,10926.814814814816,11124.148148148148,11292.601851851852,11433.555555555557,11552.305555555557,11645.75,11723.111111111111,11790.472222222224,11840.777777777776,11884.268518518518,11925.25,11958.601851851852,11986.592592592591,12012.148148148148,12037.388888888889,12063.203703703704,12092.083333333334,12114.787037037036,12137.444444444443,12159.027777777776,12184.74074074074,12215.935185185184,12445.75,12695.62962962963,12911.212962962964,13084.027777777776,13216.101851851852,13304.111111111111,13363.888888888889,13400.407407407409,13421.731481481482,13432.268518518518,13431.666666666666,13440.481481481482,13440.472222222224,13442.055555555557,13436.546296296296,13436.481481481482,13437.111111111111,13435.694444444443,13433.194444444443,13426.277777777776,13429.907407407409,13423.777777777776,13427.601851851852,13424.666666666666,13421.694444444443,13416.74074074074,13414.537037037036,13390.972222222224,13361.148148148148,13332.50925925926,13311.527777777776,13285.555555555557,13260.777777777776,13241.074074074077
1099,RD2 (复灌),4330.055555555556,4521.87037037037,4684.453703703704,4853.638888888889,5020.083333333333,5183.509259259259,5350.574074074074,5526.37962962963,5704.12962962963,5885.62037037037,6072.462962962963,6265.388888888889,6458.472222222223,6656.611111111111,6850.907407407408,7046.537037037037,7238.953703703703,7431.407407407408,7623.740740740741,7812.472222222223,7998.75,8176.907407407408,8351.768518518518,8518.981481481482,8684.083333333334,8845.425925925925,9002.194444444445,9156.333333333334,9305.277777777776,9445.138888888889,10620.527777777776,11452.601851851852,12039.342592592591,12452.935185185184,12770.333333333334,12993.694444444443,13170.888888888889,13296.388888888889,13376.583333333334,13447.0,13482.175925925923,13509.37962962963,13523.916666666666,13523.962962962964,13529.962962962964,13521.62962962963,13521.768518518518,13518.861111111111,13511.527777777776,13517.342592592591,13511.87962962963,13520.712962962964,13527.518518518518,13534.092592592591,13551.62037037037,13561.083333333334,13588.185185185184,13949.814814814816,14366.314814814816,14732.361111111111,15043.231481481482,15330.805555555557,15589.50925925926,15806.833333333334,15990.25,16142.666666666666,16260.055555555557,16351.175925925923,16426.064814814814,16489.25925925926,16535.59259259259,16580.37037037037,16627.296296296296,16675.23148148148,16720.055555555555,16768.01851851852,16818.40740740741,16870.62962962963,16926.194444444445,16989.51851851852,17054.40740740741,17120.14814814815,17188.01851851852,17262.212962962964,17914.49074074074,18506.86111111111,18931.305555555555,19215.685185185182,19379.74074074074,19480.453703703704,19526.046296296296,19552.81481481481,19555.15740740741,19546.416666666668,19547.055555555555,19538.5,19537.953703703704,19527.73148148148,19517.435185185182,19518.14814814815,19516.26851851852,19508.944444444445,19503.675925925927,19505.24074074074,19494.953703703704,19491.0,19489.26851851852,19483.666666666668,19481.13888888889,19475.36111111111,19469.87037037037,19420.5,19361.65740740741,19296.63888888889,19213.28703703704,19192.63888888889,19147.00925925926,19102.555555555555
1110,CK1 (正常),3487.435185185185,3604.851851851852,3694.555555555556,3783.462962962963,3866.009259259259,3943.074074074074,4019.240740740741,4097.231481481482,4178.703703703704,4259.972222222223,4345.685185185185,4436.240740740741,4525.2962962962965,4614.0462962962965,4705.37037037037,4798.083333333333,4894.722222222223,4991.805555555556,5089.787037037037,5186.972222222223,5284.138888888889,5380.166666666667,5472.074074074074,5568.083333333333,5663.231481481482,5759.259259259259,5855.351851851852,5949.37962962963,6040.648148148148,6129.527777777777,6969.962962962963,7706.009259259259,8307.638888888889,8808.342592592593,9232.425925925923,9570.37962962963,9869.296296296296,10102.138888888889,10297.546296296296,10458.666666666666,10578.194444444443,10693.712962962964,10769.166666666666,10839.416666666666,10896.814814814816,10937.712962962964,10986.296296296296,11010.648148148148,11050.101851851852,11077.962962962964,11102.722222222224,11140.74074074074,11161.277777777776,11201.666666666666,11233.101851851852,11263.472222222224,11309.314814814816,11905.481481481482,12562.87037037037,13100.907407407409,13533.703703703704,13909.546296296296,14259.37962962963,14576.833333333334,14860.666666666666,15119.75,15327.148148148148,15507.25925925926,15652.685185185184,15777.435185185184,15877.703703703704,15966.49074074074,16047.055555555557,16117.648148148148,16184.351851851852,16250.648148148148,16310.666666666666,16372.046296296296,16438.425925925927,16497.064814814814,16565.37962962963,16637.39814814815,16703.60185185185,16774.962962962964,17403.287037037036,18016.37037037037,18531.324074074077,18944.25,19258.87037037037,19491.39814814815,19643.33333333333,19747.62037037037,19820.14814814815,19865.40740740741,19889.35185185185,19907.703703703704,19908.76851851852,19912.26851851852,19910.24074074074,19907.296296296296,19904.60185185185,19905.416666666668,19901.65740740741,19898.25,19893.09259259259,19896.296296296296,19889.83333333333,19889.98148148148,19889.62962962963,19891.36111111111,19883.055555555555,19853.75,19813.935185185182,19766.0,19718.86111111111,19671.99074074074,19624.99074074074,19576.26851851852
1110,D1 (干旱),3487.685185185185,3616.481481481481,3716.314814814815,3819.9166666666665,3917.1388888888887,4008.953703703704,4100.861111111111,4195.111111111111,4292.509259259259,4391.25,4495.694444444444,4604.611111111111,4714.509259259259,4823.675925925926,4933.685185185185,5041.833333333333,5154.537037037037,5265.462962962963,5379.842592592592,5495.314814814815,5610.481481481482,5719.814814814815,5826.787037037037,5931.601851851852,6033.916666666667,6138.564814814815,6245.62962962963,6348.5,6451.398148148148,6547.62037037037,7411.175925925926,8115.694444444444,8676.037037037036,9112.481481481482,9486.092592592591,9770.361111111111,10014.75925925926,10212.083333333334,10358.435185185184,10493.305555555557,10584.027777777776,10671.305555555557,10736.277777777776,10782.0,10840.287037037036,10863.351851851852,10906.314814814816,10934.685185185184,10963.583333333334,11004.203703703704,11022.50925925926,11067.074074074077,11093.203703703704,11128.824074074077,11175.814814814816,11200.787037037036,11256.0,11876.842592592591,12474.092592592591,12930.712962962964,13285.203703703704,13595.092592592591,13878.157407407409,14144.138888888889,14379.981481481482,14587.62962962963,14760.99074074074,14907.796296296296,15027.435185185184,15125.157407407409,15208.907407407409,15284.5,15345.37962962963,15398.787037037036,15454.0,15499.444444444443,15549.925925925923,15594.972222222224,15648.796296296296,15701.62037037037,15751.425925925923,15808.453703703704,15862.287037037036,15916.12037037037,16441.212962962964,16948.953703703704,17371.796296296296,17700.75925925926,17933.944444444445,18102.74074074074,18218.12962962963,18286.703703703704,18334.53703703704,18364.546296296296,18376.796296296296,18377.85185185185,18375.722222222223,18378.61111111111,18378.25,18373.027777777777,18371.75925925926,18374.13888888889,18362.35185185185,18359.37037037037,18364.26851851852,18358.74074074074,18352.51851851852,18355.5,18355.59259259259,18345.49074074074,18344.472222222223,18306.14814814815,18275.23148148148,18231.555555555555,18179.26851851852,18142.36111111111,18086.40740740741,18048.0
1110,RD2 (复灌),3023.314814814815,3162.453703703704,3270.4444444444443,3379.601851851852,3487.5185185185187,3590.925925925926,3695.6666666666665,3804.814814814815,3920.305555555556,4038.675925925926,4159.055555555556,4279.861111111111,4403.277777777777,4523.768518518518,4646.731481481482,4767.611111111111,4891.907407407408,5014.166666666667,5135.185185185185,5254.157407407408,5367.592592592592,5476.768518518518,5583.111111111111,5686.805555555556,5794.231481481482,5897.981481481482,5999.111111111111,6093.231481481482,6182.851851851852,6269.324074074074,7017.953703703704,7586.814814814815,7998.324074074074,8323.898148148148,8575.055555555555,8769.712962962964,8939.064814814816,9056.842592592591,9163.657407407409,9238.027777777776,9294.203703703704,9345.574074074077,9371.583333333334,9406.444444444443,9418.064814814816,9436.425925925923,9451.472222222224,9457.111111111111,9477.416666666666,9480.453703703704,9499.296296296296,9515.314814814816,9523.935185185184,9551.592592592591,9561.175925925923,9591.703703703704,9612.37962962963,10017.138888888889,10445.944444444443,10792.62962962963,11064.583333333334,11291.055555555557,11511.046296296296,11698.703703703704,11867.796296296296,12019.083333333334,12139.064814814816,12245.157407407409,12327.074074074077,12392.925925925923,12447.833333333334,12496.074074074077,12531.703703703704,12570.407407407409,12597.046296296296,12630.518518518518,12659.342592592591,12683.74074074074,12706.5,12735.861111111111,12763.046296296296,12789.935185185184,12818.25,12849.453703703704,13115.888888888889,13396.814814814816,13643.055555555557,13850.888888888889,14007.111111111111,14118.0,14194.675925925923,14247.111111111111,14279.87962962963,14297.157407407409,14303.648148148148,14306.037037037036,14306.592592592591,14301.305555555557,14294.175925925923,14290.472222222224,14283.694444444443,14280.111111111111,14267.962962962964,14273.222222222224,14266.092592592591,14256.444444444443,14256.074074074077,14249.99074074074,14249.685185185184,14246.925925925923,14241.472222222224,14174.157407407409,14084.666666666666,14117.148148148148,14086.814814814816,14058.12037037037,14032.138888888889,14002.694444444443
1210,CK1 (正常),4261.388888888889,4423.981481481482,4564.12962962963,4708.212962962963,4845.925925925926,4983.342592592592,5119.268518518518,5261.018518518518,5404.703703703704,5552.694444444444,5704.87037037037,5866.111111111111,6028.416666666667,6195.333333333333,6356.731481481482,6520.453703703704,6683.842592592592,6848.314814814815,7013.527777777777,7176.2962962962965,7339.555555555556,7502.953703703703,7655.898148148148,7805.842592592592,7954.37037037037,8098.490740740741,8241.268518518518,8384.305555555555,8524.5,8659.185185185184,9804.898148148148,10676.361111111111,11347.666666666666,11851.055555555557,12265.87962962963,12590.814814814816,12842.833333333334,13061.888888888889,13213.768518518518,13353.75925925926,13457.388888888889,13532.601851851852,13608.648148148148,13649.296296296296,13705.805555555557,13740.814814814816,13769.157407407409,13814.907407407409,13834.194444444443,13881.37037037037,13910.333333333334,13947.055555555557,13996.111111111111,14026.185185185184,14084.092592592591,14123.675925925923,14175.851851851852,14936.194444444443,15687.0,16301.703703703704,16775.972222222223,17181.09259259259,17528.40740740741,17828.833333333332,18081.453703703704,18283.444444444445,18453.00925925926,18584.14814814815,18690.60185185185,18783.87962962963,18859.962962962964,18924.25925925926,18978.15740740741,19030.925925925927,19079.58333333333,19128.86111111111,19181.62037037037,19233.074074074077,19290.62037037037,19335.24074074074,19393.83333333333,19449.546296296296,19511.953703703704,19569.01851851852,20116.703703703704,20633.212962962964,21052.462962962964,21355.00925925926,21556.194444444445,21701.40740740741,21777.185185185182,21828.453703703704,21853.166666666668,21856.88888888889,21865.64814814815,21861.824074074077,21860.675925925927,21857.027777777777,21858.58333333333,21852.685185185182,21840.194444444445,21836.34259259259,21841.81481481481,21833.824074074077,21825.203703703704,21817.074074074077,21813.212962962964,21812.49074074074,21808.90740740741,21798.0,21793.027777777777,21743.75925925926,21687.027777777777,21621.60185185185,21555.37037037037,21499.33333333333,21444.185185185182,21393.712962962964
1210,D1 (干旱),3320.5185185185187,3474.1666666666665,3606.157407407408,3744.518518518519,3879.731481481481,4015.148148148148,4153.324074074074,4296.555555555556,4439.824074074074,4587.490740740741,4740.425925925926,4894.87962962963,5049.333333333333,5203.0,5355.981481481482,5506.351851851852,5653.240740740741,5797.87037037037,5943.944444444444,6084.0,6221.722222222223,6355.62037037037,6485.0462962962965,6604.185185185185,6723.990740740741,6839.592592592592,6952.861111111111,7065.444444444444,7172.074074074074,7271.333333333333,8108.842592592592,8714.055555555555,9155.074074074077,9477.805555555557,9746.342592592591,9939.935185185184,10098.657407407409,10226.527777777776,10305.75925925926,10387.111111111111,10429.435185185184,10468.703703703704,10496.00925925926,10510.657407407409,10532.944444444443,10536.231481481482,10554.018518518518,10568.37962962963,10572.657407407409,10599.351851851852,10603.287037037036,10629.731481481482,10653.518518518518,10672.453703703704,10709.675925925923,10724.861111111111,10764.814814814816,11256.361111111111,11748.416666666666,12146.518518518518,12463.842592592591,12728.453703703704,12958.75,13155.472222222224,13321.24074074074,13450.12962962963,13556.398148148148,13635.055555555557,13705.0,13752.0,13796.287037037036,13828.092592592591,13859.472222222224,13883.592592592591,13906.953703703704,13928.564814814816,13946.481481481482,13972.833333333334,13990.601851851852,14022.064814814816,14044.018518518518,14067.175925925923,14097.222222222224,14126.981481481482,14418.50925925926,14743.851851851852,15048.046296296296,15309.305555555557,15502.333333333334,15643.574074074077,15731.777777777776,15800.527777777776,15833.212962962964,15857.481481481482,15864.731481481482,15867.796296296296,15861.324074074077,15863.046296296296,15859.296296296296,15849.444444444443,15846.166666666666,15841.018518518518,15835.916666666666,15831.648148148148,15823.5,15825.398148148148,15823.37037037037,15811.361111111111,15806.194444444443,15801.064814814816,15797.212962962964,15750.12962962963,15702.194444444443,15657.851851851852,15611.833333333334,15570.324074074077,15525.722222222224,15488.5
1210,RD2 (复灌),3449.472222222222,3601.083333333333,3728.777777777778,3860.8796296296296,3988.435185185185,4116.083333333333,4244.981481481482,4375.962962962963,4514.333333333333,4657.12962962963,4803.509259259259,4952.601851851852,5106.333333333333,5257.0,5405.37037037037,5554.657407407408,5704.074074074074,5855.157407407408,6006.148148148148,6153.231481481482,6293.907407407408,6433.194444444444,6562.435185185185,6694.37037037037,6821.462962962963,6945.851851851852,7070.37962962963,7188.027777777777,7302.583333333333,7410.074074074074,8322.814814814816,9000.824074074075,9485.925925925923,9853.277777777776,10146.046296296296,10355.666666666666,10536.731481481482,10658.138888888889,10753.861111111111,10828.12962962963,10867.583333333334,10912.166666666666,10926.75,10940.87962962963,10954.75925925926,10951.777777777776,10968.907407407409,10964.953703703704,10977.37037037037,10988.777777777776,10993.046296296296,11018.24074074074,11028.351851851852,11058.814814814816,11079.962962962964,11101.898148148148,11142.222222222224,11641.648148148148,12153.305555555557,12561.472222222224,12891.25925925926,13176.361111111111,13433.49074074074,13665.074074074077,13868.648148148148,14039.648148148148,14171.916666666666,14279.324074074077,14365.777777777776,14432.564814814816,14490.564814814816,14533.175925925923,14568.342592592591,14599.722222222224,14634.046296296296,14660.916666666666,14688.888888888889,14715.12037037037,14743.49074074074,14774.027777777776,14805.444444444443,14834.962962962964,14873.175925925923,14904.435185185184,15250.796296296296,15623.472222222224,15963.444444444443,16230.916666666666,16418.73148148148,16556.222222222223,16640.50925925926,16692.425925925927,16718.11111111111,16727.88888888889,16730.59259259259,16724.444444444445,16726.13888888889,16717.546296296296,16714.712962962964,16707.925925925927,16703.87962962963,16704.962962962964,16700.425925925927,16695.944444444445,16687.037037037036,16688.24074074074,16678.296296296296,16671.194444444445,16669.324074074073,16662.462962962964,16654.34259259259,16604.666666666668,16537.84259259259,16503.62037037037,16461.037037037036,16411.203703703704,16374.444444444443,16342.953703703704
1214,CK1 (正常),4111.490909090909,4243.6,4346.636363636364,4451.681818181818,4552.409090909091,4642.709090909091,4731.963636363636,4822.718181818182,4919.881818181818,5018.372727272727,5120.345454545454,5224.236363636363,5326.936363636363,5430.245454545455,5534.8,5642.890909090909,5754.472727272727,5864.145454545454,5979.218181818182,6089.309090909091,6197.681818181818,6303.790909090909,6408.990909090909,6518.272727272727,6624.854545454546,6736.7,6843.572727272727,6950.036363636364,7049.154545454546,7146.9,8076.172727272728,8886.136363636364,9536.2,10095.427272727273,10567.418181818182,10958.336363636365,11307.954545454546,11580.836363636365,11829.190909090908,12030.754545454543,12193.154545454545,12352.309090909092,12461.418181818182,12575.372727272726,12670.336363636365,12742.9,12832.072727272727,12889.072727272727,12965.318181818182,13025.736363636364,13083.536363636364,13160.354545454546,13208.790909090909,13288.872727272726,13346.854545454546,13416.736363636364,13499.054545454546,14476.245454545457,15384.536363636364,16085.481818181815,16631.054545454546,17075.0,17460.590909090908,17807.863636363636,18100.98181818182,18363.7,18589.79090909091,18782.21818181818,18946.69090909091,19084.545454545456,19213.081818181818,19329.654545454545,19441.936363636363,19554.045454545456,19654.50909090909,19758.17272727273,19860.14545454545,19968.5,20067.427272727276,20182.1,20281.20909090909,20388.227272727272,20494.881818181817,20606.618181818183,21392.936363636363,21965.36363636364,22336.34545454545,22568.045454545456,22711.90909090909,22790.00909090909,22846.01818181818,22868.78181818182,22876.17272727273,22876.20909090909,22870.68181818182,22885.28181818182,22872.8,22873.49090909091,22871.581818181818,22870.236363636363,22863.86363636364,22867.963636363635,22861.045454545456,22859.3,22855.772727272728,22857.245454545453,22860.072727272727,22850.69090909091,22852.245454545453,22852.536363636365,22850.02727272727,22830.663636363635,22773.28181818182,22733.84545454545,22666.836363636365,22616.78181818182,22558.1,22503.545454545456
1214,D1 (干旱),3851.425925925926,3980.148148148148,4081.435185185185,4182.185185185185,4276.342592592592,4366.601851851852,4454.583333333333,4542.222222222223,4633.0462962962965,4729.027777777777,4830.064814814815,4930.203703703704,5036.231481481482,5139.361111111111,5242.462962962963,5346.25,5452.962962962963,5562.87962962963,5670.0462962962965,5780.398148148148,5894.138888888889,5998.305555555556,6101.092592592592,6203.111111111111,6304.388888888889,6409.694444444444,6513.203703703704,6614.314814814815,6716.731481481482,6811.361111111111,7683.148148148148,8417.768518518518,9015.166666666666,9502.12962962963,9922.907407407409,10262.666666666666,10562.0,10813.101851851852,11012.74074074074,11199.055555555557,11328.333333333334,11463.277777777776,11563.527777777776,11647.12962962963,11734.972222222224,11786.648148148148,11857.462962962964,11908.287037037036,11961.87037037037,12022.268518518518,12058.898148148148,12123.055555555557,12167.5,12222.398148148148,12285.064814814816,12327.203703703704,12401.324074074077,13220.722222222224,14014.666666666666,14645.194444444443,15136.064814814816,15540.046296296296,15891.731481481482,16213.944444444443,16500.462962962964,16745.40740740741,16966.944444444445,17154.60185185185,17323.11111111111,17462.453703703704,17591.296296296296,17695.953703703704,17789.11111111111,17895.62037037037,17976.0,18060.38888888889,18136.09259259259,18214.166666666668,18288.0,18366.87037037037,18440.25,18523.25925925926,18592.555555555555,18670.453703703704,19259.574074074077,19737.425925925927,20074.685185185182,20305.14814814815,20459.046296296296,20552.75925925926,20612.74074074074,20649.24074074074,20672.972222222223,20676.546296296296,20673.472222222223,20674.796296296296,20666.212962962964,20665.25,20661.027777777777,20659.74074074074,20655.36111111111,20648.75,20645.56481481481,20634.81481481481,20634.65740740741,20632.796296296296,20631.666666666668,20635.64814814815,20631.324074074077,20630.472222222223,20628.73148148148,20586.055555555555,20543.58333333333,20497.574074074077,20450.26851851852,20401.916666666668,20347.185185185182,20295.53703703704
1214,RD2 (复灌),4470.731481481482,4648.62037037037,4797.324074074074,4949.611111111111,5093.972222222223,5233.648148148148,5379.907407407408,5525.898148148148,5675.203703703704,5825.407407407408,5977.666666666667,6137.657407407408,6300.509259259259,6461.685185185185,6622.37962962963,6779.935185185185,6936.490740740741,7095.166666666667,7252.990740740741,7405.87037037037,7560.203703703703,7710.101851851852,7854.351851851852,7994.935185185185,8130.574074074074,8265.157407407407,8399.824074074075,8526.25,8654.944444444445,8778.898148148148,9815.888888888889,10611.611111111111,11217.925925925923,11674.194444444443,12043.175925925923,12321.796296296296,12538.407407407409,12708.555555555557,12827.50925925926,12931.37037037037,12996.87962962963,13049.027777777776,13088.824074074077,13112.111111111111,13141.287037037036,13155.277777777776,13174.805555555557,13196.037037037036,13210.166666666666,13242.083333333334,13258.611111111111,13288.657407407409,13321.87962962963,13349.787037037036,13392.425925925923,13420.722222222224,13470.574074074077,14074.194444444443,14638.564814814816,15083.638888888889,15475.962962962964,15854.444444444443,16216.962962962964,16542.444444444445,16833.722222222223,17076.555555555555,17279.777777777777,17443.537037037036,17579.73148148148,17692.296296296296,17786.296296296296,17873.00925925926,17957.694444444445,18024.10185185185,18093.046296296296,18159.09259259259,18231.51851851852,18298.64814814815,18358.06481481481,18433.472222222223,18501.61111111111,18573.925925925927,18639.73148148148,18710.85185185185,19365.61111111111,20011.03703703704,20553.89814814815,20954.37037037037,21242.85185185185,21435.703703703704,21551.23148148148,21629.5,21672.75925925926,21689.24074074074,21695.76851851852,21691.35185185185,21695.25,21695.462962962964,21684.35185185185,21679.23148148148,21676.166666666668,21672.472222222223,21663.73148148148,21658.555555555555,21658.527777777777,21648.12962962963,21647.324074074077,21642.81481481481,21639.73148148148,21629.26851851852,21624.26851851852,21566.925925925927,21495.925925925927,21427.203703703704,21197.722222222223,21141.36111111111,21080.472222222223,21162.58333333333
1223,CK1 (正常),4704.5,4835.287037037037,4928.777777777777,5024.509259259259,5110.157407407408,5184.194444444444,5258.518518518518,5329.37037037037,5401.351851851852,5470.935185185185,5547.37037037037,5626.037037037037,5706.731481481482,5785.185185185185,5861.138888888889,5939.472222222223,6020.018518518518,6097.814814814815,6182.759259259259,6267.972222222223,6350.444444444444,6432.851851851852,6510.787037037037,6588.842592592592,6670.87962962963,6750.398148148148,6830.824074074074,6911.361111111111,6990.851851851852,7068.388888888889,7805.601851851852,8472.00925925926,9055.814814814816,9559.37037037037,10013.138888888889,10394.833333333334,10735.222222222224,11034.185185185184,11277.601851851852,11504.805555555557,11684.833333333334,11847.37962962963,11988.898148148148,12104.851851851852,12222.648148148148,12312.722222222224,12405.481481481482,12483.861111111111,12557.972222222224,12639.194444444443,12706.351851851852,12780.296296296296,12852.805555555557,12921.824074074077,13000.018518518518,13065.138888888889,13143.527777777776,14114.064814814816,15056.231481481482,15834.5,16466.51851851852,17020.01851851852,17528.703703703704,17982.24074074074,18398.13888888889,18757.89814814815,19077.87037037037,19352.99074074074,19590.435185185182,19805.83333333333,20005.08333333333,20184.87037037037,20345.65740740741,20500.36111111111,20645.88888888889,20783.38888888889,20925.444444444445,21052.555555555555,21187.06481481481,21314.61111111111,21431.824074074077,21561.685185185182,21689.685185185182,21804.296296296296,22745.01851851852,23549.416666666668,24232.40740740741,24804.10185185185,25256.425925925927,25616.962962962964,25895.59259259259,26103.212962962964,26256.49074074074,26380.027777777777,26467.703703703704,26531.23148148148,26578.83333333333,26615.75,26637.48148148148,26649.574074074077,26665.64814814815,26676.48148148148,26671.84259259259,26670.49074074074,26662.63888888889,26662.25925925926,26653.055555555555,26648.962962962964,26644.89814814815,26631.972222222223,26620.425925925927,26506.50925925926,26386.59259259259,26272.59259259259,26164.13888888889,26066.13888888889,25991.76851851852,25917.53703703704
1223,D1 (干旱),2520.925925925926,2603.712962962963,2657.925925925926,2715.935185185185,2764.805555555556,2813.314814814815,2862.101851851852,2910.935185185185,2962.435185185185,3013.462962962963,3068.583333333333,3125.953703703704,3180.601851851852,3235.3981481481483,3294.722222222222,3353.5185185185187,3412.8703703703704,3469.833333333333,3532.675925925926,3590.6111111111118,3647.1296296296296,3703.537037037037,3761.435185185185,3818.740740740741,3872.648148148148,3930.259259259259,3987.1203703703695,4038.75,4091.601851851852,4143.601851851852,4632.5,5045.675925925926,5390.194444444444,5679.0462962962965,5933.148148148148,6139.935185185185,6330.185185185185,6487.138888888889,6625.5462962962965,6745.009259259259,6841.527777777777,6931.833333333333,7001.12962962963,7066.018518518518,7124.527777777777,7171.944444444444,7220.87037037037,7259.87962962963,7298.546296296296,7334.981481481482,7367.953703703703,7405.833333333333,7435.194444444444,7470.287037037037,7503.944444444444,7537.703703703703,7578.666666666667,8057.444444444444,8552.925925925925,8988.787037037036,9339.685185185184,9637.185185185184,9889.092592592591,10115.333333333334,10303.5,10473.824074074077,10615.287037037036,10739.861111111111,10844.00925925926,10934.407407407409,11010.25925925926,11080.944444444443,11141.157407407409,11192.351851851852,11237.953703703704,11282.231481481482,11325.62037037037,11364.962962962964,11400.212962962964,11438.592592592591,11474.231481481482,11505.425925925923,11543.064814814816,11577.407407407409,11868.472222222224,12139.268518518518,12378.00925925926,12577.342592592591,12727.101851851852,12847.611111111111,12937.601851851852,13003.342592592591,13056.305555555557,13097.833333333334,13129.861111111111,13147.111111111111,13161.518518518518,13177.074074074077,13184.398148148148,13189.407407407409,13193.092592592591,13195.083333333334,13192.648148148148,13197.50925925926,13192.435185185184,13190.277777777776,13192.435185185184,13186.953703703704,13184.833333333334,13184.351851851852,13178.87037037037,13145.24074074074,13098.018518518518,13049.157407407409,12997.49074074074,12943.453703703704,12900.703703703704,12864.62962962963
1223,RD2 (复灌),4305.305555555556,4443.898148148148,4551.842592592592,4659.925925925926,4758.916666666667,4854.925925925926,4948.222222222223,5038.555555555556,5133.009259259259,5226.712962962963,5322.759259259259,5426.833333333333,5530.592592592592,5634.481481481482,5739.37962962963,5841.324074074074,5945.472222222223,6050.916666666667,6159.675925925926,6263.527777777777,6373.944444444444,6477.175925925926,6580.453703703704,6681.0462962962965,6778.972222222223,6879.685185185185,6980.592592592592,7078.981481481482,7179.638888888889,7273.027777777777,8146.25,8894.25925925926,9522.046296296296,10040.00925925926,10490.537037037036,10862.351851851852,11181.666666666666,11455.87037037037,11673.703703703704,11875.018518518518,12031.925925925923,12171.981481481482,12293.694444444443,12385.675925925923,12483.194444444443,12556.305555555557,12629.777777777776,12700.462962962964,12754.888888888889,12827.731481481482,12879.898148148148,12942.638888888889,13008.12037037037,13060.787037037036,13133.537037037036,13187.611111111111,13256.564814814816,14137.314814814816,14972.583333333334,15627.064814814816,16154.148148148148,16612.49074074074,17028.12962962963,17414.694444444445,17754.185185185186,18059.675925925927,18318.027777777777,18544.166666666668,18732.962962962964,18903.48148148148,19037.90740740741,19158.59259259259,19276.824074074077,19369.175925925927,19454.546296296296,19541.12037037037,19622.50925925926,19709.305555555555,19781.84259259259,19856.86111111111,19941.694444444445,20016.89814814815,20098.462962962964,20178.277777777777,20874.84259259259,21545.53703703704,22099.34259259259,22526.09259259259,22823.805555555555,23025.194444444445,23165.166666666668,23242.11111111111,23290.38888888889,23323.61111111111,23343.99074074074,23350.81481481481,23355.055555555555,23356.64814814815,23350.14814814815,23346.03703703704,23329.58333333333,23329.36111111111,23317.12962962963,23315.40740740741,23310.08333333333,23301.074074074077,23290.296296296296,23292.84259259259,23282.203703703704,23276.425925925927,23263.37037037037,23223.694444444445,23166.78703703704,23099.425925925927,23025.472222222223,22967.58333333333,22917.08333333333,22855.08333333333
1235,CK1 (正常),3480.953703703704,3588.6111111111118,3668.657407407408,3751.824074074074,3825.685185185185,3894.046296296296,3961.518518518519,4029.1111111111113,4099.481481481482,4170.685185185185,4246.425925925926,4321.777777777777,4400.277777777777,4481.101851851852,4556.638888888889,4637.435185185185,4717.203703703704,4798.638888888889,4882.888888888889,4968.518518518518,5054.833333333333,5135.62037037037,5217.638888888889,5297.111111111111,5377.722222222223,5461.111111111111,5542.657407407408,5624.268518518518,5704.907407407408,5784.527777777777,6512.935185185185,7157.37962962963,7693.648148148148,8144.611111111111,8542.083333333334,8868.805555555555,9160.12037037037,9404.75925925926,9608.972222222224,9794.481481481482,9935.564814814816,10071.462962962964,10179.638888888889,10269.851851851852,10362.333333333334,10426.87962962963,10503.546296296296,10562.185185185184,10618.018518518518,10682.351851851852,10728.111111111111,10792.157407407409,10843.675925925923,10897.675925925923,10959.962962962964,11008.12962962963,11077.555555555557,11890.092592592591,12682.157407407409,13318.49074074074,13818.231481481482,14233.527777777776,14591.888888888889,14911.231481481482,15190.083333333334,15436.787037037036,15651.25,15831.388888888889,15983.472222222224,16127.407407407409,16246.805555555557,16358.138888888889,16466.194444444445,16567.194444444445,16660.185185185186,16754.25925925926,16848.972222222223,16943.63888888889,17043.59259259259,17135.925925925927,17227.65740740741,17331.00925925926,17428.185185185186,17526.722222222223,18280.203703703704,18853.36111111111,19253.26851851852,19509.90740740741,19677.416666666668,19784.15740740741,19845.694444444445,19880.435185185182,19910.89814814815,19926.39814814815,19931.324074074077,19940.08333333333,19943.12962962963,19943.37037037037,19945.305555555555,19942.185185185182,19937.916666666668,19939.11111111111,19935.046296296296,19940.33333333333,19945.50925925926,19930.435185185182,19930.40740740741,19930.87037037037,19928.73148148148,19926.925925925927,19923.63888888889,19894.48148148148,19846.462962962964,19787.425925925927,19736.89814814815,19678.48148148148,19632.37962962963,19569.33333333333
1235,D1 (干旱),2895.25,3005.6203703703704,3095.6111111111118,3188.314814814815,3278.935185185185,3365.824074074074,3450.3981481481483,3540.8981481481483,3632.953703703704,3726.055555555556,3825.175925925926,3923.6111111111113,4021.259259259259,4120.925925925926,4222.027777777777,4318.175925925926,4417.166666666667,4513.898148148148,4613.7962962962965,4710.101851851852,4805.305555555556,4897.027777777777,4982.314814814815,5069.601851851852,5154.944444444444,5237.490740740741,5322.527777777777,5404.0462962962965,5481.907407407408,5555.87037037037,6205.222222222223,6707.009259259259,7093.87962962963,7397.425925925926,7656.62037037037,7858.12962962963,8039.324074074074,8182.898148148148,8301.027777777777,8409.027777777777,8482.805555555555,8559.481481481482,8614.12962962963,8660.268518518518,8709.833333333334,8735.518518518518,8777.685185185184,8802.768518518518,8829.861111111111,8864.083333333334,8882.351851851852,8919.037037037036,8942.212962962964,8971.787037037036,9006.555555555555,9028.083333333334,9068.75,9531.25,9971.314814814816,10308.203703703704,10558.398148148148,10772.111111111111,10948.648148148148,11105.37037037037,11246.37962962963,11368.574074074077,11474.555555555557,11567.814814814816,11645.462962962964,11709.388888888889,11772.064814814816,11830.175925925923,11872.583333333334,11917.907407407409,11960.49074074074,12000.314814814816,12040.037037037036,12081.5,12127.722222222224,12164.805555555557,12206.75,12250.314814814816,12295.74074074074,12340.222222222224,12693.805555555557,12999.018518518518,13232.407407407409,13400.796296296296,13523.064814814816,13594.703703703704,13648.453703703704,13687.0,13706.361111111111,13715.62037037037,13721.601851851852,13725.981481481482,13727.037037037036,13726.666666666666,13723.101851851852,13721.175925925923,13717.675925925923,13712.861111111111,13708.407407407409,13707.37962962963,13709.75925925926,13698.768518518518,13695.5,13693.935185185184,13695.324074074077,13688.611111111111,13686.87962962963,13650.212962962964,13602.972222222224,13556.314814814816,13510.87962962963,13466.398148148148,13429.962962962964,13403.212962962964
1235,RD2 (复灌),2683.601851851852,2800.083333333333,2890.777777777778,2983.25,3074.1944444444443,3162.7685185185187,3254.222222222222,3345.435185185185,3437.277777777778,3531.3425925925926,3629.6203703703695,3731.462962962963,3833.3796296296296,3931.185185185185,4031.722222222222,4125.407407407408,4221.342592592592,4316.222222222223,4410.962962962963,4504.768518518518,4595.037037037037,4679.638888888889,4762.537037037037,4842.305555555556,4920.944444444444,4997.527777777777,5073.490740740741,5150.259259259259,5221.5462962962965,5287.564814814815,5858.240740740741,6283.777777777777,6599.055555555556,6835.407407407408,7035.305555555556,7182.833333333333,7310.055555555556,7411.407407407408,7485.694444444444,7556.953703703703,7601.5,7645.62037037037,7681.324074074074,7704.462962962963,7735.074074074074,7749.962962962963,7773.87037037037,7791.185185185185,7807.111111111111,7831.814814814815,7844.407407407408,7870.203703703703,7886.592592592592,7907.787037037037,7937.62037037037,7956.555555555556,7987.111111111111,8343.083333333334,8676.083333333334,8928.861111111111,9123.944444444443,9285.194444444443,9435.564814814816,9563.166666666666,9683.925925925923,9789.907407407409,9882.564814814816,9959.546296296296,10023.25,10086.416666666666,10133.657407407409,10176.37037037037,10214.601851851852,10248.037037037036,10281.657407407409,10308.074074074077,10337.407407407409,10366.555555555557,10399.50925925926,10427.981481481482,10458.74074074074,10488.861111111111,10519.092592592591,10552.75925925926,10823.287037037036,11094.611111111111,11322.064814814816,11499.648148148148,11620.62962962963,11718.416666666666,11785.046296296296,11832.842592592591,11868.916666666666,11894.62962962963,11904.703703703704,11921.111111111111,11927.768518518518,11932.398148148148,11941.972222222224,11944.148148148148,11943.99074074074,11944.407407407409,11948.888888888889,11945.935185185184,11943.62962962963,11947.722222222224,11945.787037037036,11944.518518518518,11941.75,11940.175925925923,11940.74074074074,11924.842592592591,11896.222222222224,11866.018518518518,11858.574074074077,11833.564814814816,11808.333333333334,11785.50925925926
1248,CK1 (正常),3372.935185185185,3492.722222222222,3590.435185185185,3690.972222222222,3783.101851851852,3874.648148148148,3964.148148148148,4055.8703703703695,4148.222222222223,4244.305555555556,4343.62962962963,4446.435185185185,4552.675925925926,4657.0,4760.944444444444,4866.212962962963,4969.138888888889,5073.518518518518,5180.898148148148,5287.342592592592,5395.064814814815,5497.203703703704,5599.194444444444,5696.027777777777,5792.083333333333,5890.324074074074,5987.111111111111,6083.537037037037,6176.62037037037,6268.787037037037,7066.240740740741,7712.481481481482,8230.435185185184,8631.74074074074,8975.342592592593,9236.25,9457.12962962963,9640.907407407409,9771.555555555557,9898.175925925923,9978.731481481482,10050.361111111111,10112.351851851852,10146.62962962963,10194.75,10216.75925925926,10244.74074074074,10275.611111111111,10287.055555555557,10324.25925925926,10338.046296296296,10366.972222222224,10397.731481481482,10417.055555555557,10461.907407407409,10483.666666666666,10524.462962962964,11078.37962962963,11630.972222222224,12063.861111111111,12404.694444444443,12715.981481481482,13002.5,13277.037037037036,13532.37037037037,13758.462962962964,13961.462962962964,14134.675925925923,14280.935185185184,14408.564814814816,14523.314814814816,14617.12037037037,14696.37962962963,14771.027777777776,14842.898148148148,14906.425925925923,14960.694444444443,15024.518518518518,15078.694444444443,15131.87962962963,15186.657407407409,15242.101851851852,15293.648148148148,15347.907407407409,15757.962962962964,16124.5,16418.49074074074,16644.027777777777,16809.333333333332,16930.40740740741,17029.194444444445,17083.88888888889,17131.666666666668,17160.527777777777,17187.64814814815,17192.25,17201.194444444445,17208.10185185185,17214.212962962964,17214.84259259259,17211.40740740741,17207.444444444445,17213.074074074073,17211.12037037037,17204.083333333332,17202.935185185186,17209.75925925926,17208.49074074074,17203.35185185185,17205.685185185186,17203.064814814814,17189.944444444445,17156.435185185186,17129.453703703704,17099.675925925927,17075.472222222223,17042.87962962963,17010.65740740741
1248,D1 (干旱),2688.425925925926,2806.3888888888887,2907.759259259259,3011.305555555556,3114.990740740741,3222.1481481481483,3327.314814814815,3433.601851851852,3547.990740740741,3662.055555555556,3784.472222222222,3906.740740740741,4028.444444444444,4150.203703703704,4267.7962962962965,4387.657407407408,4503.324074074074,4618.157407407408,4734.37962962963,4847.277777777777,4954.805555555556,5059.231481481482,5159.62037037037,5256.925925925926,5348.083333333333,5437.490740740741,5530.074074074074,5617.314814814815,5699.407407407408,5778.009259259259,6424.898148148148,6885.824074074074,7218.240740740741,7466.074074074074,7672.074074074074,7824.166666666667,7952.527777777777,8054.342592592592,8126.240740740741,8195.305555555555,8238.398148148148,8274.212962962964,8300.74074074074,8316.935185185184,8341.49074074074,8350.75925925926,8370.962962962964,8385.268518518518,8393.666666666666,8418.166666666666,8427.851851851852,8452.472222222223,8473.74074074074,8492.722222222223,8524.37037037037,8547.194444444445,8582.731481481482,9038.796296296296,9482.935185185184,9810.027777777776,10061.37962962963,10262.5,10439.166666666666,10596.888888888889,10739.231481481482,10863.564814814816,10963.416666666666,11059.75925925926,11121.944444444443,11182.703703703704,11235.407407407409,11276.518518518518,11314.555555555557,11343.703703703704,11373.055555555557,11392.111111111111,11420.546296296296,11439.435185185184,11455.972222222224,11475.916666666666,11491.037037037036,11511.342592592591,11528.833333333334,11546.935185185184,11733.175925925923,11935.685185185184,12142.092592592591,12320.166666666666,12466.092592592591,12579.564814814816,12656.305555555557,12710.037037037036,12751.638888888889,12769.62962962963,12774.898148148148,12784.564814814816,12781.481481481482,12776.101851851852,12778.398148148148,12775.564814814816,12774.0,12770.37037037037,12765.444444444443,12763.518518518518,12759.888888888889,12760.87037037037,12760.657407407409,12758.5,12751.592592592591,12752.333333333334,12752.305555555557,12731.555555555557,12701.777777777776,12676.138888888889,12647.12962962963,12617.527777777776,12588.462962962964,12558.666666666666
1248,RD2 (复灌),3402.9074074074074,3556.314814814815,3681.953703703704,3811.657407407408,3941.509259259259,4065.268518518519,4193.564814814815,4325.240740740741,4459.62962962963,4598.027777777777,4740.0,4887.675925925926,5034.935185185185,5183.62962962963,5328.435185185185,5475.2962962962965,5619.972222222223,5763.787037037037,5906.453703703704,6048.490740740741,6187.564814814815,6320.972222222223,6452.240740740741,6576.62037037037,6694.583333333333,6816.611111111111,6934.0462962962965,7048.037037037037,7158.592592592592,7266.185185185185,8136.574074074074,8762.027777777777,9208.25,9528.583333333334,9779.12962962963,9956.0,10095.518518518518,10196.351851851852,10262.305555555557,10319.888888888889,10346.935185185184,10369.333333333334,10381.527777777776,10384.157407407409,10390.712962962964,10383.064814814816,10385.546296296296,10381.888888888889,10377.907407407409,10382.611111111111,10377.712962962964,10387.99074074074,10390.435185185184,10397.287037037036,10412.916666666666,10417.462962962964,10437.203703703704,10687.833333333334,10947.814814814816,11155.305555555557,11336.592592592591,11507.99074074074,11678.712962962964,11827.231481481482,11945.944444444443,12047.064814814816,12128.592592592591,12195.62962962963,12248.138888888889,12298.703703703704,12335.925925925923,12372.703703703704,12409.962962962964,12444.277777777776,12483.462962962964,12518.555555555557,12561.296296296296,12603.00925925926,12648.75925925926,12693.027777777776,12741.601851851852,12791.935185185184,12844.481481481482,12902.611111111111,13389.824074074077,13875.268518518518,14268.157407407409,14567.518518518518,14775.296296296296,14914.564814814816,15012.185185185184,15072.277777777776,15108.277777777776,15135.203703703704,15142.916666666666,15152.861111111111,15147.231481481482,15150.111111111111,15149.777777777776,15145.62037037037,15139.388888888889,15138.305555555557,15133.675925925923,15129.694444444443,15124.842592592591,15120.518518518518,15116.574074074077,15113.185185185184,15106.277777777776,15101.027777777776,15096.407407407409,15033.787037037036,14968.333333333334,14880.574074074077,14839.305555555557,14896.768518518518,14772.953703703704,14743.407407407409
1252,CK1 (正常),3928.712962962963,4050.1666666666665,4143.833333333333,4235.509259259259,4323.453703703704,4400.425925925926,4474.981481481482,4550.601851851852,4631.268518518518,4714.175925925926,4795.407407407408,4881.509259259259,4967.490740740741,5053.537037037037,5140.824074074074,5230.009259259259,5320.5,5411.694444444444,5502.268518518518,5591.12037037037,5684.916666666667,5774.648148148148,5861.537037037037,5949.138888888889,6037.055555555556,6124.240740740741,6210.962962962963,6298.861111111111,6382.925925925926,6462.694444444444,7234.824074074074,7907.212962962963,8469.453703703704,8951.62962962963,9366.453703703704,9720.157407407409,10030.935185185184,10291.37962962963,10517.666666666666,10716.694444444443,10877.231481481482,11027.222222222224,11148.083333333334,11258.953703703704,11359.75925925926,11445.287037037036,11533.935185185184,11607.37962962963,11686.333333333334,11758.175925925923,11827.898148148148,11907.518518518518,11973.694444444443,12052.083333333334,12128.601851851852,12202.898148148148,12283.231481481482,13339.898148148148,14295.981481481482,15039.787037037036,15607.37962962963,16072.425925925923,16479.26851851852,16833.296296296296,17143.75925925926,17423.546296296296,17650.99074074074,17858.73148148148,18033.527777777777,18194.074074074077,18340.26851851852,18465.48148148148,18588.85185185185,18705.046296296296,18822.666666666668,18935.675925925927,19047.935185185182,19165.26851851852,19283.944444444445,19397.675925925927,19513.88888888889,19639.11111111111,19753.13888888889,19876.63888888889,20789.0,21481.89814814815,21933.75925925926,22240.444444444445,22429.435185185182,22546.425925925927,22630.222222222223,22680.472222222223,22711.462962962964,22728.34259259259,22744.574074074077,22751.074074074077,22756.555555555555,22758.51851851852,22766.76851851852,22782.14814814815,22777.805555555555,22783.23148148148,22781.11111111111,22787.703703703704,22795.555555555555,22787.953703703704,22793.37037037037,22783.527777777777,22787.36111111111,22782.06481481481,22775.935185185182,22749.88888888889,22689.703703703704,22632.23148148148,22552.88888888889,22464.59259259259,22390.305555555555,22314.675925925927
1252,D1 (干旱),2714.305555555556,2802.1666666666665,2866.796296296296,2926.064814814815,2982.222222222222,3036.027777777778,3085.574074074074,3138.7314814814813,3191.101851851852,3248.212962962963,3305.796296296296,3367.490740740741,3426.6296296296296,3487.6666666666665,3546.925925925926,3607.731481481481,3670.6666666666665,3733.481481481481,3799.0833333333335,3862.055555555556,3927.324074074074,3988.796296296296,4051.685185185185,4110.574074074074,4172.194444444444,4234.203703703704,4293.953703703704,4354.768518518518,4415.0,4469.842592592592,5005.5462962962965,5464.435185185185,5846.342592592592,6164.157407407408,6443.148148148148,6678.490740740741,6885.777777777777,7063.740740740741,7214.138888888889,7354.962962962963,7466.064814814815,7573.62962962963,7662.37962962963,7737.12962962963,7811.638888888889,7871.25,7936.055555555556,7988.425925925926,8036.861111111111,8088.898148148148,8128.712962962963,8180.018518518518,8221.175925925925,8265.814814814816,8317.083333333334,8354.25925925926,8405.796296296296,9007.722222222224,9579.342592592591,10057.555555555557,10428.037037037036,10725.648148148148,10974.972222222224,11190.962962962964,11386.00925925926,11547.555555555557,11687.055555555557,11810.546296296296,11913.527777777776,12008.277777777776,12086.62962962963,12155.305555555557,12222.25925925926,12275.111111111111,12329.703703703704,12380.37962962963,12430.583333333334,12475.824074074077,12523.731481481482,12574.935185185184,12622.962962962964,12667.925925925923,12719.203703703704,12766.425925925923,13197.101851851852,13580.851851851852,13882.953703703704,14107.481481481482,14269.62037037037,14377.287037037036,14459.083333333334,14515.87962962963,14554.546296296296,14580.731481481482,14589.444444444443,14601.564814814816,14612.768518518518,14613.083333333334,14616.055555555557,14613.814814814816,14616.407407407409,14608.666666666666,14608.731481481482,14609.962962962964,14609.925925925923,14611.453703703704,14600.546296296296,14602.351851851852,14598.768518518518,14598.398148148148,14602.74074074074,14577.87037037037,14543.796296296296,14511.583333333334,14469.49074074074,14434.62037037037,14399.074074074077,14361.398148148148
1252,RD2 (复灌),4762.305555555556,4950.675925925926,5111.231481481482,5274.055555555556,5428.425925925926,5581.888888888889,5736.527777777777,5894.240740740741,6053.453703703704,6210.083333333333,6371.694444444444,6540.824074074074,6710.398148148148,6881.944444444444,7052.037037037037,7219.046296296296,7385.12037037037,7547.361111111111,7708.527777777777,7872.453703703703,8032.694444444444,8188.046296296296,8339.148148148148,8484.722222222223,8625.648148148148,8761.601851851852,8895.916666666666,9031.037037037036,9162.388888888889,9291.287037037036,10359.962962962964,11169.083333333334,11803.787037037036,12282.12037037037,12674.0,12989.722222222224,13229.064814814816,13441.388888888889,13590.12962962963,13720.916666666666,13822.888888888889,13892.916666666666,13970.722222222224,14019.055555555557,14069.268518518518,14116.314814814816,14147.546296296296,14200.296296296296,14234.138888888889,14282.777777777776,14334.814814814816,14371.453703703704,14438.472222222224,14481.611111111111,14543.305555555557,14607.453703703704,14660.055555555557,15527.861111111111,16250.75,16777.944444444445,17201.99074074074,17593.796296296296,17951.63888888889,18281.12962962963,18566.222222222223,18813.027777777777,19009.5,19180.824074074077,19321.09259259259,19443.777777777777,19551.13888888889,19645.51851851852,19741.62962962963,19828.203703703704,19908.64814814815,20002.962962962964,20089.50925925926,20178.15740740741,20262.444444444445,20359.972222222223,20453.675925925927,20550.83333333333,20648.435185185182,20754.675925925927,21602.65740740741,22308.074074074077,22800.98148148148,23107.712962962964,23298.90740740741,23401.666666666668,23464.33333333333,23490.425925925927,23495.61111111111,23493.527777777777,23484.453703703704,23473.925925925927,23469.14814814815,23451.86111111111,23445.027777777777,23437.62037037037,23428.935185185182,23422.953703703704,23416.527777777777,23413.24074074074,23410.222222222223,23399.48148148148,23396.01851851852,23394.37037037037,23388.58333333333,23387.0,23383.84259259259,23335.11111111111,23267.59259259259,23146.40740740741,23182.62962962963,23134.78703703704,23074.48148148148,23018.925925925927
1257,CK1 (正常),3232.712962962963,3344.046296296296,3432.675925925926,3525.074074074074,3610.907407407408,3694.657407407408,3777.703703703704,3859.6111111111113,3940.6203703703695,4023.1203703703695,4109.703703703704,4199.5,4291.7962962962965,4385.203703703704,4475.324074074074,4565.361111111111,4655.657407407408,4743.388888888889,4834.851851851852,4926.851851851852,5019.444444444444,5109.981481481482,5198.75,5283.657407407408,5365.574074074074,5448.490740740741,5532.240740740741,5614.435185185185,5699.212962962963,5781.888888888889,6501.212962962963,7096.62037037037,7597.351851851852,7994.055555555556,8333.416666666666,8613.231481481482,8829.694444444445,9027.138888888889,9167.972222222224,9293.324074074077,9390.981481481482,9459.027777777776,9533.666666666666,9572.324074074077,9623.824074074077,9659.75925925926,9685.351851851852,9725.287037037036,9746.268518518518,9783.712962962964,9816.564814814816,9840.99074074074,9887.75,9913.435185185184,9959.212962962964,10001.444444444443,10037.657407407409,10679.925925925923,11290.527777777776,11766.824074074077,12143.87037037037,12482.175925925923,12798.12962962963,13100.601851851852,13382.324074074077,13631.527777777776,13843.935185185184,14033.861111111111,14199.555555555557,14344.222222222224,14471.601851851852,14585.092592592591,14690.768518518518,14785.00925925926,14878.731481481482,14964.805555555557,15057.888888888889,15142.75925925926,15227.796296296296,15318.462962962964,15398.601851851852,15488.101851851852,15566.24074074074,15651.342592592591,16294.092592592591,16773.796296296296,17081.65740740741,17273.62962962963,17383.453703703704,17454.027777777777,17484.64814814815,17508.175925925927,17508.537037037036,17512.666666666668,17515.074074074073,17510.953703703704,17504.39814814815,17505.12962962963,17495.25925925926,17496.944444444445,17491.027777777777,17486.98148148148,17494.5,17491.75925925926,17489.09259259259,17492.814814814814,17485.416666666668,17482.87037037037,17484.287037037036,17480.60185185185,17481.666666666668,17463.84259259259,17437.64814814815,17407.314814814814,17370.666666666668,17323.064814814814,17278.10185185185,17237.86111111111
1257,D1 (干旱),2785.833333333333,2885.083333333333,2965.046296296296,3041.685185185185,3116.203703703704,3187.055555555556,3258.240740740741,3332.703703703704,3406.787037037037,3481.259259259259,3561.6481481481483,3642.574074074074,3728.6111111111113,3815.222222222222,3897.722222222222,3985.490740740741,4068.759259259259,4157.111111111111,4242.962962962963,4332.898148148148,4419.481481481482,4505.87962962963,4589.592592592592,4672.722222222223,4753.12962962963,4834.37962962963,4914.611111111111,4998.027777777777,5077.027777777777,5153.064814814815,5843.87962962963,6414.861111111111,6877.648148148148,7249.027777777777,7564.87962962963,7817.157407407408,8031.953703703703,8212.462962962964,8351.638888888889,8479.194444444445,8575.49074074074,8660.462962962964,8733.268518518518,8789.833333333334,8846.49074074074,8886.203703703704,8927.157407407407,8966.731481481482,8998.768518518518,9041.833333333334,9072.768518518518,9112.518518518518,9153.111111111111,9185.953703703704,9231.083333333334,9265.333333333334,9311.805555555557,9912.50925925926,10506.537037037036,10991.962962962964,11378.361111111111,11698.342592592591,11979.99074074074,12222.435185185184,12430.268518518518,12611.388888888889,12764.814814814816,12885.851851851852,12993.342592592591,13077.111111111111,13147.99074074074,13202.287037037036,13255.916666666666,13304.703703703704,13348.638888888889,13384.453703703704,13424.953703703704,13459.37037037037,13495.037037037036,13529.925925925923,13566.435185185184,13599.768518518518,13634.87037037037,13673.731481481482,13984.25,14303.731481481482,14582.648148148148,14808.314814814816,14981.111111111111,15123.435185185184,15221.75,15294.657407407409,15347.712962962964,15380.037037037036,15403.694444444443,15420.24074074074,15430.018518518518,15438.611111111111,15437.037037037036,15439.703703703704,15434.888888888889,15427.62962962963,15429.472222222224,15425.222222222224,15423.842592592591,15421.527777777776,15413.537037037036,15415.555555555557,15410.898148148148,15401.75,15403.925925925923,15356.324074074077,15313.425925925923,15276.018518518518,15226.703703703704,15186.703703703704,15153.722222222224,15120.916666666666
1257,RD2 (复灌),3521.305555555556,3670.3611111111113,3792.8796296296296,3921.0833333333335,4043.6388888888887,4165.898148148148,4283.462962962963,4411.657407407408,4541.055555555556,4671.768518518518,4808.787037037037,4944.601851851852,5083.972222222223,5220.203703703704,5357.62962962963,5491.62962962963,5630.453703703704,5767.194444444444,5902.333333333333,6038.611111111111,6168.12037037037,6293.083333333333,6415.175925925926,6536.712962962963,6652.333333333333,6770.972222222223,6884.7962962962965,6998.12962962963,7102.861111111111,7205.064814814815,8087.611111111111,8772.138888888889,9279.074074074077,9672.75925925926,9994.851851851852,10232.388888888889,10437.398148148148,10587.12962962963,10706.722222222224,10809.074074074077,10875.49074074074,10940.074074074077,10980.435185185184,11019.296296296296,11058.268518518518,11076.453703703704,11113.296296296296,11137.814814814816,11168.092592592591,11204.546296296296,11230.74074074074,11274.99074074074,11307.166666666666,11350.416666666666,11398.231481481482,11437.185185185184,11493.601851851852,12165.111111111111,12760.111111111111,13192.25,13537.962962962964,13846.064814814816,14126.99074074074,14384.231481481482,14613.546296296296,14801.916666666666,14959.453703703704,15087.416666666666,15193.074074074077,15282.064814814816,15353.787037037036,15419.731481481482,15478.194444444443,15528.064814814816,15574.25,15620.99074074074,15671.944444444443,15716.092592592591,15753.268518518518,15804.416666666666,15852.777777777776,15898.518518518518,15946.481481481482,15993.592592592591,16424.972222222223,16852.287037037036,17207.00925925926,17467.51851851852,17655.046296296296,17774.75925925926,17849.546296296296,17894.222222222223,17916.12037037037,17924.35185185185,17920.26851851852,17916.046296296296,17907.11111111111,17904.972222222223,17893.953703703704,17889.09259259259,17881.175925925927,17882.00925925926,17876.87962962963,17866.583333333332,17861.064814814814,17857.64814814815,17857.935185185186,17858.23148148148,17845.87962962963,17851.074074074073,17846.777777777777,17809.027777777777,17738.75,17701.75925925926,17672.796296296296,17634.314814814814,17593.84259259259,17543.962962962964
1261,CK1 (正常),4923.194444444444,5081.87962962963,5203.0462962962965,5323.194444444444,5436.435185185185,5539.37037037037,5641.314814814815,5749.592592592592,5852.490740740741,5957.583333333333,6064.398148148148,6178.314814814815,6296.009259259259,6414.62037037037,6534.240740740741,6654.138888888889,6777.712962962963,6897.157407407408,7022.12962962963,7148.527777777777,7275.12962962963,7401.342592592592,7523.296296296296,7645.101851851852,7766.148148148148,7884.240740740741,8004.805555555556,8123.898148148148,8244.861111111111,8364.194444444445,9427.898148148148,10342.361111111111,11109.861111111111,11736.222222222224,12277.685185185184,12725.87962962963,13107.898148148148,13437.888888888889,13701.453703703704,13941.425925925923,14132.953703703704,14296.342592592591,14443.416666666666,14553.055555555557,14664.527777777776,14753.12962962963,14834.583333333334,14912.305555555557,14971.407407407409,15048.148148148148,15103.037037037036,15171.611111111111,15232.87962962963,15288.925925925923,15361.888888888889,15416.564814814816,15487.527777777776,16385.555555555555,17307.037037037036,18109.453703703704,18775.805555555555,19336.166666666668,19823.416666666668,20252.06481481481,20623.26851851852,20937.81481481481,21207.305555555555,21432.99074074074,21621.13888888889,21778.51851851852,21921.703703703704,22044.01851851852,22153.324074074077,22255.546296296296,22357.203703703704,22448.51851851852,22545.222222222223,22637.222222222223,22729.88888888889,22821.953703703704,22926.425925925927,23013.63888888889,23119.055555555555,23217.194444444445,24121.03703703704,24953.324074074077,25615.046296296296,26090.99074074074,26411.722222222223,26635.175925925927,26773.14814814815,26870.277777777777,26923.12962962963,26956.944444444445,26976.027777777777,26983.25925925926,26983.666666666668,26983.555555555555,26984.36111111111,26976.62037037037,26979.40740740741,26973.5,26967.10185185185,26968.546296296296,26952.11111111111,26962.972222222223,26946.99074074074,26943.08333333333,26934.56481481481,26928.074074074077,26926.203703703704,26844.37037037037,26782.962962962964,26705.685185185182,26632.01851851852,26550.65740740741,26471.39814814815,26397.666666666668
1261,D1 (干旱),4584.5,4745.009259259259,4874.148148148148,5008.981481481482,5131.87962962963,5252.935185185185,5373.962962962963,5497.972222222223,5618.2962962962965,5746.12037037037,5876.351851851852,6012.305555555556,6151.722222222223,6291.861111111111,6431.203703703704,6571.990740740741,6709.444444444444,6849.527777777777,6990.805555555556,7132.851851851852,7272.12962962963,7410.240740740741,7547.638888888889,7676.009259259259,7803.574074074074,7931.740740740741,8058.324074074074,8183.259259259259,8306.935185185184,8426.925925925925,9477.916666666666,10326.574074074077,11016.185185185184,11558.907407407409,12022.388888888889,12393.361111111111,12699.981481481482,12960.037037037036,13155.62962962963,13335.361111111111,13466.0,13578.314814814816,13679.314814814816,13746.592592592591,13822.37962962963,13874.657407407409,13927.518518518518,13984.00925925926,14022.944444444443,14083.083333333334,14122.87037037037,14178.037037037036,14235.111111111111,14279.212962962964,14351.768518518518,14398.75925925926,14468.981481481482,15366.75925925926,16276.75,17041.416666666668,17660.805555555555,18194.08333333333,18648.33333333333,19044.98148148148,19391.796296296296,19684.38888888889,19931.527777777777,20135.03703703704,20307.62962962963,20455.435185185182,20569.60185185185,20662.15740740741,20744.962962962964,20818.055555555555,20875.777777777777,20937.0,20983.99074074074,21032.11111111111,21077.277777777777,21127.78703703704,21159.90740740741,21204.62037037037,21242.09259259259,21276.425925925927,21589.25,21894.06481481481,22177.25925925926,22444.75925925926,22683.722222222223,22889.35185185185,23067.76851851852,23226.50925925926,23368.212962962964,23471.685185185182,23551.194444444445,23619.0,23664.824074074077,23699.48148148148,23732.40740740741,23748.81481481481,23768.046296296296,23768.074074074077,23781.09259259259,23785.166666666668,23785.416666666668,23783.62037037037,23776.777777777777,23778.01851851852,23771.574074074077,23766.25925925926,23755.86111111111,23686.83333333333,23615.15740740741,23544.166666666668,23487.85185185185,23429.40740740741,23376.87962962963,23327.98148148148
1261,RD2 (复灌),3845.3703703703695,3992.657407407408,4109.648148148148,4231.574074074074,4345.25,4457.453703703704,4568.648148148148,4683.212962962963,4802.194444444444,4924.722222222223,5051.138888888889,5179.481481481482,5309.944444444444,5439.101851851852,5569.12037037037,5702.814814814815,5836.62037037037,5972.472222222223,6107.111111111111,6239.962962962963,6369.537037037037,6496.814814814815,6619.694444444444,6744.657407407408,6866.666666666667,6991.12962962963,7111.2962962962965,7224.305555555556,7336.944444444444,7446.0,8409.712962962964,9181.268518518518,9775.62037037037,10255.453703703704,10640.537037037036,10948.731481481482,11212.898148148148,11413.768518518518,11586.481481481482,11715.166666666666,11815.861111111111,11903.537037037036,11959.722222222224,12017.99074074074,12053.435185185184,12088.962962962964,12123.027777777776,12143.75,12180.694444444443,12202.12037037037,12230.518518518518,12265.796296296296,12290.564814814816,12334.814814814816,12365.842592592591,12411.898148148148,12457.277777777776,13158.453703703704,13872.425925925923,14446.407407407409,14892.203703703704,15277.388888888889,15616.62962962963,15918.074074074077,16184.75925925926,16415.85185185185,16609.36111111111,16770.26851851852,16901.61111111111,17011.88888888889,17097.23148148148,17168.972222222223,17236.85185185185,17297.87037037037,17344.546296296296,17385.175925925927,17432.90740740741,17474.435185185186,17515.277777777777,17555.666666666668,17590.277777777777,17642.305555555555,17684.777777777777,17724.953703703704,18117.194444444445,18537.296296296296,18918.14814814815,19234.0,19470.81481481481,19656.37962962963,19790.31481481481,19876.546296296296,19933.166666666668,19971.203703703704,19987.83333333333,20001.574074074077,19997.694444444445,19998.324074074077,19992.03703703704,19991.39814814815,19977.65740740741,19973.555555555555,19969.62962962963,19967.50925925926,19963.78703703704,19944.694444444445,19952.61111111111,19943.916666666668,19940.194444444445,19933.546296296296,19932.24074074074,19889.60185185185,19838.39814814815,19775.0,19726.12962962963,19692.31481481481,19653.12962962963,19605.56481481481
1274,CK1 (正常),3682.305555555556,3803.009259259259,3898.8796296296296,3999.601851851852,4093.75,4180.490740740741,4268.37962962963,4356.490740740741,4446.768518518518,4540.342592592592,4637.722222222223,4737.157407407408,4839.907407407408,4942.638888888889,5046.407407407408,5150.518518518518,5256.314814814815,5364.361111111111,5476.333333333333,5586.0,5694.203703703704,5802.416666666667,5907.87037037037,6015.268518518518,6118.194444444444,6222.5462962962965,6329.657407407408,6432.083333333333,6534.37962962963,6633.574074074074,7538.981481481482,8300.074074074075,8919.074074074075,9421.805555555557,9846.212962962964,10184.12962962963,10471.027777777776,10707.787037037036,10894.888888888889,11059.25,11179.351851851852,11282.916666666666,11367.046296296296,11429.657407407409,11493.638888888889,11535.555555555557,11580.953703703704,11622.75925925926,11654.537037037036,11698.342592592591,11729.583333333334,11773.12037037037,11815.87037037037,11851.824074074077,11905.75,11947.925925925923,12003.24074074074,12770.25,13576.805555555557,14253.435185185184,14790.75925925926,15246.111111111111,15651.75925925926,16009.388888888889,16324.768518518518,16588.972222222223,16820.36111111111,17010.36111111111,17165.34259259259,17289.76851851852,17402.48148148148,17506.787037037036,17582.694444444445,17657.175925925927,17718.73148148148,17771.86111111111,17832.75,17886.824074074073,17930.287037037036,17969.0,18020.49074074074,18059.26851851852,18109.935185185182,18153.90740740741,18492.74074074074,18806.13888888889,19076.712962962964,19319.324074074077,19516.277777777777,19687.99074074074,19820.64814814815,19940.435185185182,20028.10185185185,20104.175925925927,20150.65740740741,20197.88888888889,20222.75925925926,20242.972222222223,20252.722222222223,20260.81481481481,20266.84259259259,20266.78703703704,20271.74074074074,20261.26851851852,20267.63888888889,20260.462962962964,20260.944444444445,20253.85185185185,20251.694444444445,20239.574074074077,20237.805555555555,20204.11111111111,20160.83333333333,20113.64814814815,20064.39814814815,20015.23148148148,19964.35185185185,19919.24074074074
1274,D1 (干旱),3473.277777777778,3595.722222222222,3699.259259259259,3799.6203703703695,3900.314814814815,3994.185185185185,4089.898148148148,4183.861111111111,4283.268518518518,4383.675925925926,4488.972222222223,4599.888888888889,4710.555555555556,4819.787037037037,4929.231481481482,5039.759259259259,5150.203703703704,5261.472222222223,5377.657407407408,5491.666666666667,5603.648148148148,5711.972222222223,5818.75,5920.324074074074,6023.861111111111,6124.287037037037,6229.574074074074,6332.305555555556,6430.7962962962965,6527.638888888889,7360.046296296296,8032.537037037037,8560.027777777777,8969.148148148148,9322.037037037036,9592.453703703704,9824.703703703704,10016.185185185184,10158.925925925923,10298.24074074074,10390.972222222224,10476.435185185184,10549.861111111111,10591.24074074074,10650.796296296296,10680.083333333334,10716.796296296296,10748.472222222224,10764.87962962963,10802.407407407409,10819.62962962963,10849.796296296296,10877.074074074077,10895.685185185184,10937.12962962963,10956.064814814816,10995.055555555557,11475.212962962964,11991.287037037036,12421.888888888889,12762.851851851852,13048.194444444443,13298.944444444443,13514.537037037036,13703.814814814816,13871.925925925923,14008.546296296296,14119.018518518518,14213.25,14295.833333333334,14363.74074074074,14424.296296296296,14480.212962962964,14535.398148148148,14583.0,14630.546296296296,14678.75925925926,14732.361111111111,14781.564814814816,14835.851851851852,14888.49074074074,14939.611111111111,14999.99074074074,15053.268518518518,15540.435185185184,15962.916666666666,16271.787037037036,16492.722222222223,16625.48148148148,16719.23148148148,16780.833333333332,16821.962962962964,16844.083333333332,16853.61111111111,16860.712962962964,16859.064814814814,16853.49074074074,16855.38888888889,16857.0,16850.916666666668,16850.36111111111,16855.38888888889,16847.833333333332,16847.62037037037,16848.435185185186,16847.86111111111,16845.814814814814,16845.84259259259,16839.935185185186,16842.13888888889,16838.37037037037,16749.61111111111,16589.73148148148,16498.833333333332,16459.11111111111,16417.212962962964,16377.203703703704,16340.981481481482
1274,RD2 (复灌),3186.25,3337.759259259259,3464.833333333333,3594.8703703703704,3725.796296296296,3854.25,3982.287037037037,4118.601851851852,4258.490740740741,4406.333333333333,4555.490740740741,4707.953703703704,4859.481481481482,5012.055555555556,5163.12962962963,5312.148148148148,5463.851851851852,5614.314814814815,5762.861111111111,5904.638888888889,6043.62037037037,6176.583333333333,6304.657407407408,6428.601851851852,6551.888888888889,6673.583333333333,6792.981481481482,6903.87037037037,7010.0,7109.722222222223,7939.814814814815,8526.537037037036,8920.296296296296,9212.388888888889,9433.574074074077,9587.287037037036,9717.25925925926,9798.981481481482,9868.222222222224,9913.25925925926,9936.731481481482,9964.064814814816,9967.24074074074,9979.518518518518,9983.583333333334,9981.25925925926,9992.481481481482,9986.5,10000.796296296296,10004.907407407409,10013.583333333334,10034.981481481482,10041.722222222224,10071.083333333334,10085.583333333334,10109.833333333334,10138.638888888889,10561.425925925923,10968.99074074074,11283.574074074077,11531.407407407409,11746.666666666666,11940.49074074074,12107.962962962964,12255.462962962964,12376.00925925926,12473.101851851852,12549.222222222224,12615.398148148148,12664.435185185184,12700.148148148148,12735.962962962964,12760.962962962964,12784.851851851852,12805.5,12829.111111111111,12853.99074074074,12868.324074074077,12892.351851851852,12909.638888888889,12934.453703703704,12958.75925925926,12988.768518518518,13008.972222222224,13251.944444444443,13511.888888888889,13738.453703703704,13926.472222222224,14058.296296296296,14156.768518518518,14223.685185185184,14264.87962962963,14285.537037037036,14294.212962962964,14296.694444444443,14293.546296296296,14292.342592592591,14284.888888888889,14272.694444444443,14267.416666666666,14267.055555555557,14261.351851851852,14254.75925925926,14248.305555555557,14240.851851851852,14234.916666666666,14234.898148148148,14229.287037037036,14221.037037037036,14215.49074074074,14218.212962962964,14170.925925925923,14128.074074074077,14093.851851851852,14058.787037037036,14010.787037037036,13981.203703703704,13886.898148148148
1228,D1 (干旱),2829.6481,2933.2222,3023.287,3113.3333,3201.0741,3283.9907,3370.6204,3455.9259,3545.5463,3639.0556,3732.963,3829.3333,3929.1204,4029.8704,4125.8611,4224.6667,4321.75,4417.6204,4516.4259,4612.1667,4707.1111,4798.3889,4888.3704,4976.463,5061.213,5145.5185,5229.8611,5312.287,5390.5463,5466.4815,6127.0185,6639.3148,7038.5741,7347.6481,7613.1389,7825.5741,8000.287,8148.537,8262.3333,8366.4722,8440.1574,8503.3611,8561.5926,8598.8981,8640.5278,8672.9074,8699.1296,8730.5926,8751.2315,8782.6296,8804.6204,8831.1667,8860.463,8882.787,8919.537,8947.9444,8981.2685,9465.8611,9939.0741,10307.0463,10593.0741,10821.5741,11020.5741,11193.9907,11346.213,11477.5463,11585.4907,11674.7778,11749.25,11809.0278,11865.6019,11909.5926,11947.4722,11993.0556,12027.6204,12058.1667,12094.4815,12129.9444,12161.0926,12194.8241,12228.1759,12262.2037,12299.7037,12332.0463,12617.6852,12873.213,13081.8426,13249.6481,13387.3611,13496.5278,13577.2685,13636.5741,13682.6574,13714.0556,13734.0833,13748.7963,13760.3981,13770.3889,13773.5833,13772.2593,13775.3519,13772.1944,13774.1667,13773.037,13776.0093,13773.3426,13766.7963,13763.6944,13760.3889,13756.6481,13751.7222,13711.5926,13655.7315,13600.5926,13589.1667,13561.3056,13535.1111,13512.3981
1228,CK1 (正常),4331.1759,4473.3333,4586.787,4705.6019,4817.5556,4922.3426,5025.1574,5128.3981,5233.0185,5340.963,5453.6389,5569.5926,5690.5185,5811.6944,5929.4537,6048.6574,6166.5185,6287.5,6413.75,6539.1019,6665.1019,6786.9259,6905.4074,7024.7593,7138.1111,7255.6759,7373.6759,7491.5,7605.9815,7716.6111,8726.6204,9579.3981,10285.5556,10855.75,11348.8704,11741.4907,12066.2222,12343.963,12548.75,12733.8148,12866.0648,12975.9722,13072.3426,13133.8056,13209.3889,13259.287,13308.2778,13367.6389,13404.5185,13468.6574,13513.25,13570.6944,13639.0,13691.3148,13772.3981,13837.287,13909.5185,15020.7222,16072.8611,16895.5093,17553.9537,18122.5,18640.8241,19100.9722,19499.963,19843.2407,20138.3981,20369.7778,20579.4352,20747.6111,20882.2593,21002.8056,21112.3611,21203.0556,21288.4722,21366.7963,21436.6944,21509.7593,21576.6204,21638.0185,21696.8704,21760.8796,21819.6111,21880.1204,22358.1204,22782.25,23158.7037,23482.8981,23771.1019,24011.3889,24214.3519,24379.2315,24510.0278,24611.0463,24685.4444,24740.0463,24775.6759,24794.0648,24804.037,24822.0463,24819.3796,24819.8426,24811.1574,24810.1204,24803.787,24799.3704,24793.213,24783.4167,24775.9074,24771.9167,24759.7407,24672.6481,24571.9815,24493.5,24404.6389,24326.713,24264.2963,24201.8056
1228,RD2 (复灌),2911.1481,3050.7407,3169.0833,3292.4352,3413.4815,3532.0278,3658.0648,3781.7685,3908.8519,4037.3704,4166.3796,4302.5926,4437.0278,4571.7963,4704.0463,4835.3889,4960.7407,5086.0648,5209.4815,5331.6852,5450.463,5565.5833,5674.0556,5780.8611,5880.4815,5978.1389,6072.8241,6164.9167,6256.0,6342.3333,7024.6574,7490.25,7819.2407,8049.6944,8227.7778,8359.0278,8452.6944,8531.0556,8572.5556,8612.8704,8632.7407,8640.1296,8650.2407,8641.4444,8643.9259,8639.0093,8626.3889,8627.0278,8614.2778,8613.5926,8610.0833,8607.0556,8613.037,8607.3426,8619.1019,8622.713,8628.7037,8827.7222,9083.0093,9316.1389,9517.75,9694.4259,9859.7593,10005.3241,10131.5463,10240.1481,10330.5093,10400.7315,10459.0093,10506.2315,10552.3333,10586.0,10613.9444,10641.213,10669.3241,10691.1667,10717.3889,10732.75,10759.8056,10780.2963,10802.7593,10827.2315,10849.6481,10871.287,11083.2315,11298.1389,11495.213,11660.6944,11790.1389,11883.9259,11959.3704,12002.1667,12038.5926,12055.8148,12068.2037,12077.8426,12077.2407,12078.3148,12081.7593,12080.3704,12073.8611,12071.0833,12063.1481,12063.8148,12056.7037,12052.9907,12053.2315,12042.9907,12042.5463,12037.1481,12036.0648,11995.9259,11958.1852,11926.3981,11894.0556,11864.3056,11834.3333,11815.537
