Variety,Treatment,1e-05,2e-05,3e-05,4e-05,5e-05,6e-05,7e-05,8e-05,9e-05,0.0001,0.00011,0.00012,0.00013,0.00014,0.00015,0.00016,0.00017,0.00018,0.00019,0.0002,0.00021,0.00022,0.00023,0.00024,0.00025,0.00026,0.00027,0.00028,0.00029,0.0003,0.0004,0.0005,0.0006,0.0007,0.0008,0.0009,0.001,0.0011,0.0012,0.0013,0.0014,0.0015,0.0016,0.0017,0.0018,0.0019,0.002,0.0021,0.0022,0.0023,0.0024,0.0025,0.0026,0.0027,0.0028,0.0029,0.003,0.004,0.005,0.006,0.007,0.008,0.009,0.01,0.011,0.012,0.013,0.014,0.015,0.016,0.017,0.018,0.019,0.02,0.021,0.022,0.023,0.024,0.025,0.026,0.027,0.028,0.029,0.03,0.04,0.05,0.06,0.07,0.08,0.09,0.1,0.11,0.12,0.13,0.14,0.15,0.16,0.17,0.18,0.19,0.2,0.21,0.22,0.23,0.24,0.25,0.26,0.27,0.28,0.29,0.3,0.4,0.5,0.6,0.7,0.8,0.9,1.0,1.1,1.2,1.3,1.4,1.5,1.6,1.7,1.8,1.9,2.0,2.1,2.2,2.3,2.4,2.5,2.6,2.7,2.8,2.9,3.0,4.0,5.0,6.0,7.0,8.0,9.0,10.0,11.0,12.0,13.0,14.0,15.0,16.0,17.0,18.0,19.0,20.0,21.0,22.0,23.0,24.0,25.0,26.0,27.0,28.0,29.0,30.0
12,CK1,4889.714285714285,5061.683673469388,5193.785714285715,5322.673469387755,5446.408163265306,5561.908163265306,5676.65306122449,5789.744897959184,5910.2959183673465,6040.917525773196,6162.642105263158,6264.397849462365,6413.847826086957,6547.70652173913,6649.063829787234,6761.284210526316,6895.557894736842,7030.863157894737,7169.38947368421,7310.1894736842105,7452.559139784947,7574.202127659574,7729.225806451613,7862.821052631579,7995.741935483871,8106.31914893617,8241.45744680851,8399.182795698925,8509.04255319149,8664.268817204302,9822.425531914894,10864.052631578947,11711.82105263158,12403.0,13001.536842105263,13485.768421052631,13895.463157894737,14287.510638297872,14594.408602150537,14843.989247311827,15026.774193548386,15184.774193548386,15285.54347826087,15374.945652173914,15482.630434782608,15544.347826086956,15620.445652173914,15726.90322580645,15773.408602150537,15812.826086956522,15894.548387096775,15923.652173913044,15986.945652173914,16038.91489361702,16129.728260869566,16225.279569892473,16274.815217391304,17464.935483870966,18666.94680851064,19616.073684210525,20295.21052631579,20853.01052631579,21346.684210526317,21855.885416666668,22264.0625,22616.760416666668,22925.833333333332,23194.635416666668,23416.052083333332,23622.8125,23922.925531914894,24073.436170212764,24279.62365591398,24405.483870967742,24534.548387096773,24642.2688172043,24750.387096774193,24874.279569892475,24986.462365591397,25099.709677419356,25210.344086021505,25327.655913978495,25447.720430107525,25567.913978494624,26527.182795698925,27339.139784946237,28076.626373626375,28361.225806451614,28653.36559139785,28855.612903225807,28982.043010752688,29052.21505376344,29094.817204301075,29128.913978494624,29129.333333333332,29134.989247311827,29138.225806451614,29136.075268817203,29138.666666666668,29130.2688172043,29121.204301075268,29110.84946236559,29025.308510638297,29102.043010752688,29008.36170212766,29076.94623655914,29078.290322580644,28993.042553191488,29072.612903225807,28992.478723404256,29072.88172043011,28937.893617021276,28865.936170212764,28787.957446808512,28705.797872340427,28622.978723404256,28541.702127659573,28469.202127659573,,,,,,,,,,,,,,,,,,,,,,,,,,,,,,,,,,,,,,,,,,,,,,,
12,D1,2945.685185185185,3067.6203703703704,3162.9444444444443,3260.537037037037,3359.9074074074074,3481.7757009345796,3574.9906542056074,3676.07476635514,3779.373831775701,3889.0467289719627,3999.654205607477,4115.654205607477,4231.598130841122,4346.2336448598135,4459.710280373832,4578.196261682243,4693.457943925234,4810.682242990654,4965.575471698113,5083.075471698113,5194.433962264151,5304.198113207547,5408.320754716981,5512.943396226415,5617.896226415094,5721.801886792453,5823.0,5921.33962264151,6016.990566037736,6104.16037735849,6885.188679245283,7488.641509433963,7941.858490566037,8294.877358490567,8588.952830188678,8747.747663551401,8951.775700934579,9102.570093457944,9229.373831775702,9338.317757009347,9408.420560747663,9484.392523364486,9530.457943925234,9574.046728971962,9612.280373831776,9632.046728971962,9670.317757009347,9685.383177570093,9636.12962962963,9742.280373831776,9678.5,9718.268518518518,9736.305555555555,9772.666666666666,9805.898148148148,9834.666666666666,9883.138888888889,10462.675925925925,11046.222222222223,11495.972222222223,11833.148148148148,12083.388888888889,12296.12037037037,12476.703703703704,12639.416666666666,12782.157407407407,12905.851851851852,13009.314814814816,13095.972222222223,13167.861111111111,13231.907407407407,13287.444444444445,13330.416666666666,13370.055555555555,13403.768518518518,13435.027777777777,13465.99074074074,13491.546296296296,13521.12962962963,13542.49074074074,13570.583333333334,13594.25925925926,13620.935185185184,13644.064814814816,13889.62037037037,14152.907407407407,14397.296296296296,14594.472222222223,14748.24074074074,14857.75,14938.953703703704,14991.314814814816,15027.842592592593,15044.314814814816,15053.898148148148,15055.064814814816,15054.824074074075,15049.175925925925,15043.50925925926,15042.138888888889,15031.731481481482,15030.37037037037,15024.111111111111,15025.185185185184,15018.805555555555,15011.314814814816,15011.407407407407,15007.333333333334,14999.768518518518,14996.731481481482,14994.824074074075,14957.277777777777,14928.805555555555,14877.916666666666,14844.518518518518,14804.305555555555,14769.537037037036,14738.148148148148,,,,,,,,,,,,,,,,,,,,,,,,,,,,,,,,,,,,,,,,,,,,,,,
12,RD2,2758.675925925926,2894.3981481481483,3008.2685185185187,3125.472222222222,3238.8611111111113,3353.5833333333335,3468.962962962963,3588.1111111111113,3707.8055555555557,3830.990740740741,3954.6481481481483,4082.6111111111113,4207.240740740741,4326.972222222223,4446.916666666667,4563.509259259259,4680.861111111111,4795.583333333333,4907.731481481482,5017.583333333333,5124.388888888889,5223.888888888889,5321.407407407408,5414.2962962962965,5499.574074074074,5590.194444444444,5676.805555555556,5757.37037037037,5839.824074074074,5913.074074074074,6517.990740740741,6943.083333333333,7236.555555555556,7446.666666666667,7611.37037037037,7716.916666666667,7806.37962962963,7863.037037037037,7897.972222222223,7929.194444444444,7932.564814814815,7945.435185185185,7941.527777777777,7933.388888888889,7835.420560747663,7915.185185185185,7817.719626168225,7807.046728971963,7900.7037037037035,7802.046728971963,7889.231481481482,7897.888888888889,7891.231481481482,7895.7037037037035,7905.37037037037,7903.472222222223,7920.75,8094.62962962963,8292.342592592593,8460.583333333334,8599.888888888889,8732.37962962963,8864.018518518518,8973.027777777777,9076.398148148148,9161.148148148148,9229.00925925926,9285.481481481482,9328.944444444445,9368.981481481482,9399.398148148148,9433.87037037037,9455.833333333334,9481.537037037036,9505.046296296296,9530.101851851852,9554.064814814816,9583.87037037037,9614.24074074074,9636.916666666666,9671.74074074074,9702.268518518518,9732.537037037036,9775.435185185184,10102.62037037037,10434.944444444445,10718.935185185184,10941.305555555555,11091.777777777777,11201.62962962963,11272.12037037037,11317.657407407407,11348.685185185184,11358.194444444445,11366.805555555555,11366.518518518518,11370.981481481482,11371.148148148148,11365.388888888889,11365.083333333334,11362.99074074074,11358.694444444445,11355.916666666666,11351.12962962963,11351.527777777777,11349.453703703704,11343.453703703704,11344.333333333334,11340.361111111111,11338.175925925925,11326.666666666666,11294.675925925925,11260.305555555555,11212.768518518518,11153.787037037036,11135.222222222223,11100.722222222223,11063.5,,,,,,,,,,,,,,,,,,,,,,,,,,,,,,,,,,,,,,,,,,,,,,,
73,CK1,3505.9814814814813,3634.787037037037,3734.759259259259,3834.740740740741,3931.240740740741,4021.490740740741,4111.268518518518,4203.518518518518,4299.638888888889,4398.416666666667,4499.611111111111,4604.444444444444,4712.324074074074,4818.759259259259,4925.324074074074,5035.425925925926,5146.12037037037,5262.212962962963,5376.12037037037,5489.62037037037,5600.064814814815,5710.138888888889,5818.37037037037,5927.87037037037,6032.148148148148,6144.277777777777,6251.351851851852,6357.981481481482,6460.388888888889,6559.398148148148,7474.111111111111,8249.444444444445,8860.583333333334,9355.407407407407,9769.027777777777,10090.046296296296,10362.648148148148,10569.666666666666,10735.472222222223,10872.583333333334,10966.435185185184,11049.49074074074,11103.24074074074,11147.814814814816,11186.675925925925,11205.49074074074,11238.722222222223,11251.5,11274.722222222223,11295.87037037037,11310.277777777777,11344.25925925926,11364.777777777777,11398.314814814816,11431.472222222223,11461.12962962963,11505.0,12134.685185185184,12823.518518518518,13381.75925925926,13829.472222222223,14217.75,14574.564814814816,14909.342592592593,15220.287037037036,15488.537037037036,15720.222222222223,15919.592592592593,16083.148148148148,16221.574074074075,16335.222222222223,16441.962962962964,16527.296296296296,16613.287037037036,16693.537037037036,16763.00925925926,16834.203703703704,16906.98148148148,16972.814814814814,17049.574074074073,17122.13888888889,17197.324074074073,17272.00925925926,17341.5,18021.25,18643.064814814814,19120.11111111111,19457.61111111111,19684.185185185186,19837.305555555555,19923.36111111111,19975.24074074074,20001.59259259259,20002.675925925927,20006.287037037036,20006.555555555555,20005.00925925926,19992.62037037037,19988.24074074074,19984.453703703704,19979.222222222223,19971.064814814814,19969.10185185185,19974.24074074074,19967.925925925927,19961.527777777777,19964.916666666668,19961.787037037036,19956.064814814814,19948.65740740741,19952.15740740741,19933.555555555555,19900.194444444445,19864.25925925926,19818.296296296296,19771.805555555555,19731.23148148148,19684.064814814814,,,,,,,,,,,,,,,,,,,,,,,,,,,,,,,,,,,,,,,,,,,,,,,
73,D1,2948.3611111111113,3070.25,3165.8055555555557,3262.796296296296,3358.1481481481483,3448.435185185185,3542.0925925925926,3635.490740740741,3735.046296296296,3838.509259259259,3944.425925925926,4055.462962962963,4164.944444444444,4272.824074074074,4384.509259259259,4496.490740740741,4607.5462962962965,4721.842592592592,4836.185185185185,4949.740740740741,5057.75,5164.898148148148,5269.555555555556,5375.111111111111,5475.287037037037,5579.518518518518,5681.268518518518,5779.7962962962965,5871.509259259259,5961.824074074074,6757.731481481482,7382.268518518518,7845.268518518518,8207.50925925926,8497.99074074074,8713.99074074074,8899.851851851852,9033.99074074074,9144.194444444445,9235.046296296296,9291.25,9351.555555555555,9384.388888888889,9416.981481481482,9444.916666666666,9457.333333333334,9485.277777777777,9494.712962962964,9517.5,9533.37037037037,9550.611111111111,9579.731481481482,9593.518518518518,9626.305555555555,9649.50925925926,9677.398148148148,9714.287037037036,10189.444444444445,10657.712962962964,11027.416666666666,11325.185185185184,11576.5,11805.824074074075,12009.296296296296,12192.00925925926,12341.194444444445,12462.935185185184,12563.064814814816,12641.666666666666,12705.768518518518,12760.925925925925,12806.092592592593,12845.296296296296,12881.75,12911.453703703704,12942.157407407407,12975.351851851852,13007.685185185184,13043.537037037036,13078.74074074074,13112.592592592593,13151.722222222223,13193.064814814816,13233.99074074074,13607.944444444445,13968.185185185184,14268.185185185184,14502.453703703704,14666.657407407407,14773.462962962964,14837.49074074074,14875.00925925926,14895.555555555555,14902.222222222223,14904.296296296296,14902.046296296296,14898.361111111111,14895.49074074074,14892.851851851852,14887.888888888889,14884.398148148148,14878.648148148148,14874.24074074074,14874.953703703704,14864.12037037037,14865.87037037037,14861.064814814816,14861.268518518518,14862.416666666666,14859.694444444445,14859.342592592593,14830.916666666666,14800.685185185184,14759.648148148148,14715.101851851852,14671.027777777777,14635.546296296296,14597.333333333334,,,,,,,,,,,,,,,,,,,,,,,,,,,,,,,,,,,,,,,,,,,,,,,
73,RD2,3189.8888888888887,3355.925925925926,3495.796296296296,3642.277777777778,3788.935185185185,3935.3611111111113,4082.3425925925926,4235.055555555556,4390.898148148148,4548.333333333333,4708.037037037037,4870.138888888889,5030.9537037037035,5192.361111111111,5349.731481481482,5501.675925925926,5653.25,5798.62037037037,5944.4537037037035,6084.583333333333,6223.435185185185,6352.064814814815,6479.388888888889,6595.194444444444,6711.462962962963,6822.981481481482,6933.148148148148,7038.648148148148,7140.675925925926,7237.407407407408,7996.4537037037035,8513.462962962964,8874.99074074074,9119.62037037037,9314.046296296296,9445.787037037036,9546.796296296296,9619.435185185184,9657.25,9694.166666666666,9703.481481481482,9711.962962962964,9715.888888888889,9704.296296296296,9709.166666666666,9695.203703703704,9697.462962962964,9694.62037037037,9688.407407407407,9698.49074074074,9694.481481481482,9708.435185185184,9717.25,9726.518518518518,9748.351851851852,9757.62037037037,9784.74074074074,10126.342592592593,10460.444444444445,10723.361111111111,10938.601851851852,11140.898148148148,11322.148148148148,11485.435185185184,11623.222222222223,11732.74074074074,11822.25925925926,11896.046296296296,11948.99074074074,11991.87037037037,12031.287037037036,12062.25925925926,12096.0,12116.175925925925,12143.555555555555,12172.166666666666,12194.916666666666,12221.944444444445,12252.472222222223,12280.074074074075,12316.12962962963,12345.805555555555,12382.583333333334,12419.074074074075,12763.787037037036,13124.388888888889,13431.12962962963,13663.222222222223,13826.037037037036,13928.37962962963,13986.175925925925,14022.287037037036,14037.101851851852,14042.166666666666,14038.527777777777,14036.166666666666,14033.25,14022.407407407407,14016.314814814816,14012.305555555555,14005.611111111111,13999.898148148148,13989.898148148148,13991.537037037036,13981.074074074075,13977.027777777777,13974.824074074075,13970.277777777777,13962.111111111111,13961.25,13951.268518518518,13898.472222222223,13844.064814814816,13798.722222222223,13759.12037037037,13719.833333333334,13682.712962962964,13656.944444444445,,,,,,,,,,,,,,,,,,,,,,,,,,,,,,,,,,,,,,,,,,,,,,,
1099,CK1,4489.631578947368,4618.46875,4761.136842105263,4859.21875,4952.774193548387,5060.881720430108,5166.645161290323,5275.322580645161,5382.5268817204305,5494.623655913979,5608.129032258064,5760.358695652174,5882.978260869565,6041.393258426966,6135.922222222222,6324.420454545455,6451.704545454545,6581.897727272727,6776.186046511628,6847.943181818182,6979.784090909091,7111.715909090909,7239.193181818182,7363.295454545455,7487.034090909091,7610.931818181818,7736.988636363636,7860.284090909091,7986.125,8102.488636363636,9178.818181818182,10132.781609195403,10940.232558139534,11592.862068965518,12117.436781609196,12540.379310344828,12897.862068965518,13206.379310344828,13444.425287356322,13663.264367816091,13827.310344827587,13969.402298850575,14097.137931034482,14241.522727272728,14341.568181818182,14411.579545454546,14538.573033707866,14612.651685393259,14663.494382022473,14740.550561797752,14792.741573033707,14858.314606741573,14930.08988764045,14985.123595505618,15072.022471910112,15054.511111111111,15129.988888888889,16263.696629213484,16817.479166666668,17635.885416666668,18309.125,18869.75,19352.572916666668,19566.163265306124,19951.520408163266,20272.785714285714,20549.326530612245,20663.58585858586,20605.633663366338,20763.58415841584,20901.118811881188,21016.326732673268,21112.039603960395,21196.72277227723,21271.70297029703,21333.128712871287,21390.69306930693,21319.450980392157,21237.68932038835,21670.97,21339.85436893204,21369.631067961163,21661.831683168315,21705.70297029703,22253.010101010103,22656.071428571428,23044.80412371134,23283.886597938144,23494.24742268041,23695.721649484534,23860.98969072165,24019.907216494845,24135.329896907217,24237.22680412371,24182.11224489796,24248.755102040817,24297.448979591838,24340.183673469386,24227.727272727272,24254.29292929293,24259.646464646463,24273.444444444445,24283.171717171717,24280.545454545456,24282.52525252525,24281.565656565657,24278.76767676768,24276.10101010101,24266.76767676768,24270.515151515152,24262.37373737374,24233.727272727272,24183.909090909092,23705.176470588234,24068.858585858587,24040.78787878788,23991.9797979798,24216.103092783505,,,,,,,,,,,,,,,,,,,,,,,,,,,,,,,,,,,,,,,,,,,,,,,
1099,D1,2848.3981481481483,2955.435185185185,3039.6111111111113,3122.3703703703704,3203.2685185185187,3279.0833333333335,3355.2685185185187,3437.3888888888887,3516.824074074074,3597.5,3685.046296296296,3775.175925925926,3865.962962962963,3955.8796296296296,4047.6203703703704,4137.787037037037,4226.240740740741,4316.268518518518,4407.601851851852,4498.638888888889,4586.240740740741,4676.212962962963,4760.0,4841.768518518518,4922.712962962963,5002.712962962963,5083.648148148148,5162.481481481482,5238.824074074074,5309.444444444444,5948.416666666667,6448.7037037037035,6833.925925925926,7130.962962962963,7377.814814814815,7569.814814814815,7730.87962962963,7858.944444444444,7958.851851851852,8048.7037037037035,8109.481481481482,8166.444444444444,8208.731481481482,8243.083333333334,8277.305555555555,8298.453703703704,8326.25,8349.157407407407,8371.416666666666,8396.74074074074,8419.435185185184,8447.453703703704,8476.083333333334,8505.592592592593,8542.768518518518,8570.194444444445,8608.388888888889,9149.018518518518,9684.277777777777,10102.296296296296,10431.666666666666,10702.083333333334,10926.814814814816,11124.148148148148,11292.601851851852,11433.555555555555,11552.305555555555,11645.75,11723.111111111111,11790.472222222223,11840.777777777777,11884.268518518518,11925.25,11958.601851851852,11986.592592592593,12012.148148148148,12037.388888888889,12063.203703703704,12092.083333333334,12114.787037037036,12137.444444444445,12159.027777777777,12184.74074074074,12215.935185185184,12445.75,12695.62962962963,12911.212962962964,13084.027777777777,13216.101851851852,13304.111111111111,13363.888888888889,13400.407407407407,13421.731481481482,13432.268518518518,13431.666666666666,13440.481481481482,13440.472222222223,13442.055555555555,13436.546296296296,13436.481481481482,13437.111111111111,13435.694444444445,13433.194444444445,13426.277777777777,13429.907407407407,13423.777777777777,13427.601851851852,13424.666666666666,13421.694444444445,13416.74074074074,13414.537037037036,13390.972222222223,13361.148148148148,13332.50925925926,13311.527777777777,13285.555555555555,13260.777777777777,13241.074074074075,,,,,,,,,,,,,,,,,,,,,,,,,,,,,,,,,,,,,,,,,,,,,,,
1099,RD2,4584.65306122449,4764.070707070707,4910.78,5089.86,5265.54,5438.25,5615.2,5832.484848484848,6021.121212121212,6246.326530612245,6411.565656565656,6616.979797979798,6860.270833333333,7071.104166666667,7278.479166666667,7487.104166666667,7731.747368421053,7978.734042553191,8186.414893617021,8389.77659574468,8633.806451612903,8827.322580645161,9016.935483870968,9197.935483870968,9377.09677419355,9551.591397849463,9721.408602150537,9888.032258064517,10049.354838709678,10200.870967741936,11402.291666666666,12164.061224489797,12781.897959183674,13216.530612244898,13408.98,13641.3,13823.58,13953.09,14035.44,14107.25,14143.45,14170.12,14184.36,14183.66,14260.818181818182,14252.171717171717,14251.414141414141,14248.242424242424,14311.15306122449,14244.959595959595,14310.683673469388,14318.84693877551,14325.775510204081,14332.30612244898,14278.808080808081,14360.795918367347,14316.60606060606,14465.862745098038,14815.631067961165,15272.166666666666,15511.485436893205,15719.211538461539,15984.048076923076,16205.798076923076,16392.81730769231,16453.542857142857,16479.283018867925,16571.443396226416,16647.17924528302,16711.19811320755,16758.67924528302,16803.67924528302,16851.254716981133,16900.245283018867,16843.78504672897,16892.30841121495,16942.981308411214,16995.71028037383,17051.672897196262,17115.467289719625,17180.850467289718,17247.130841121496,17315.26168224299,17390.29906542056,18047.392523364488,18644.233644859814,19071.89719626168,19358.52336448598,19523.915887850468,19625.448598130843,19671.457943925234,19698.570093457944,19700.841121495327,19692.21495327103,19692.78504672897,19684.140186915887,19683.672897196262,19673.40186915888,19662.841121495327,19663.51401869159,19661.73831775701,19654.196261682242,19649.130841121496,19650.579439252335,19640.317757009347,19636.33644859813,19634.70093457944,19628.841121495327,19626.327102803738,19620.41121495327,19614.971962616823,19565.252336448597,19506.158878504673,19440.560747663552,19356.850467289718,19335.981308411214,19290.028037383177,19245.383177570093,,,,,,,,,,,,,,,,,,,,,,,,,,,,,,,,,,,,,,,,,,,,,,,
1110,CK1,3487.435185185185,3604.8518518518517,3694.5555555555557,3783.462962962963,3866.009259259259,3943.074074074074,4019.240740740741,4097.231481481482,4178.7037037037035,4259.972222222223,4345.685185185185,4436.240740740741,4525.2962962962965,4614.0462962962965,4705.37037037037,4798.083333333333,4894.722222222223,4991.805555555556,5089.787037037037,5186.972222222223,5284.138888888889,5380.166666666667,5472.074074074074,5568.083333333333,5663.231481481482,5759.259259259259,5855.351851851852,5949.37962962963,6040.648148148148,6129.527777777777,6969.962962962963,7706.009259259259,8307.638888888889,8808.342592592593,9232.425925925925,9570.37962962963,9869.296296296296,10102.138888888889,10297.546296296296,10458.666666666666,10578.194444444445,10693.712962962964,10769.166666666666,10839.416666666666,10896.814814814816,10937.712962962964,10986.296296296296,11010.648148148148,11050.101851851852,11077.962962962964,11102.722222222223,11140.74074074074,11161.277777777777,11201.666666666666,11233.101851851852,11263.472222222223,11309.314814814816,11905.481481481482,12562.87037037037,13100.907407407407,13533.703703703704,13909.546296296296,14259.37962962963,14576.833333333334,14860.666666666666,15119.75,15327.148148148148,15507.25925925926,15652.685185185184,15777.435185185184,15877.703703703704,15966.49074074074,16047.055555555555,16117.648148148148,16184.351851851852,16250.648148148148,16310.666666666666,16372.046296296296,16438.425925925927,16497.064814814814,16565.37962962963,16637.39814814815,16703.60185185185,16774.962962962964,17403.287037037036,18016.37037037037,18531.324074074073,18944.25,19258.87037037037,19491.39814814815,19643.333333333332,19747.62037037037,19820.14814814815,19865.40740740741,19889.35185185185,19907.703703703704,19908.76851851852,19912.26851851852,19910.24074074074,19907.296296296296,19904.60185185185,19905.416666666668,19901.65740740741,19898.25,19893.09259259259,19896.296296296296,19889.833333333332,19889.98148148148,19889.62962962963,19891.36111111111,19883.055555555555,19853.75,19813.935185185186,19766.0,19718.86111111111,19671.99074074074,19624.99074074074,19576.26851851852,,,,,,,,,,,,,,,,,,,,,,,,,,,,,,,,,,,,,,,,,,,,,,,
1110,D1,3487.685185185185,3616.4814814814813,3716.314814814815,3819.9166666666665,3917.1388888888887,4008.953703703704,4100.861111111111,4195.111111111111,4292.509259259259,4391.25,4495.694444444444,4548.579439252337,4656.308411214954,4763.355140186916,4871.336448598131,4977.542056074766,5088.542056074766,5197.392523364486,5309.906542056075,5423.196261682243,5536.626168224299,5644.140186915888,5749.663551401869,5853.018691588785,5954.2336448598135,6057.289719626168,6162.841121495327,6264.2336448598135,6365.859813084112,6460.869158878505,7411.175925925926,8115.694444444444,8676.037037037036,9112.481481481482,9486.092592592593,9770.361111111111,10014.75925925926,10212.083333333334,10358.435185185184,10493.305555555555,10584.027777777777,10671.305555555555,10736.277777777777,10782.0,10840.287037037036,10863.351851851852,10906.314814814816,10934.685185185184,10963.583333333334,11004.203703703704,11022.50925925926,11067.074074074075,11093.203703703704,11128.824074074075,11175.814814814816,11200.787037037036,11256.0,11876.842592592593,12474.092592592593,12930.712962962964,13285.203703703704,13595.092592592593,13878.157407407407,14144.138888888889,14379.981481481482,14587.62962962963,14760.99074074074,14907.796296296296,15027.435185185184,15125.157407407407,15208.907407407407,15284.5,15345.37962962963,15398.787037037036,15454.0,15499.444444444445,15549.925925925925,15594.972222222223,15648.796296296296,15701.62037037037,15751.425925925925,15808.453703703704,15862.287037037036,15916.12037037037,16441.212962962964,16948.953703703704,17371.796296296296,17700.75925925926,17933.944444444445,18102.74074074074,18218.12962962963,18286.703703703704,18334.537037037036,18364.546296296296,18376.796296296296,18377.85185185185,18375.722222222223,18378.61111111111,18378.25,18373.027777777777,18371.75925925926,18374.13888888889,18362.35185185185,18359.37037037037,18364.26851851852,18358.74074074074,18352.51851851852,18355.5,18355.59259259259,18345.49074074074,18344.472222222223,18306.14814814815,18275.23148148148,18231.555555555555,18179.26851851852,18142.36111111111,18086.40740740741,18048.0,,,,,,,,,,,,,,,,,,,,,,,,,,,,,,,,,,,,,,,,,,,,,,,
1110,RD2,3023.314814814815,3162.453703703704,3270.4444444444443,3379.6018518518517,3487.5185185185187,3590.925925925926,3695.6666666666665,3804.814814814815,3920.3055555555557,4038.675925925926,4159.055555555556,4279.861111111111,4403.277777777777,4523.768518518518,4646.731481481482,4767.611111111111,4891.907407407408,5014.166666666667,5135.185185185185,5254.157407407408,5367.592592592592,5476.768518518518,5583.111111111111,5686.805555555556,5794.231481481482,5897.981481481482,5999.111111111111,6093.231481481482,6182.851851851852,6269.324074074074,7017.9537037037035,7586.814814814815,7998.324074074074,8323.898148148148,8575.055555555555,8769.712962962964,8939.064814814816,9056.842592592593,9163.657407407407,9238.027777777777,9294.203703703704,9345.574074074075,9371.583333333334,9406.444444444445,9418.064814814816,9436.425925925925,9451.472222222223,9457.111111111111,9477.416666666666,9480.453703703704,9499.296296296296,9515.314814814816,9523.935185185184,9551.592592592593,9561.175925925925,9591.703703703704,9612.37962962963,10017.138888888889,10445.944444444445,10792.62962962963,11064.583333333334,11291.055555555555,11511.046296296296,11698.703703703704,11867.796296296296,12019.083333333334,12139.064814814816,12245.157407407407,12327.074074074075,12392.925925925925,12447.833333333334,12496.074074074075,12531.703703703704,12570.407407407407,12597.046296296296,12630.518518518518,12659.342592592593,12683.74074074074,12706.5,12735.861111111111,12763.046296296296,12789.935185185184,12818.25,12849.453703703704,13115.888888888889,13396.814814814816,13643.055555555555,13850.888888888889,14007.111111111111,14118.0,14194.675925925925,14247.111111111111,14279.87962962963,14297.157407407407,14303.648148148148,14306.037037037036,14306.592592592593,14301.305555555555,14294.175925925925,14290.472222222223,14283.694444444445,14280.111111111111,14267.962962962964,14273.222222222223,14266.092592592593,14256.444444444445,14256.074074074075,14249.99074074074,14249.685185185184,14246.925925925925,14241.472222222223,14174.157407407407,14084.666666666666,14117.148148148148,14086.814814814816,14058.12037037037,14032.138888888889,14002.694444444445,,,,,,,,,,,,,,,,,,,,,,,,,,,,,,,,,,,,,,,,,,,,,,,
1210,CK1,4389.1442307692305,4556.7692307692305,4701.490384615385,4849.961538461538,4992.1057692307695,5134.25,5274.961538461538,5422.745098039216,5570.509803921569,5723.205882352941,5879.990196078431,6046.78431372549,6214.225490196079,6385.950980392156,6552.794117647059,6721.71568627451,6890.088235294118,7059.696078431372,7229.8725490196075,7398.019607843137,7566.803921568628,7735.186274509804,7892.901960784314,8047.598039215686,8201.039215686274,8349.70588235294,8497.588235294117,8645.392156862745,8790.235294117647,8929.578431372549,10113.235294117647,11014.79411764706,11709.186274509804,12228.627450980392,12657.64705882353,12993.127450980392,13336.699029126214,13563.359223300971,13720.300970873786,13865.223300970874,13971.73786407767,13950.903846153846,14029.067307692309,14070.307692307691,14127.942307692309,14163.951923076924,14192.538461538461,14239.817307692309,14259.403846153846,14307.759615384615,14337.471153846154,14374.778846153846,14425.442307692309,14456.009615384615,14515.48076923077,14556.692307692309,14609.932692307691,15392.548076923076,16165.98076923077,16798.778846153848,17286.990384615383,17704.134615384617,18061.451923076922,18371.125,18630.89423076923,18567.132075471698,18739.028301886792,18872.150943396227,18980.0,19074.462264150945,19151.67924528302,19217.0,19271.48113207547,19325.14150943396,19374.29245283019,19424.537735849055,19331.794392523363,19383.467289719625,19441.383177570093,19486.355140186915,19545.542056074766,19601.467289719625,19664.532710280375,19721.99065420561,20116.703703703704,20794.093457943924,21216.242990654206,21520.73831775701,21723.30841121495,21701.40740740741,21946.018691588786,21828.453703703704,21853.166666666668,21856.88888888889,21865.64814814815,21861.824074074073,21860.675925925927,21857.027777777777,21858.583333333332,21852.685185185186,21840.194444444445,21836.34259259259,21841.814814814814,21833.824074074073,21825.203703703704,21817.074074074073,21813.212962962964,21812.49074074074,21808.90740740741,21798.0,21793.027777777777,21743.75925925926,21687.027777777777,21621.60185185185,21555.37037037037,21499.333333333332,21444.185185185186,21393.712962962964,,,,,,,,,,,,,,,,,,,,,,,,,,,,,,,,,,,,,,,,,,,,,,,
1210,D1,3347.411214953271,3502.3177570093458,3606.1574074074074,3775.0654205607475,3911.429906542056,4048.0841121495328,4187.523364485981,4296.555555555556,4476.7663551401865,4625.794392523365,4740.425925925926,4935.915887850468,5091.588785046729,5246.598130841122,5400.971962616823,5552.682242990654,5700.990654205608,5846.822429906542,5994.2336448598135,6135.588785046729,6274.485981308411,6409.514018691589,6485.0462962962965,6604.185185185185,6781.280373831775,6897.822429906542,7012.2336448598135,7065.444444444444,7172.074074074074,7271.333333333333,8178.14953271028,8714.055555555555,9155.074074074075,9477.805555555555,9746.342592592593,9939.935185185184,10098.657407407407,10226.527777777777,10305.75925925926,10387.111111111111,10429.435185185184,10468.703703703704,10496.00925925926,10510.657407407407,10532.944444444445,10536.231481481482,10554.018518518518,10568.37962962963,10572.657407407407,10599.351851851852,10603.287037037036,10629.731481481482,10653.518518518518,10672.453703703704,10709.675925925925,10724.861111111111,10764.814814814816,11256.361111111111,11748.416666666666,12146.518518518518,12463.842592592593,12728.453703703704,12958.75,13155.472222222223,13321.24074074074,13450.12962962963,13556.398148148148,13635.055555555555,13705.0,13752.0,13796.287037037036,13828.092592592593,13859.472222222223,13883.592592592593,13906.953703703704,13928.564814814816,13946.481481481482,13972.833333333334,13990.601851851852,14022.064814814816,14044.018518518518,14067.175925925925,14097.222222222223,14126.981481481482,14418.50925925926,14743.851851851852,15048.046296296296,15309.305555555555,15502.333333333334,15643.574074074075,15731.777777777777,15800.527777777777,15833.212962962964,15857.481481481482,15864.731481481482,15867.796296296296,15861.324074074075,15863.046296296296,15859.296296296296,15849.444444444445,15846.166666666666,15841.018518518518,15835.916666666666,15831.648148148148,15823.5,15825.398148148148,15823.37037037037,15811.361111111111,15806.194444444445,15801.064814814816,15797.212962962964,15750.12962962963,15702.194444444445,15657.851851851852,15611.833333333334,15570.324074074075,15525.722222222223,15488.5,,,,,,,,,,,,,,,,,,,,,,,,,,,,,,,,,,,,,,,,,,,,,,,
1210,RD2,3449.472222222222,3601.0833333333335,3728.777777777778,3860.8796296296296,3988.435185185185,4116.083333333333,4244.981481481482,4375.962962962963,4514.333333333333,4657.12962962963,4803.509259259259,4952.601851851852,5106.333333333333,5257.0,5405.37037037037,5554.657407407408,5704.074074074074,5855.157407407408,6006.148148148148,6153.231481481482,6293.907407407408,6433.194444444444,6562.435185185185,6694.37037037037,6821.462962962963,6945.851851851852,7070.37962962963,7188.027777777777,7302.583333333333,7410.074074074074,8322.814814814816,9000.824074074075,9485.925925925925,9853.277777777777,10146.046296296296,10355.666666666666,10536.731481481482,10658.138888888889,10753.861111111111,10828.12962962963,10867.583333333334,10912.166666666666,10926.75,10940.87962962963,10954.75925925926,10951.777777777777,10968.907407407407,10964.953703703704,10977.37037037037,10988.777777777777,10993.046296296296,11018.24074074074,11028.351851851852,11058.814814814816,11079.962962962964,11101.898148148148,11142.222222222223,11641.648148148148,12153.305555555555,12561.472222222223,12891.25925925926,13176.361111111111,13433.49074074074,13665.074074074075,13868.648148148148,14039.648148148148,14171.916666666666,14279.324074074075,14365.777777777777,14432.564814814816,14490.564814814816,14533.175925925925,14568.342592592593,14599.722222222223,14634.046296296296,14660.916666666666,14688.888888888889,14715.12037037037,14743.49074074074,14774.027777777777,14805.444444444445,14834.962962962964,14873.175925925925,14904.435185185184,15250.796296296296,15623.472222222223,15963.444444444445,16230.916666666666,16418.73148148148,16556.222222222223,16640.50925925926,16692.425925925927,16718.11111111111,16727.88888888889,16730.59259259259,16724.444444444445,16726.13888888889,16717.546296296296,16714.712962962964,16707.925925925927,16703.87962962963,16704.962962962964,16700.425925925927,16695.944444444445,16687.037037037036,16688.24074074074,16678.296296296296,16671.194444444445,16669.324074074073,16662.462962962964,16654.34259259259,16604.666666666668,16537.84259259259,16503.62037037037,16461.037037037036,16411.203703703704,16374.444444444445,16342.953703703704,,,,,,,,,,,,,,,,,,,,,,,,,,,,,,,,,,,,,,,,,,,,,,,
1214,CK1,4077.321100917431,4240.981481481482,4308.715596330275,4411.715596330275,4510.559633027523,4598.614678899083,4723.7962962962965,4774.761467889908,4869.798165137615,4966.293577981652,5066.385321100917,5168.1100917431195,5268.431192660551,5369.4495412844035,5516.611111111111,5577.752293577982,5687.495412844037,5795.51376146789,5908.816513761468,6016.871559633028,6123.293577981652,6279.111111111111,6330.844036697248,6438.706422018348,6543.853211009175,6654.577981651376,6760.266055045871,6865.412844036698,6963.05504587156,7118.092592592592,8046.527777777777,8859.064814814816,9511.074074074075,10073.953703703704,10549.037037037036,10942.407407407407,11295.25,11569.861111111111,11821.101851851852,12023.592592592593,12187.12037037037,12348.222222222223,12457.361111111111,12573.296296296296,12668.50925925926,12741.648148148148,12832.425925925925,12888.972222222223,12967.212962962964,13027.62037037037,13086.50925925926,13268.56880733945,13317.532110091743,13397.97247706422,13456.43119266055,13526.844036697248,13609.88990825688,14594.88990825688,15510.155963302752,16216.733944954129,16631.054545454546,17075.0,17460.590909090908,17807.863636363636,18100.98181818182,18363.7,18589.79090909091,18782.21818181818,18946.69090909091,19084.545454545456,19213.081818181818,19329.654545454545,19441.936363636363,19554.045454545456,19654.50909090909,19758.172727272726,19860.145454545454,19968.5,20067.427272727273,20182.1,20281.20909090909,20388.227272727272,20494.881818181817,20606.618181818183,21392.936363636363,21965.363636363636,22336.345454545455,22568.045454545456,22711.909090909092,22790.00909090909,22846.01818181818,22868.78181818182,22876.172727272726,22876.20909090909,22870.68181818182,22885.28181818182,22872.8,22873.49090909091,22871.581818181818,22870.236363636363,22863.863636363636,22867.963636363635,22861.045454545456,22859.3,22855.772727272728,22857.245454545453,22860.072727272727,22850.69090909091,22852.245454545453,22852.536363636365,22850.02727272727,22830.663636363635,22773.28181818182,22733.845454545455,22666.836363636365,22616.78181818182,22558.1,22503.545454545456,,,,,,,,,,,,,,,,,,,,,,,,,,,,,,,,,,,,,,,,,,,,,,,
1214,D1,3851.425925925926,3980.1481481481483,4081.435185185185,4182.185185185185,4276.342592592592,4366.601851851852,4454.583333333333,4542.222222222223,4633.0462962962965,4729.027777777777,4830.064814814815,4930.2037037037035,5036.231481481482,5139.361111111111,5242.462962962963,5346.25,5452.962962962963,5562.87962962963,5670.0462962962965,5780.398148148148,5894.138888888889,5998.305555555556,6101.092592592592,6203.111111111111,6304.388888888889,6409.694444444444,6513.2037037037035,6614.314814814815,6716.731481481482,6811.361111111111,7683.148148148148,8417.768518518518,9015.166666666666,9502.12962962963,9922.907407407407,10262.666666666666,10562.0,10813.101851851852,11012.74074074074,11199.055555555555,11328.333333333334,11463.277777777777,11563.527777777777,11647.12962962963,11734.972222222223,11786.648148148148,11857.462962962964,11908.287037037036,11961.87037037037,12022.268518518518,12058.898148148148,12123.055555555555,12167.5,12222.398148148148,12285.064814814816,12327.203703703704,12401.324074074075,13220.722222222223,14014.666666666666,14645.194444444445,15136.064814814816,15540.046296296296,15891.731481481482,16213.944444444445,16500.462962962964,16745.40740740741,16966.944444444445,17154.60185185185,17323.11111111111,17462.453703703704,17591.296296296296,17695.953703703704,17789.11111111111,17895.62037037037,17976.0,18060.38888888889,18136.09259259259,18214.166666666668,18288.0,18366.87037037037,18440.25,18523.25925925926,18592.555555555555,18670.453703703704,19259.574074074073,19737.425925925927,20074.685185185186,20305.14814814815,20459.046296296296,20552.75925925926,20612.74074074074,20649.24074074074,20672.972222222223,20676.546296296296,20673.472222222223,20674.796296296296,20666.212962962964,20665.25,20661.027777777777,20659.74074074074,20655.36111111111,20648.75,20645.564814814814,20634.814814814814,20634.65740740741,20632.796296296296,20631.666666666668,20635.64814814815,20631.324074074073,20630.472222222223,20628.73148148148,20586.055555555555,20543.583333333332,20497.574074074073,20450.26851851852,20401.916666666668,20347.185185185186,20295.537037037036,,,,,,,,,,,,,,,,,,,,,,,,,,,,,,,,,,,,,,,,,,,,,,,
1214,RD2,4540.056603773585,4720.5,4871.669811320755,5026.320754716981,5173.2169811320755,5369.086538461538,5519.423076923077,5697.796116504855,5851.417475728155,5977.778846153846,6134.384615384615,6298.6442307692305,6465.923076923077,6631.346153846154,6796.653846153846,6958.653846153846,7119.798076923077,7282.836538461538,7444.711538461538,7673.754901960784,7833.745098039216,8064.98,8256.444444444445,8405.151515151516,8548.636363636364,8775.721649484536,8919.9793814433,9056.98969072165,9197.01030927835,9330.948453608247,10402.34693877551,11322.164948453608,11853.757575757576,12345.363636363636,12814.551020408164,13117.744897959185,13352.826530612245,13538.816326530612,13667.591836734693,13703.020202020201,13774.818181818182,13832.272727272728,13876.151515151516,13901.767676767677,13852.08,13867.4,13889.19,13912.58,13927.71,13962.85,13980.58,14013.73,14050.23,14079.01,14126.17,14157.1,14209.93,14952.40404040404,15562.39393939394,16042.525252525253,16467.484848484848,16876.91919191919,17157.88,17506.67,17819.53,17828.42156862745,18042.950980392157,17721.0,17859.094339622643,17973.575471698114,18069.11320754717,18157.19811320755,18243.38679245283,18310.72641509434,18380.924528301886,18448.349056603773,18389.149532710282,18456.88785046729,18516.943925233645,18592.88785046729,18661.70093457944,18734.635514018693,18801.084112149532,18872.859813084113,19533.616822429907,20184.915887850468,20732.420560747665,21136.383177570093,21427.41121495327,21621.971962616823,21738.21495327103,21817.17757009346,21860.8785046729,21877.093457943924,21883.934579439254,21879.48598130841,21883.457943925234,21883.532710280375,21872.205607476637,21867.1214953271,21864.140186915887,21860.429906542056,21851.40186915888,21846.280373831774,21846.0,21835.77570093458,21834.71028037383,21830.271028037383,21827.03738317757,21816.59813084112,21811.30841121495,21752.719626168226,21679.831775700935,21610.364485981307,21577.924528301886,21520.83962264151,21460.650943396227,21343.383177570093,,,,,,,,,,,,,,,,,,,,,,,,,,,,,,,,,,,,,,,,,,,,,,,
1218,CK1,3563.7314814814813,3684.046296296296,3777.185185185185,3873.4074074074074,3962.435185185185,4048.212962962963,4132.592592592592,4219.351851851852,4306.944444444444,4398.87037037037,4491.648148148148,4589.509259259259,4689.861111111111,4793.694444444444,4896.342592592592,4997.277777777777,5099.722222222223,5203.712962962963,5308.814814814815,5413.935185185185,5524.416666666667,5627.425925925926,5733.064814814815,5832.990740740741,5932.0,6030.222222222223,6129.722222222223,6230.2962962962965,6328.657407407408,6426.101851851852,7292.0,8007.972222222223,8598.583333333334,9065.712962962964,9465.435185185184,9792.407407407407,10064.962962962964,10303.222222222223,10479.833333333334,10642.527777777777,10771.638888888889,10873.222222222223,10968.435185185184,11034.157407407407,11105.203703703704,11160.768518518518,11205.87037037037,11258.796296296296,11293.518518518518,11341.657407407407,11386.685185185184,11425.351851851852,11479.24074074074,11513.694444444445,11567.842592592593,11619.37962962963,11667.12037037037,12437.712962962964,13201.537037037036,13822.0,14309.287037037036,14708.805555555555,15058.657407407407,15363.981481481482,15627.25,15854.601851851852,16043.925925925925,16199.268518518518,16333.296296296296,16441.63888888889,16533.73148148148,16623.027777777777,16700.287037037036,16767.583333333332,16834.34259259259,16898.37962962963,16954.935185185186,17019.212962962964,17090.453703703704,17154.287037037036,17222.527777777777,17284.0,17352.86111111111,17423.98148148148,18002.935185185186,18527.583333333332,18948.11111111111,19268.555555555555,19497.527777777777,19658.175925925927,19774.37962962963,19845.85185185185,19909.24074074074,19944.712962962964,19962.37037037037,19971.5,19978.435185185186,19973.833333333332,19988.59259259259,19982.416666666668,19984.60185185185,19985.12962962963,19987.453703703704,19988.26851851852,19984.583333333332,19990.87037037037,19991.925925925927,19986.87037037037,19986.25925925926,19985.12962962963,19988.75,19973.99074074074,19950.84259259259,19904.944444444445,19846.175925925927,19799.703703703704,19750.694444444445,19703.62962962963,,,,,,,,,,,,,,,,,,,,,,,,,,,,,,,,,,,,,,,,,,,,,,,
1218,D1,2018.101851851852,2096.037037037037,2153.6111111111113,2212.4814814814813,2266.740740740741,2322.6203703703704,2375.037037037037,2431.6481481481483,2490.8981481481483,2550.962962962963,2614.574074074074,2679.796296296296,2746.3981481481483,2812.1296296296296,2877.472222222222,2943.1388888888887,3009.9074074074074,3077.8055555555557,3143.25,3208.8055555555557,3271.175925925926,3334.537037037037,3394.972222222222,3453.462962962963,3513.4814814814813,3571.1666666666665,3629.0185185185187,3682.8796296296296,3740.435185185185,3789.203703703704,4240.851851851852,4589.990740740741,4855.138888888889,5066.166666666667,5242.055555555556,5381.027777777777,5501.472222222223,5600.648148148148,5678.518518518518,5747.759259259259,5800.472222222223,5846.2037037037035,5885.2962962962965,5912.675925925926,5944.231481481482,5964.185185185185,5988.416666666667,6007.694444444444,6024.481481481482,6046.7962962962965,6061.972222222223,6084.712962962963,6102.925925925926,6122.712962962963,6148.231481481482,6167.342592592592,6192.342592592592,6547.601851851852,6904.277777777777,7193.083333333333,7417.083333333333,7601.5,7761.490740740741,7902.138888888889,8022.842592592592,8131.388888888889,8223.675925925925,8304.018518518518,8372.222222222223,8432.185185185184,8477.064814814816,8526.527777777777,8559.648148148148,8597.74074074074,8626.574074074075,8649.62962962963,8675.518518518518,8703.444444444445,8723.601851851852,8748.944444444445,8774.148148148148,8793.49074074074,8815.805555555555,8835.796296296296,9025.657407407407,9210.675925925925,9376.287037037036,9525.768518518518,9642.675925925925,9728.185185185184,9800.398148148148,9855.675925925925,9889.592592592593,9922.472222222223,9944.814814814816,9960.453703703704,9967.777777777777,9973.62962962963,9980.157407407407,9985.62962962963,9990.601851851852,9991.861111111111,9992.314814814816,9995.638888888889,9993.574074074075,9991.064814814816,9991.75925925926,9987.157407407407,9989.546296296296,9987.407407407407,9986.694444444445,9965.583333333334,9945.842592592593,9924.861111111111,9899.796296296296,9877.027777777777,9858.287037037036,9838.833333333334,,,,,,,,,,,,,,,,,,,,,,,,,,,,,,,,,,,,,,,,,,,,,,,
1218,RD2,3349.064814814815,3493.685185185185,3610.314814814815,3728.425925925926,3845.175925925926,3959.8425925925926,4074.2685185185187,4192.25,4312.5,4436.314814814815,4563.240740740741,4693.527777777777,4824.25,4958.472222222223,5085.814814814815,5215.731481481482,5343.009259259259,5467.694444444444,5598.194444444444,5722.833333333333,5844.5462962962965,5961.342592592592,6076.259259259259,6185.5462962962965,6295.962962962963,6402.361111111111,6507.509259259259,6610.888888888889,6709.685185185185,6802.083333333333,7606.37962962963,8213.268518518518,8664.564814814816,9008.796296296296,9287.87037037037,9497.537037037036,9678.018518518518,9813.444444444445,9918.157407407407,10011.314814814816,10068.175925925925,10122.935185185184,10158.75925925926,10184.962962962964,10213.296296296296,10225.944444444445,10251.203703703704,10259.342592592593,10277.185185185184,10294.62037037037,10305.962962962964,10330.157407407407,10344.185185185184,10369.388888888889,10394.00925925926,10415.805555555555,10448.37037037037,10893.796296296296,11344.296296296296,11703.092592592593,11977.00925925926,12213.027777777777,12418.685185185184,12606.861111111111,12778.981481481482,12929.564814814816,13053.953703703704,13158.481481481482,13245.018518518518,13318.092592592593,13374.49074074074,13433.138888888889,13467.648148148148,13514.824074074075,13546.592592592593,13579.148148148148,13616.416666666666,13650.75,13684.74074074074,13711.888888888889,13748.518518518518,13780.12962962963,13812.731481481482,13848.111111111111,14177.99074074074,14515.574074074075,14818.62037037037,15049.694444444445,15228.425925925925,15357.12962962963,15444.351851851852,15505.074074074075,15544.018518518518,15575.037037037036,15584.333333333334,15587.824074074075,15588.12037037037,15581.601851851852,15583.324074074075,15575.796296296296,15569.472222222223,15560.231481481482,15557.12962962963,15550.703703703704,15552.388888888889,15546.046296296296,15537.074074074075,15537.916666666666,15532.537037037036,15531.462962962964,15527.231481481482,15501.231481481482,15464.018518518518,15431.388888888889,15398.5,15369.62962962963,15342.925925925925,15318.083333333334,,,,,,,,,,,,,,,,,,,,,,,,,,,,,,,,,,,,,,,,,,,,,,,
1219,CK1,4004.2523364485983,4139.616822429906,4282.867924528302,4398.933962264151,4503.3490566037735,4605.075471698113,4703.424528301887,4803.905660377359,4829.111111111111,5014.330188679245,5122.396226415094,5190.495238095238,5258.962264150943,5329.794392523365,5488.7169811320755,5553.971962616823,5668.747663551402,5781.85046728972,5896.22429906542,6013.785046728972,6130.514018691589,6242.308411214954,6354.841121495327,6464.07476635514,6570.654205607477,6679.570093457944,6787.7663551401865,6892.14953271028,6999.420560747663,7100.280373831775,8021.0373831775705,8786.327102803738,9408.85046728972,9999.203703703704,10420.666666666666,10758.407407407407,11031.12962962963,11262.731481481482,11435.138888888889,11586.194444444445,11897.132075471698,11989.641509433963,12070.066037735849,12122.801886792453,12181.896226415094,12221.358490566037,12155.168224299065,12302.122641509433,12331.594339622641,12374.716981132075,12409.254716981131,12446.566037735849,12492.801886792453,12529.707547169812,12582.103773584906,12626.641509433963,12678.009433962265,13441.745283018869,13932.287037037036,14488.675925925925,14939.925925925925,15339.00925925926,15698.953703703704,16028.49074074074,16315.037037037036,16555.00925925926,16748.787037037036,16901.14814814815,17032.62962962963,17141.76851851852,17225.564814814814,17301.90740740741,17369.666666666668,17435.50925925926,17494.944444444445,17554.185185185186,17616.11111111111,17667.98148148148,17731.5,17794.203703703704,17853.277777777777,17919.166666666668,17983.61111111111,18049.34259259259,18667.34259259259,19263.01851851852,19762.36111111111,20140.277777777777,20422.046296296296,20956.17924528302,21090.72641509434,21174.93396226415,21222.93396226415,20906.84259259259,20922.453703703704,20929.75,20924.37037037037,20928.555555555555,20922.722222222223,20914.824074074073,20919.15740740741,20907.444444444445,20896.833333333332,20900.62037037037,20888.24074074074,20894.09259259259,20885.944444444445,20883.26851851852,20873.527777777777,20871.925925925927,20866.425925925927,20818.675925925927,20772.564814814814,20709.87037037037,20654.5,20599.583333333332,20541.722222222223,20494.796296296296,,,,,,,,,,,,,,,,,,,,,,,,,,,,,,,,,,,,,,,,,,,,,,,
1219,D1,3662.8981481481483,3753.644859813084,3859.9158878504672,3961.4859813084113,4064.0280373831774,4159.439252336449,4255.551401869159,4352.271028037383,4451.018691588785,4547.626168224299,4725.638095238095,4874.278846153846,4988.346153846154,5061.885714285714,5175.476190476191,5289.009523809524,5315.878504672897,5554.711538461538,5670.134615384615,5785.634615384615,5808.462264150943,6016.0,6074.333333333333,6179.752380952381,6335.711538461538,6440.0,6543.923076923077,6646.990384615385,6748.317307692308,6849.721153846154,7717.721153846154,8553.156862745098,9066.42718446602,9672.29702970297,10066.039603960397,10148.673076923076,10394.826923076924,10363.719626168224,10524.03738317757,10665.897196261682,10777.11214953271,10856.85046728972,10940.542056074766,10985.26168224299,11042.532710280373,11083.252336448599,11113.859813084113,11157.878504672897,11175.214953271028,11214.971962616823,11246.514018691589,11543.25,11317.616822429907,11433.094339622641,11572.180952380952,11518.83962264151,11738.759615384615,12489.409523809523,12811.907407407407,13297.222222222223,13683.731481481482,14016.12962962963,14328.027777777777,14603.342592592593,14846.203703703704,15049.694444444445,15213.574074074075,15350.277777777777,15455.407407407407,15538.138888888889,15607.092592592593,15661.166666666666,15708.064814814816,15745.861111111111,15784.796296296296,15818.583333333334,15850.472222222223,15882.342592592593,15908.25,15937.972222222223,15968.055555555555,16007.148148148148,16034.833333333334,16075.138888888889,16402.962962962964,16780.62962962963,17152.40740740741,17517.175925925927,17831.65740740741,18104.435185185186,18313.712962962964,18473.25925925926,18592.34259259259,18668.14814814815,18722.444444444445,18758.87037037037,18771.037037037036,18782.685185185186,18784.777777777777,18783.86111111111,18782.277777777777,18777.25,18768.90740740741,18769.25925925926,18765.65740740741,18760.10185185185,18752.65740740741,18748.185185185186,18741.916666666668,18736.0,18739.203703703704,18688.84259259259,18630.796296296296,18577.527777777777,18525.194444444445,18471.527777777777,18425.046296296296,18391.694444444445,,,,,,,,,,,,,,,,,,,,,,,,,,,,,,,,,,,,,,,,,,,,,,,
1219,RD2,3486.259259259259,3633.1203703703704,3759.462962962963,3888.046296296296,4011.185185185185,4134.537037037037,4259.768518518518,4385.944444444444,4513.62962962963,4642.694444444444,4769.555555555556,4902.814814814815,5039.722222222223,5175.777777777777,5308.851851851852,5439.518518518518,5566.861111111111,5692.148148148148,5812.462962962963,5936.287037037037,6057.462962962963,6173.555555555556,6287.722222222223,6395.0,6498.2962962962965,6596.87037037037,6694.2962962962965,6790.601851851852,6886.5,6979.0,7740.027777777777,8297.842592592593,8729.611111111111,9048.574074074075,9295.99074074074,9497.796296296296,9634.777777777777,9756.37962962963,9834.296296296296,9894.361111111111,9945.703703703704,9965.435185185184,9998.703703703704,10010.481481481482,10025.99074074074,10042.935185185184,10047.00925925926,10071.796296296296,10081.101851851852,10100.462962962964,10126.972222222223,10137.833333333334,10174.62037037037,10195.953703703704,10228.231481481482,10266.00925925926,10288.203703703704,10777.5,11191.287037037036,11506.101851851852,11788.472222222223,12057.037037037036,12318.712962962964,12551.185185185184,12753.027777777777,12920.472222222223,13056.898148148148,13164.861111111111,13255.222222222223,13326.99074074074,13395.5,13451.611111111111,13506.814814814816,13550.277777777777,13596.361111111111,13637.99074074074,13684.277777777777,13727.25,13772.833333333334,13819.138888888889,13871.611111111111,13915.777777777777,13962.962962962964,14011.064814814816,14483.296296296296,14958.592592592593,15354.925925925925,15651.185185185184,15854.185185185184,15988.74074074074,16072.231481481482,16123.277777777777,16152.731481481482,16169.611111111111,16179.925925925925,16181.583333333334,16177.74074074074,16180.24074074074,16174.833333333334,16171.675925925925,16171.175925925925,16165.277777777777,16152.638888888889,16153.25925925926,16153.212962962964,16143.907407407407,16145.25925925926,16142.027777777777,16137.435185185184,16133.166666666666,16128.027777777777,16078.787037037036,16013.824074074075,15894.546296296296,15697.074074074075,15622.74074074074,15581.101851851852,15543.37962962963,,,,,,,,,,,,,,,,,,,,,,,,,,,,,,,,,,,,,,,,,,,,,,,
1228,CK1,4458.659793814433,4595.291666666667,4723.031578947369,4845.0,4962.684210526316,5070.010526315789,5175.726315789474,5295.521276595745,5391.863157894737,5516.18085106383,5632.882978723404,5738.905263157894,5864.905263157894,5989.726315789474,6124.340425531915,6234.709677419355,6370.053191489362,6495.797872340426,6598.45652173913,6726.902173913043,6871.2,6995.778947368421,7102.31914893617,7240.126315789474,7373.875,7448.182795698925,7617.104166666667,7721.757894736842,7840.41052631579,7971.625,9012.833333333334,9893.34375,10620.708333333334,11207.791666666666,11740.61855670103,12120.875,12479.98969072165,12766.59793814433,12948.010204081633,13169.515463917525,13275.112244897959,13387.561224489797,13487.479591836734,13519.343434343435,13628.673469387755,13680.183673469388,13730.19387755102,13758.787878787878,13830.316326530612,13896.714285714286,13908.939393939394,14001.795918367347,14073.316326530612,14126.234693877552,14210.622448979591,14277.5,14352.459183673469,15537.030927835052,16584.969387755104,17432.673469387755,18109.673469387755,18695.98979591837,19226.408163265307,19699.51020408163,20056.62626262626,20408.383838383837,20711.68686868687,20948.040404040403,21162.050505050505,21334.10101010101,21471.454545454544,21594.383838383837,21706.464646464647,21796.646464646463,21885.121212121212,21908.4,22034.070707070707,22109.41414141414,22176.696969696968,22238.949494949495,22298.909090909092,22362.242424242424,22528.20618556701,22590.876288659794,23126.989583333332,23660.840425531915,24052.691489361703,24337.136842105265,24578.927083333332,24883.0,25149.074468085106,25322.244680851065,25295.680412371134,25511.263157894737,25479.721649484534,25592.854166666668,25576.659793814433,25595.17525773196,25661.229166666668,25682.104166666668,25730.757894736842,25623.371134020617,25616.474226804123,25614.649484536083,25663.9375,25603.711340206184,25650.104166666668,25643.15625,25632.979166666668,25575.0412371134,25668.6,25582.126315789475,25422.3125,25287.329896907217,25195.59793814433,25115.340206185567,25050.81443298969,24985.96907216495,,,,,,,,,,,,,,,,,,,,,,,,,,,,,,,,,,,,,,,,,,,,,,,
1228,D1,2829.6481481481483,2933.222222222222,3023.287037037037,3113.3333333333335,3201.074074074074,3283.990740740741,3370.6203703703704,3455.925925925926,3545.546296296296,3639.0555555555557,3732.962962962963,3829.3333333333335,3929.1203703703704,4029.8703703703704,4125.861111111111,4224.666666666667,4321.75,4417.62037037037,4516.425925925926,4612.166666666667,4707.111111111111,4798.388888888889,4888.37037037037,4976.462962962963,5061.212962962963,5145.518518518518,5229.861111111111,5312.287037037037,5390.5462962962965,5466.481481481482,6127.018518518518,6639.314814814815,7038.574074074074,7347.648148148148,7613.138888888889,7825.574074074074,8000.287037037037,8148.537037037037,8262.333333333334,8366.472222222223,8440.157407407407,8503.361111111111,8561.592592592593,8598.898148148148,8640.527777777777,8672.907407407407,8699.12962962963,8730.592592592593,8751.231481481482,8782.62962962963,8804.62037037037,8831.166666666666,8860.462962962964,8882.787037037036,8919.537037037036,8947.944444444445,8981.268518518518,9465.861111111111,9939.074074074075,10307.046296296296,10593.074074074075,10821.574074074075,11020.574074074075,11193.99074074074,11346.212962962964,11477.546296296296,11585.49074074074,11674.777777777777,11749.25,11809.027777777777,11865.601851851852,11909.592592592593,11947.472222222223,11993.055555555555,12027.62037037037,12058.166666666666,12094.481481481482,12129.944444444445,12161.092592592593,12194.824074074075,12228.175925925925,12262.203703703704,12299.703703703704,12332.046296296296,12617.685185185184,12873.212962962964,13081.842592592593,13249.648148148148,13387.361111111111,13496.527777777777,13577.268518518518,13636.574074074075,13682.657407407407,13714.055555555555,13734.083333333334,13748.796296296296,13760.398148148148,13770.388888888889,13773.583333333334,13772.25925925926,13775.351851851852,13772.194444444445,13774.166666666666,13773.037037037036,13776.00925925926,13773.342592592593,13766.796296296296,13763.694444444445,13760.388888888889,13756.648148148148,13751.722222222223,13711.592592592593,13655.731481481482,13600.592592592593,13589.166666666666,13561.305555555555,13535.111111111111,13512.398148148148,,,,,,,,,,,,,,,,,,,,,,,,,,,,,,,,,,,,,,,,,,,,,,,
1228,RD2,2911.1481481481483,3050.740740740741,3169.0833333333335,3292.435185185185,3413.4814814814813,3532.027777777778,3658.064814814815,3781.7685185185187,3908.8518518518517,4037.3703703703704,4166.37962962963,4302.592592592592,4437.027777777777,4571.7962962962965,4704.0462962962965,4835.388888888889,4960.740740740741,5086.064814814815,5209.481481481482,5331.685185185185,5450.462962962963,5565.583333333333,5674.055555555556,5780.861111111111,5880.481481481482,5978.138888888889,6072.824074074074,6164.916666666667,6256.0,6342.333333333333,7024.657407407408,7490.25,7819.240740740741,8049.694444444444,8227.777777777777,8359.027777777777,8452.694444444445,8531.055555555555,8572.555555555555,8612.87037037037,8632.74074074074,8640.12962962963,8650.24074074074,8641.444444444445,8643.925925925925,8639.00925925926,8626.388888888889,8627.027777777777,8614.277777777777,8613.592592592593,8610.083333333334,8607.055555555555,8613.037037037036,8607.342592592593,8619.101851851852,8622.712962962964,8628.703703703704,8827.722222222223,9083.00925925926,9316.138888888889,9517.75,9694.425925925925,9859.75925925926,10005.324074074075,10131.546296296296,10240.148148148148,10330.50925925926,10400.731481481482,10459.00925925926,10506.231481481482,10552.333333333334,10586.0,10613.944444444445,10641.212962962964,10669.324074074075,10691.166666666666,10717.388888888889,10732.75,10759.805555555555,10780.296296296296,10802.75925925926,10827.231481481482,10849.648148148148,10871.287037037036,11083.231481481482,11298.138888888889,11495.212962962964,11660.694444444445,11790.138888888889,11883.925925925925,11959.37037037037,12002.166666666666,12038.592592592593,12055.814814814816,12068.203703703704,12077.842592592593,12077.24074074074,12078.314814814816,12081.75925925926,12080.37037037037,12073.861111111111,12071.083333333334,12063.148148148148,12063.814814814816,12056.703703703704,12052.99074074074,12053.231481481482,12042.99074074074,12042.546296296296,12037.148148148148,12036.064814814816,11995.925925925925,11958.185185185184,11926.398148148148,11894.055555555555,11864.305555555555,11834.333333333334,11815.537037037036,,,,,,,,,,,,,,,,,,,,,,,,,,,,,,,,,,,,,,,,,,,,,,,
1235,CK1,3480.953703703704,3588.6111111111113,3668.6574074074074,3751.824074074074,3825.685185185185,3894.046296296296,3961.5185185185187,4029.1111111111113,4099.481481481482,4170.685185185185,4246.425925925926,4321.777777777777,4400.277777777777,4481.101851851852,4556.638888888889,4637.435185185185,4717.2037037037035,4798.638888888889,4882.888888888889,4968.518518518518,5054.833333333333,5135.62037037037,5217.638888888889,5297.111111111111,5377.722222222223,5461.111111111111,5542.657407407408,5624.268518518518,5704.907407407408,5784.527777777777,6512.935185185185,7157.37962962963,7693.648148148148,8144.611111111111,8542.083333333334,8868.805555555555,9160.12037037037,9404.75925925926,9608.972222222223,9794.481481481482,9935.564814814816,10071.462962962964,10179.638888888889,10269.851851851852,10362.333333333334,10426.87962962963,10503.546296296296,10562.185185185184,10618.018518518518,10682.351851851852,10728.111111111111,10792.157407407407,10843.675925925925,10897.675925925925,10959.962962962964,11008.12962962963,11077.555555555555,11890.092592592593,12682.157407407407,13318.49074074074,13818.231481481482,14233.527777777777,14591.888888888889,14911.231481481482,15190.083333333334,15436.787037037036,15651.25,15831.388888888889,15983.472222222223,16127.407407407407,16246.805555555555,16358.138888888889,16466.194444444445,16567.194444444445,16660.185185185186,16754.25925925926,16848.972222222223,16943.63888888889,17043.59259259259,17135.925925925927,17227.65740740741,17331.00925925926,17428.185185185186,17526.722222222223,18280.203703703704,18853.36111111111,19253.26851851852,19509.90740740741,19677.416666666668,19784.15740740741,19845.694444444445,19880.435185185186,19910.89814814815,19926.39814814815,19931.324074074073,19940.083333333332,19943.12962962963,19943.37037037037,19945.305555555555,19942.185185185186,19937.916666666668,19939.11111111111,19935.046296296296,19940.333333333332,19945.50925925926,19930.435185185186,19930.40740740741,19930.87037037037,19928.73148148148,19926.925925925927,19923.63888888889,19894.48148148148,19846.462962962964,19787.425925925927,19736.89814814815,19678.48148148148,19632.37962962963,19569.333333333332,,,,,,,,,,,,,,,,,,,,,,,,,,,,,,,,,,,,,,,,,,,,,,,
1235,D1,2895.25,3005.6203703703704,3095.6111111111113,3188.314814814815,3278.935185185185,3365.824074074074,3450.3981481481483,3540.8981481481483,3632.953703703704,3726.0555555555557,3825.175925925926,3923.6111111111113,4021.259259259259,4120.925925925926,4222.027777777777,4318.175925925926,4417.166666666667,4513.898148148148,4613.7962962962965,4710.101851851852,4805.305555555556,4897.027777777777,4982.314814814815,5069.601851851852,5154.944444444444,5237.490740740741,5322.527777777777,5404.0462962962965,5481.907407407408,5555.87037037037,6205.222222222223,6707.009259259259,7093.87962962963,7397.425925925926,7656.62037037037,7858.12962962963,8039.324074074074,8182.898148148148,8301.027777777777,8409.027777777777,8482.805555555555,8559.481481481482,8614.12962962963,8660.268518518518,8709.833333333334,8735.518518518518,8777.685185185184,8802.768518518518,8829.861111111111,8864.083333333334,8882.351851851852,8919.037037037036,8942.212962962964,8971.787037037036,9006.555555555555,9028.083333333334,9068.75,9531.25,9971.314814814816,10308.203703703704,10558.398148148148,10772.111111111111,10948.648148148148,11105.37037037037,11246.37962962963,11368.574074074075,11474.555555555555,11567.814814814816,11645.462962962964,11709.388888888889,11772.064814814816,11830.175925925925,11872.583333333334,11917.907407407407,11960.49074074074,12000.314814814816,12040.037037037036,12081.5,12127.722222222223,12164.805555555555,12206.75,12250.314814814816,12295.74074074074,12340.222222222223,12693.805555555555,12999.018518518518,13232.407407407407,13400.796296296296,13523.064814814816,13594.703703703704,13648.453703703704,13687.0,13706.361111111111,13715.62037037037,13721.601851851852,13725.981481481482,13727.037037037036,13726.666666666666,13723.101851851852,13721.175925925925,13717.675925925925,13712.861111111111,13708.407407407407,13707.37962962963,13709.75925925926,13698.768518518518,13695.5,13693.935185185184,13695.324074074075,13688.611111111111,13686.87962962963,13650.212962962964,13602.972222222223,13556.314814814816,13510.87962962963,13466.398148148148,13429.962962962964,13403.212962962964,,,,,,,,,,,,,,,,,,,,,,,,,,,,,,,,,,,,,,,,,,,,,,,
1235,RD2,2683.6018518518517,2800.0833333333335,2890.777777777778,2983.25,3074.1944444444443,3162.7685185185187,3254.222222222222,3345.435185185185,3437.277777777778,3531.3425925925926,3629.6203703703704,3731.462962962963,3833.3796296296296,3931.185185185185,4031.722222222222,4125.407407407408,4221.342592592592,4316.222222222223,4410.962962962963,4504.768518518518,4595.037037037037,4679.638888888889,4762.537037037037,4842.305555555556,4920.944444444444,4997.527777777777,5073.490740740741,5150.259259259259,5221.5462962962965,5287.564814814815,5858.240740740741,6283.777777777777,6599.055555555556,6835.407407407408,7035.305555555556,7182.833333333333,7310.055555555556,7411.407407407408,7485.694444444444,7556.9537037037035,7601.5,7645.62037037037,7681.324074074074,7704.462962962963,7735.074074074074,7749.962962962963,7773.87037037037,7791.185185185185,7807.111111111111,7831.814814814815,7844.407407407408,7870.2037037037035,7886.592592592592,7907.787037037037,7937.62037037037,7956.555555555556,7987.111111111111,8343.083333333334,8676.083333333334,8928.861111111111,9123.944444444445,9285.194444444445,9435.564814814816,9563.166666666666,9683.925925925925,9789.907407407407,9882.564814814816,9959.546296296296,10023.25,10086.416666666666,10133.657407407407,10176.37037037037,10214.601851851852,10248.037037037036,10281.657407407407,10308.074074074075,10337.407407407407,10366.555555555555,10399.50925925926,10427.981481481482,10458.74074074074,10488.861111111111,10519.092592592593,10552.75925925926,10823.287037037036,11094.611111111111,11322.064814814816,11499.648148148148,11620.62962962963,11718.416666666666,11785.046296296296,11832.842592592593,11868.916666666666,11894.62962962963,11904.703703703704,11921.111111111111,11927.768518518518,11932.398148148148,11941.972222222223,11944.148148148148,11943.99074074074,11944.407407407407,11948.888888888889,11945.935185185184,11943.62962962963,11947.722222222223,11945.787037037036,11944.518518518518,11941.75,11940.175925925925,11940.74074074074,11924.842592592593,11896.222222222223,11866.018518518518,11858.574074074075,11833.564814814816,11808.333333333334,11785.50925925926,,,,,,,,,,,,,,,,,,,,,,,,,,,,,,,,,,,,,,,,,,,,,,,
1252,CK1,3928.712962962963,4050.1666666666665,4143.833333333333,4235.509259259259,4323.4537037037035,4400.425925925926,4474.981481481482,4550.601851851852,4631.268518518518,4714.175925925926,4795.407407407408,4881.509259259259,4967.490740740741,5053.537037037037,5140.824074074074,5230.009259259259,5320.5,5411.694444444444,5502.268518518518,5591.12037037037,5684.916666666667,5774.648148148148,5861.537037037037,5949.138888888889,5980.261682242991,6066.271028037383,6152.093457943925,6238.252336448598,6321.046728971963,6399.747663551402,7161.77570093458,7828.028037383177,8385.018691588784,8951.62962962963,9366.453703703704,9720.157407407407,10030.935185185184,10291.37962962963,10517.666666666666,10716.694444444445,10877.231481481482,11027.222222222223,11148.083333333334,11258.953703703704,11359.75925925926,11445.287037037036,11533.935185185184,11607.37962962963,11686.333333333334,11758.175925925925,11827.898148148148,11907.518518518518,11973.694444444445,12052.083333333334,12128.601851851852,12202.898148148148,12283.231481481482,13339.898148148148,14295.981481481482,15039.787037037036,15607.37962962963,16072.425925925925,16479.26851851852,16833.296296296296,17143.75925925926,17423.546296296296,17650.99074074074,17858.73148148148,18033.527777777777,18194.074074074073,18340.26851851852,18465.48148148148,18588.85185185185,18705.046296296296,18822.666666666668,18935.675925925927,19047.935185185186,19165.26851851852,19283.944444444445,19397.675925925927,19513.88888888889,19639.11111111111,19753.13888888889,19876.63888888889,20789.0,21481.89814814815,21933.75925925926,22240.444444444445,22429.435185185186,22546.425925925927,22630.222222222223,22680.472222222223,22711.462962962964,22728.34259259259,22744.574074074073,22751.074074074073,22756.555555555555,22758.51851851852,22766.76851851852,22782.14814814815,22777.805555555555,22783.23148148148,22781.11111111111,22787.703703703704,22795.555555555555,22787.953703703704,22793.37037037037,22783.527777777777,22787.36111111111,22782.064814814814,22775.935185185186,22749.88888888889,22689.703703703704,22632.23148148148,22552.88888888889,22464.59259259259,22390.305555555555,22314.675925925927,,,,,,,,,,,,,,,,,,,,,,,,,,,,,,,,,,,,,,,,,,,,,,,
1252,D1,2682.0280373831774,2768.1028037383176,2831.570093457944,2889.2803738317757,2944.0186915887853,2996.448598130841,3044.654205607477,3096.196261682243,3147.355140186916,3202.532710280374,3258.3271028037384,3318.6355140186915,3376.196261682243,3435.785046728972,3493.7102803738317,3552.728971962617,3614.0560747663553,3675.411214953271,3739.392523364486,3800.448598130841,3864.6822429906542,3925.0093457943926,3986.626168224299,4044.308411214953,4104.373831775701,4165.261682242991,4223.785046728972,4283.457943925234,4342.663551401869,4396.691588785046,4924.177570093458,5377.14953271028,5755.205607476635,6069.990654205608,6346.607476635514,6580.6355140186915,6785.897196261682,6962.981308411215,7111.897196261682,7251.77570093458,7362.205607476635,7468.607476635514,7557.336448598131,7630.971962616823,7705.0373831775705,7764.373831775701,7828.373831775701,7881.271028037383,7928.794392523365,7981.2336448598135,8020.878504672897,8071.887850467289,8113.710280373832,8157.878504672897,8209.915887850468,8247.065420560748,8298.719626168224,9007.722222222223,9579.342592592593,10057.555555555555,10428.037037037036,10725.648148148148,10974.972222222223,11190.962962962964,11386.00925925926,11547.555555555555,11687.055555555555,11810.546296296296,11913.527777777777,12008.277777777777,12086.62962962963,12155.305555555555,12222.25925925926,12275.111111111111,12329.703703703704,12380.37962962963,12430.583333333334,12475.824074074075,12523.731481481482,12574.935185185184,12622.962962962964,12667.925925925925,12719.203703703704,12766.425925925925,13197.101851851852,13580.851851851852,13882.953703703704,14107.481481481482,14269.62037037037,14377.287037037036,14459.083333333334,14515.87962962963,14554.546296296296,14580.731481481482,14589.444444444445,14601.564814814816,14612.768518518518,14613.083333333334,14616.055555555555,14613.814814814816,14616.407407407407,14608.666666666666,14608.731481481482,14609.962962962964,14609.925925925925,14611.453703703704,14600.546296296296,14602.351851851852,14598.768518518518,14598.398148148148,14602.74074074074,14577.87037037037,14543.796296296296,14511.583333333334,14469.49074074074,14434.62037037037,14399.074074074075,14361.398148148148,,,,,,,,,,,,,,,,,,,,,,,,,,,,,,,,,,,,,,,,,,,,,,,
1252,RD2,4951.533980582524,5146.766990291262,5313.543689320389,5483.165048543689,5643.52427184466,5803.194174757282,5964.543689320389,6128.233009708738,6293.184466019417,6497.019607843137,6707.138613861386,6928.94,7108.79,7290.93,7471.33,7648.21,7824.44,7996.89,8122.222222222223,8294.979797979799,8511.19,8675.59,8836.27,8990.49,9139.33,9283.86,9425.86,9569.73,9708.51,9845.25,11042.39393939394,11907.171717171717,12585.505050505051,13097.252525252525,13516.222222222223,13853.61616161616,14109.222222222223,14336.484848484848,14495.444444444445,14635.323232323231,14654.04,14727.98,14720.574257425742,14771.653465346535,14825.049504950495,14875.584158415842,14908.633663366336,14964.950495049505,15001.0,15052.227722772277,15107.81188118812,15146.326732673268,15217.49504950495,15167.78431372549,15328.970297029702,15300.313725490196,15355.970588235294,16164.42718446602,16919.300970873788,17469.679611650485,17912.64077669903,18184.884615384617,18555.778846153848,18896.91346153846,19192.10576923077,19447.71153846154,19651.26923076923,19828.615384615383,19819.057142857142,19945.390476190478,20055.8,20152.628571428573,20251.019047619047,20340.180952380953,20422.495238095238,20519.52380952381,20608.380952380954,20699.409523809525,20785.733333333334,20886.07619047619,20982.14285714286,21082.190476190477,21182.342857142856,21291.238095238095,21978.764150943396,22696.622641509435,23198.037735849055,23510.009433962263,23704.216981132075,23808.48113207547,23872.037735849055,23898.584905660377,23903.905660377357,23901.650943396227,23892.311320754718,23881.51886792453,23876.537735849055,23858.745283018867,23851.83962264151,23844.35849056604,23835.35849056604,23829.17924528302,23822.61320754717,23819.38679245283,23816.311320754718,23805.48113207547,23801.77358490566,23800.0,23794.30188679245,23792.896226415094,23789.575471698114,23739.867924528302,23670.962264150945,23547.867924528302,23584.70754716981,23536.06603773585,23475.04716981132,23418.415094339623,,,,,,,,,,,,,,,,,,,,,,,,,,,,,,,,,,,,,,,,,,,,,,,
1257,CK1,3232.712962962963,3344.046296296296,3432.675925925926,3525.074074074074,3610.9074074074074,3694.6574074074074,3777.703703703704,3859.6111111111113,3940.6203703703704,4023.1203703703704,4109.7037037037035,4199.5,4291.7962962962965,4318.102803738318,4405.878504672897,4493.7009345794395,4581.644859813084,4667.401869158878,4756.6355140186915,4846.383177570094,4936.897196261682,5025.308411214954,5111.85046728972,5195.018691588785,5275.22429906542,5356.719626168225,5438.878504672897,5519.280373831775,5602.411214953271,5683.439252336449,6391.6355140186915,6980.794392523365,7597.351851851852,7994.055555555556,8333.416666666666,8613.231481481482,8829.694444444445,9027.138888888889,9167.972222222223,9293.324074074075,9390.981481481482,9459.027777777777,9533.666666666666,9572.324074074075,9623.824074074075,9659.75925925926,9685.351851851852,9725.287037037036,9746.268518518518,9783.712962962964,9816.564814814816,9840.99074074074,9887.75,9913.435185185184,9959.212962962964,10001.444444444445,10037.657407407407,10679.925925925925,11290.527777777777,11766.824074074075,12143.87037037037,12482.175925925925,12798.12962962963,13100.601851851852,13382.324074074075,13631.527777777777,13843.935185185184,14033.861111111111,14199.555555555555,14344.222222222223,14471.601851851852,14585.092592592593,14690.768518518518,14785.00925925926,14878.731481481482,14964.805555555555,15057.888888888889,15142.75925925926,15227.796296296296,15318.462962962964,15398.601851851852,15488.101851851852,15566.24074074074,15651.342592592593,16294.092592592593,16773.796296296296,17081.65740740741,17273.62962962963,17383.453703703704,17454.027777777777,17484.64814814815,17508.175925925927,17508.537037037036,17512.666666666668,17515.074074074073,17510.953703703704,17504.39814814815,17505.12962962963,17495.25925925926,17496.944444444445,17491.027777777777,17486.98148148148,17494.5,17491.75925925926,17489.09259259259,17492.814814814814,17485.416666666668,17482.87037037037,17484.287037037036,17480.60185185185,17481.666666666668,17463.84259259259,17437.64814814815,17407.314814814814,17370.666666666668,17323.064814814814,17278.10185185185,17237.86111111111,,,,,,,,,,,,,,,,,,,,,,,,,,,,,,,,,,,,,,,,,,,,,,,
1257,D1,2785.8333333333335,2885.0833333333335,2965.046296296296,3041.685185185185,3116.203703703704,3187.0555555555557,3258.240740740741,3332.703703703704,3406.787037037037,3481.259259259259,3561.6481481481483,3642.574074074074,3728.6111111111113,3815.222222222222,3897.722222222222,3985.490740740741,4068.759259259259,4157.111111111111,4242.962962962963,4332.898148148148,4419.481481481482,4505.87962962963,4589.592592592592,4672.722222222223,4753.12962962963,4834.37962962963,4914.611111111111,4998.027777777777,5077.027777777777,5153.064814814815,5843.87962962963,6414.861111111111,6877.648148148148,7249.027777777777,7564.87962962963,7817.157407407408,8031.9537037037035,8212.462962962964,8351.638888888889,8479.194444444445,8575.49074074074,8660.462962962964,8733.268518518518,8789.833333333334,8846.49074074074,8886.203703703704,8927.157407407407,8966.731481481482,8998.768518518518,9041.833333333334,9072.768518518518,9112.518518518518,9153.111111111111,9185.953703703704,9231.083333333334,9265.333333333334,9311.805555555555,9912.50925925926,10506.537037037036,10991.962962962964,11378.361111111111,11698.342592592593,11979.99074074074,12222.435185185184,12430.268518518518,12611.388888888889,12764.814814814816,12885.851851851852,12993.342592592593,13077.111111111111,13147.99074074074,13202.287037037036,13255.916666666666,13304.703703703704,13348.638888888889,13384.453703703704,13424.953703703704,13459.37037037037,13495.037037037036,13529.925925925925,13566.435185185184,13599.768518518518,13634.87037037037,13673.731481481482,13984.25,14303.731481481482,14582.648148148148,14808.314814814816,14981.111111111111,15123.435185185184,15221.75,15294.657407407407,15347.712962962964,15380.037037037036,15403.694444444445,15420.24074074074,15430.018518518518,15438.611111111111,15437.037037037036,15439.703703703704,15434.888888888889,15427.62962962963,15429.472222222223,15425.222222222223,15423.842592592593,15421.527777777777,15413.537037037036,15415.555555555555,15410.898148148148,15401.75,15403.925925925925,15356.324074074075,15313.425925925925,15276.018518518518,15226.703703703704,15186.703703703704,15153.722222222223,15120.916666666666,,,,,,,,,,,,,,,,,,,,,,,,,,,,,,,,,,,,,,,,,,,,,,,
1257,RD2,3521.3055555555557,3670.3611111111113,3792.8796296296296,3921.0833333333335,4043.6388888888887,4165.898148148148,4283.462962962963,4411.657407407408,4541.055555555556,4671.768518518518,4808.787037037037,4944.601851851852,5083.972222222223,5220.2037037037035,5357.62962962963,5491.62962962963,5630.4537037037035,5767.194444444444,5902.333333333333,6038.611111111111,6168.12037037037,6293.083333333333,6415.175925925926,6536.712962962963,6652.333333333333,6770.972222222223,6884.7962962962965,6998.12962962963,7102.861111111111,7205.064814814815,8087.611111111111,8772.138888888889,9279.074074074075,9672.75925925926,9994.851851851852,10232.388888888889,10437.398148148148,10587.12962962963,10706.722222222223,10809.074074074075,10875.49074074074,10940.074074074075,10980.435185185184,11019.296296296296,11058.268518518518,11076.453703703704,11113.296296296296,11137.814814814816,11168.092592592593,11204.546296296296,11230.74074074074,11274.99074074074,11307.166666666666,11350.416666666666,11398.231481481482,11437.185185185184,11493.601851851852,12165.111111111111,12760.111111111111,13192.25,13537.962962962964,13846.064814814816,14126.99074074074,14384.231481481482,14613.546296296296,14801.916666666666,14959.453703703704,15087.416666666666,15193.074074074075,15282.064814814816,15353.787037037036,15419.731481481482,15478.194444444445,15528.064814814816,15574.25,15620.99074074074,15671.944444444445,15716.092592592593,15753.268518518518,15804.416666666666,15852.777777777777,15898.518518518518,15946.481481481482,15993.592592592593,16424.972222222223,16852.287037037036,17207.00925925926,17467.51851851852,17655.046296296296,17774.75925925926,17849.546296296296,17894.222222222223,17916.12037037037,17924.35185185185,17920.26851851852,17916.046296296296,17907.11111111111,17904.972222222223,17893.953703703704,17889.09259259259,17881.175925925927,17882.00925925926,17876.87962962963,17866.583333333332,17861.064814814814,17857.64814814815,17857.935185185186,17858.23148148148,17845.87962962963,17851.074074074073,17846.777777777777,17809.027777777777,17738.75,17701.75925925926,17672.796296296296,17634.314814814814,17593.84259259259,17543.962962962964,,,,,,,,,,,,,,,,,,,,,,,,,,,,,,,,,,,,,,,,,,,,,,,
1274,CK1,3979.408163265306,4109.418367346939,4213.510204081633,4353.938144329897,4488.385416666667,4584.3125,4681.90625,4779.416666666667,4878.9375,4981.697916666667,5057.305263157895,5166.2,5278.7052631578945,5390.4315789473685,5503.968421052631,5577.708333333333,5733.789473684211,5851.58947368421,5974.557894736842,6094.652631578947,6213.1894736842105,6331.368421052632,6447.252631578947,6565.0,6677.042105263158,6791.263157894737,6908.115789473684,7021.652631578947,7132.778947368421,7242.031578947369,8233.78947368421,9069.031578947368,9801.604166666666,10423.052631578947,10891.168421052631,11264.578947368422,11579.77894736842,11840.631578947368,12045.957894736843,12225.684210526315,12275.989583333334,12389.15625,12480.697916666666,12548.125,12617.385416666666,12662.28125,12711.40625,12757.0,12790.697916666666,12838.635416666666,12873.302083333334,12919.979166666666,12966.364583333334,13005.416666666666,13064.322916666666,13110.75,13170.625,14012.041666666666,14897.125,15639.15625,16115.98969072165,16728.739583333332,17173.21875,17566.9375,17912.364583333332,18201.770833333332,18456.364583333332,18664.78125,18706.77319587629,18969.6875,18964.24742268041,19078.536082474227,19290.1875,19242.18556701031,19309.082474226805,19367.0206185567,19433.268041237112,19492.443298969072,19540.082474226805,19582.835051546394,19638.618556701033,19681.123711340206,19736.21649484536,19783.80412371134,20013.61224489796,20352.29591836735,20646.438775510203,20907.867346938776,21270.072164948455,21456.546391752578,21599.79381443299,21730.20618556701,21823.96907216495,21907.092783505155,22109.510416666668,22160.729166666668,22188.489583333332,22209.635416666668,22219.1875,22226.885416666668,22233.84375,22232.947916666668,22238.614583333332,22226.6875,22234.520833333332,22225.541666666668,22226.375,22217.927083333332,22217.208333333332,22203.354166666668,22201.666666666668,22163.927083333332,22116.71875,22062.822916666668,22010.375,21955.458333333332,21899.78125,21850.9375,,,,,,,,,,,,,,,,,,,,,,,,,,,,,,,,,,,,,,,,,,,,,,,
1274,D1,3473.277777777778,3550.233644859813,3699.259259259259,3750.8317757009345,3849.5981308411215,3941.7570093457944,4035.7476635514017,4128.009345794392,4225.719626168225,4270.698113207547,4372.594339622641,4480.075471698113,4586.896226415094,4692.669811320755,4799.009433962264,4906.056603773585,5013.462264150943,5121.1509433962265,5233.575471698113,5344.11320754717,5452.556603773585,5488.666666666667,5590.933333333333,5688.8,5787.914285714286,5884.104761904762,5985.333333333333,6083.8761904761905,6178.247619047619,6271.942857142857,7166.424528301887,7825.330188679245,8449.140186915887,8855.29906542056,9322.037037037036,9592.453703703704,9824.703703703704,10016.185185185184,10158.925925925925,10298.24074074074,10390.972222222223,10476.435185185184,10549.861111111111,10591.24074074074,10650.796296296296,10680.083333333334,10716.796296296296,10748.472222222223,10764.87962962963,10802.407407407407,10819.62962962963,10849.796296296296,10877.074074074075,10895.685185185184,10937.12962962963,10956.064814814816,10995.055555555555,11475.212962962964,11991.287037037036,12421.888888888889,12762.851851851852,13048.194444444445,13298.944444444445,13514.537037037036,13703.814814814816,13871.925925925925,14008.546296296296,14119.018518518518,14213.25,14295.833333333334,14363.74074074074,14424.296296296296,14480.212962962964,14535.398148148148,14583.0,14630.546296296296,14678.75925925926,14732.361111111111,14781.564814814816,14835.851851851852,14888.49074074074,14939.611111111111,14999.99074074074,15053.268518518518,15540.435185185184,15962.916666666666,16271.787037037036,16492.722222222223,16625.48148148148,16719.23148148148,16780.833333333332,16821.962962962964,16844.083333333332,16853.61111111111,16860.712962962964,16859.064814814814,16853.49074074074,16855.38888888889,16857.0,16850.916666666668,16850.36111111111,16855.38888888889,16847.833333333332,16847.62037037037,16848.435185185186,16847.86111111111,16845.814814814814,16845.84259259259,16839.935185185186,16842.13888888889,16838.37037037037,16749.61111111111,16589.73148148148,16498.833333333332,16459.11111111111,16417.212962962964,16377.203703703704,16340.981481481482,,,,,,,,,,,,,,,,,,,,,,,,,,,,,,,,,,,,,,,,,,,,,,,
1274,RD2,3186.25,3337.759259259259,3464.8333333333335,3594.8703703703704,3725.796296296296,3854.25,3982.287037037037,4118.601851851852,4258.490740740741,4406.333333333333,4555.490740740741,4707.9537037037035,4859.481481481482,5012.055555555556,5163.12962962963,5312.148148148148,5463.851851851852,5614.314814814815,5762.861111111111,5904.638888888889,6043.62037037037,6176.583333333333,6304.657407407408,6428.601851851852,6551.888888888889,6673.583333333333,6792.981481481482,6903.87037037037,7010.0,7109.722222222223,7939.814814814815,8526.537037037036,8920.296296296296,9212.388888888889,9433.574074074075,9587.287037037036,9717.25925925926,9798.981481481482,9868.222222222223,9913.25925925926,9936.731481481482,9964.064814814816,9967.24074074074,9979.518518518518,9983.583333333334,9981.25925925926,9992.481481481482,9986.5,10000.796296296296,10004.907407407407,10013.583333333334,10034.981481481482,10041.722222222223,10071.083333333334,10085.583333333334,10109.833333333334,10138.638888888889,10561.425925925925,10968.99074074074,11283.574074074075,11531.407407407407,11746.666666666666,11940.49074074074,12107.962962962964,12255.462962962964,12376.00925925926,12473.101851851852,12549.222222222223,12615.398148148148,12664.435185185184,12700.148148148148,12735.962962962964,12760.962962962964,12784.851851851852,12805.5,12829.111111111111,12853.99074074074,12868.324074074075,12892.351851851852,12909.638888888889,12934.453703703704,12958.75925925926,12988.768518518518,13008.972222222223,13251.944444444445,13511.888888888889,13738.453703703704,13926.472222222223,14058.296296296296,14156.768518518518,14223.685185185184,14264.87962962963,14285.537037037036,14294.212962962964,14296.694444444445,14293.546296296296,14292.342592592593,14284.888888888889,14272.694444444445,14267.416666666666,14267.055555555555,14261.351851851852,14254.75925925926,14248.305555555555,14240.851851851852,14234.916666666666,14234.898148148148,14229.287037037036,14221.037037037036,14215.49074074074,14218.212962962964,14170.925925925925,14128.074074074075,14093.851851851852,14058.787037037036,14010.787037037036,13981.203703703704,13886.898148148148,,,,,,,,,,,,,,,,,,,,,,,,,,,,,,,,,,,,,,,,,,,,,,,
