Variety,Treatment,Replicate,Fv/Fm,PIabs,Vj,Vi,TRo/RC,ETo/RC,ABS/RC,DIo/RC
12,CK1,1,0.8302499999999998,3.3268055555555556,0.45111875,0.8592882352941177,1.231286111111111,0.6608083333333333,1.4831750000000001,0.2518944444444444
12,CK1,2,0.8328888888888888,3.54999375,0.4483764705882353,0.8476771428571429,1.2000805555555554,0.6583833333333333,1.4406416666666666,0.23689117647058822
12,CK1,3,0.8341176470588235,3.4495857142857145,0.4592735294117647,0.8532735294117648,1.1814972222222222,0.6278828571428571,1.417563888888889,0.2360638888888889
12,D1,1,0.8178749999999999,1.6521000000000001,0.5635166666666667,0.8774514285714285,1.5399750000000003,0.6528852941176472,1.9008416666666663,0.3385470588235294
12,D1,2,0.8147058823529412,1.8216527777777776,0.5547,0.8743833333333334,1.5089685714285714,0.6591944444444445,1.855662857142857,0.33927647058823535
12,D1,3,0.8184827586206895,1.4263805555555558,0.5764529411764706,0.8987805555555557,1.7964416666666665,0.6965142857142858,2.0931878787878793,0.36935806451612907
12,RD2,1,0.7782222222222223,0.9562333333333335,0.618790322580645,0.819844827586207,2.0870193548387097,0.7288548387096773,2.8684096774193546,0.6927379310344827
12,RD2,2,0.7528214285714288,0.7050322580645162,0.657441935483871,0.8204586206896554,2.275454838709677,0.7227225806451613,3.3118999999999996,0.7387481481481483
12,RD2,3,0.7832307692307692,0.63810625,0.677925,0.8208031250000001,2.2618687499999997,0.6761375000000001,2.8814571428571427,0.5905
73,CK1,1,0.8291944444444443,3.5402875,0.44070937499999996,0.8341542857142857,1.2198147058823527,0.6800972222222222,1.4551969696969695,0.24455312499999998
73,CK1,2,0.8319166666666665,3.1535823529411764,0.4572823529411765,0.8248114285714286,1.25226875,0.6938342857142858,1.494516129032258,0.25029677419354845
73,CK1,3,0.8262777777777779,2.3728750000000005,0.4999166666666667,0.8535972222222223,1.4334694444444445,0.7144777777777778,1.7350527777777776,0.2960441176470589
73,D1,1,0.818774193548387,1.9925916666666668,0.5207774193548387,0.8527888888888889,1.4256527777777777,0.64671875,1.7149617647058824,0.30828124999999995
73,D1,2,0.8138275862068967,1.724357575757576,0.5307969696969698,0.8623085714285713,1.4742878787878788,0.6838606060606061,1.799529411764706,0.3368333333333333
73,D1,3,0.81184375,1.6052285714285712,0.53613125,0.8731545454545454,1.4971741935483873,0.7209515151515152,1.877609375,0.35987575757575757
73,RD2,1,0.78403125,0.7910484848484849,0.634265625,0.8509454545454546,2.1188939393939394,0.7397499999999999,2.7416242424242423,0.597675
73,RD2,2,0.775107142857143,0.7056272727272728,0.6328333333333332,0.8472333333333334,2.341345454545454,0.81329,3.288875757575758,0.7377793103448276
73,RD2,3,0.7965151515151516,0.87132,0.6098457142857142,0.8589057142857144,2.160625714285714,0.8248352941176471,2.7501828571428573,0.5494333333333333
1099,CK1,1,0.8231612903225806,2.7723999999999993,0.4766533333333333,0.8851617647058824,1.3196117647058825,0.6610363636363638,1.5756718750000003,0.27548387096774196
1099,CK1,2,0.8252333333333334,2.7323387096774194,0.47977000000000003,0.8817363636363637,1.2842470588235295,0.6568499999999999,1.5414484848484848,0.27250625
1099,CK1,3,0.8286111111111112,3.934861111111112,0.43588823529411763,0.8837485714285714,1.1043527777777777,0.6159833333333332,1.3326000000000002,0.22826388888888882
1099,D1,1,0.7999444444444445,1.8093916666666665,0.5194416666666667,0.8709166666666666,1.5301055555555558,0.7205527777777777,1.9178916666666668,0.3878
1099,D1,2,0.7885312499999999,1.6849694444444445,0.5576111111111111,0.8823757575757575,1.6473027777777778,0.6809406250000001,1.949484375,0.427971875
1099,D1,3,0.7904848484848486,1.5318722222222219,0.5349441176470587,0.881929411764706,1.5471942857142855,0.6881400000000001,1.9499294117647055,0.4085939393939394
1099,RD2,1,0.8033214285714286,1.063432258064516,0.573696551724138,0.8272107142857142,1.878925806451613,0.7506264705882353,2.307693103448276,0.44979642857142854
1099,RD2,2,0.7968214285714286,0.800675,0.6054370370370371,0.8545166666666668,1.7774280000000002,0.6819028571428571,2.237284,0.45479615384615385
1099,RD2,3,0.7988181818181819,1.0165970588235296,0.6056694444444443,0.8679057142857143,1.72754375,0.6887685714285714,2.142264516129033,0.42668125
1110,CK1,1,0.8296774193548386,3.634065714285714,0.43932424242424245,0.807142857142857,1.1930166666666666,0.6522371428571428,1.4193911764705884,0.24348823529411767
1110,CK1,2,0.8301428571428572,3.948242857142857,0.44080588235294116,0.8016342857142859,1.0978352941176472,0.6146400000000001,1.3224205882352942,0.2264314285714286
1110,CK1,3,0.823861111111111,2.8661742857142856,0.4733,0.8229600000000001,1.2363342857142858,0.6400314285714286,1.5017628571428572,0.2547625
1110,D1,1,0.8156764705882353,2.611658333333333,0.4739575757575758,0.8217166666666667,1.2740176470588238,0.6641090909090909,1.5626117647058821,0.28859705882352943
1110,D1,2,0.8188888888888887,2.624523529411764,0.4746999999999999,0.8328393939393939,1.3191472222222222,0.6974444444444444,1.6099388888888886,0.29078333333333334
1110,D1,3,0.8139714285714285,2.010297142857143,0.5088942857142856,0.8417833333333333,1.4247000000000003,0.69195,1.7523666666666664,0.32766388888888887
1110,RD2,1,0.812709677419355,1.5443555555555557,0.54415625,0.8653029411764707,1.561209375,0.67943125,1.889612903225806,0.35408709677419353
1110,RD2,2,0.7935,0.8720333333333334,0.6379777777777779,0.87258,2.089131428571428,0.6666703703703704,2.579262068965517,0.522425
1110,RD2,3,0.8029655172413792,1.0453249999999998,0.6392444444444444,0.8771030303030303,1.765960606060606,0.6773620689655173,2.101663333333333,0.40628965517241383
1210,CK1,1,0.81734375,1.8841264705882352,0.51616875,0.8698000000000001,1.4851266666666667,0.71685,1.8166266666666668,0.33183124999999997
1210,CK1,2,0.8189687499999999,1.7791114285714287,0.5393885714285714,0.8700542857142859,1.5301114285714286,0.695811111111111,1.87582,0.34571142857142856
1210,CK1,3,0.8123611111111112,1.5076138888888893,0.5670194444444445,0.87595,1.6225371428571427,0.6946166666666667,1.9980000000000002,0.3700117647058824
1210,D1,1,0.7720857142857143,0.7848722222222222,0.6857027777777778,0.8614611111111112,2.155575,0.6182722222222222,2.8857472222222222,0.6789771428571428
1210,D1,2,0.8109393939393941,1.5209666666666666,0.5596583333333334,0.8632166666666666,1.6449085714285716,0.7166176470588234,2.0333514285714287,0.3884514285714286
1210,D1,3,0.81496875,1.366097142857143,0.5677861111111112,0.8650583333333333,1.7952285714285714,0.7632088235294118,2.1744882352941177,0.38889687500000003
1210,RD2,1,0.8069032258064517,1.0827542857142858,0.5773151515151516,0.8599571428571428,1.8715903225806452,0.7533457142857144,2.25042,0.42873870967741934
1210,RD2,2,0.8091142857142858,1.3716611111111114,0.5685611111111111,0.8636055555555555,1.6692388888888887,0.7012827586206897,2.0651944444444443,0.3916257142857143
1210,RD2,3,0.79609375,1.0314222222222222,0.6232527777777777,0.8607441176470589,1.946236111111111,0.7230393939393939,2.4444848484848487,0.50255625
1214,CK1,1,0.8278000000000002,3.112475757575758,0.4690529411764706,0.8870906250000001,1.18081875,0.6245242424242424,1.4224181818181818,0.24611764705882355
1214,CK1,2,0.8253030303030303,3.6275882352941173,0.4536121212121212,0.8684558823529411,1.0807242424242425,0.5883090909090909,1.3141181818181817,0.22909687499999998
1214,CK1,3,0.8286486486486485,3.5159081081081083,0.45086315789473685,0.8803783783783783,1.1707638888888887,0.6433142857142858,1.4152222222222222,0.2442368421052631
1214,D1,1,0.8185,2.933391428571429,0.47609999999999997,0.868425,1.2022117647058823,0.6330545454545454,1.4696058823529412,0.2673941176470588
1214,D1,2,0.8246285714285714,3.619897142857143,0.43959444444444445,0.8757696969696969,1.183914285714286,0.6507066666666665,1.4392514285714284,0.24902571428571427
1214,D1,3,0.8090571428571428,2.024190625,0.5175806451612905,0.9014742857142856,1.3040764705882353,0.6111558823529412,1.6036114285714285,0.30385588235294114
1214,RD2,1,0.7970967741935483,1.4974888888888889,0.5506444444444445,0.8300542857142859,1.8283514285714284,0.7849228571428571,2.1591129032258065,0.4470774193548387
1214,RD2,2,0.8113333333333335,1.6103972222222223,0.5324200000000001,0.8302638888888889,1.7606457142857141,0.7920599999999999,2.121342424242424,0.40098750000000005
1214,RD2,3,0.8097272727272726,1.932997222222222,0.5020676470588237,0.8354472222222223,1.5977027777777777,0.7590944444444445,1.9850861111111113,0.37836285714285717
1218,CK1,1,0.8307777777777778,3.908490909090909,0.4305342857142857,0.8112257142857144,1.1383777777777777,0.6465277777777777,1.3709472222222223,0.23257222222222224
1218,CK1,2,0.8283055555555555,3.1747970588235295,0.4594361111111111,0.8368031250000001,1.2518555555555557,0.6673057142857144,1.5132416666666668,0.2613888888888889
1218,CK1,3,0.8253611111111111,2.7926685714285715,0.475275,0.8544200000000001,1.2968333333333333,0.678961111111111,1.571463888888889,0.2779617647058824
1218,D1,1,0.8062857142857143,2.377374285714285,0.48945555555555553,0.8536944444444444,1.4071666666666665,0.6927777777777777,1.7492222222222218,0.34204722222222217
1218,D1,2,0.8123428571428573,2.8929171428571423,0.46998888888888884,0.8393638888888888,1.3247166666666668,0.6876799999999998,1.6358388888888888,0.311125
1218,D1,3,0.7990882352941178,1.91325,0.5183666666666666,0.8491857142857142,1.5518555555555555,0.7198583333333333,1.9685444444444447,0.3831323529411765
1218,RD2,1,0.8115000000000002,1.2435771428571427,0.5662935483870968,0.8467114285714286,1.5287388888888886,0.6125257142857141,1.9270612903225808,0.3494142857142856
1218,RD2,2,0.8130714285714287,1.2294028571428572,0.5895742857142857,0.8532555555555555,1.6413068965517241,0.7148166666666667,1.9689071428571427,0.3687892857142857
1218,RD2,3,0.8042999999999999,1.5324611111111115,0.5751333333333334,0.85112,1.8011444444444444,0.7148676470588236,2.3428416666666667,0.5005914285714285
1219,CK1,1,0.8193939393939392,2.4580857142857147,0.46686969696969693,0.8206199999999999,1.4085694444444445,0.7193314285714285,1.728472222222222,0.31401428571428575
1219,CK1,2,0.8145555555555555,2.9795999999999996,0.4597285714285714,0.8265942857142857,1.2449057142857143,0.6607228571428573,1.5191999999999999,0.2831972222222222
1219,CK1,3,0.8134,2.5829057142857144,0.47478,0.8435138888888889,1.3193,0.6713714285714287,1.6253147058823527,0.29907941176470587
1219,D1,1,0.8085142857142856,2.4670542857142856,0.4735424242424242,0.8081354838709678,1.2783999999999998,0.664478125,1.56973,0.29950882352941177
1219,D1,2,0.8168611111111111,2.7199147058823527,0.46987499999999993,0.8061612903225808,1.2859800000000001,0.6707114285714286,1.5610722222222222,0.28692222222222225
1219,D1,3,0.8063428571428571,1.809461111111111,0.5294657142857143,0.8433,1.3771413793103449,0.6906764705882352,1.7419000000000004,0.34992647058823534
1219,RD2,1,0.7884705882352941,1.2093555555555553,0.5541472222222222,0.8355294117647059,1.8703527777777782,0.8088138888888889,2.392752777777778,0.5006088235294118
1219,RD2,2,0.8017500000000001,1.9575888888888893,0.48063999999999996,0.81515,1.5154074074074073,0.7802676470588236,1.87115,0.3664103448275862
1219,RD2,3,0.788625,1.1823114285714282,0.5476083333333333,0.8438228571428571,1.959836111111111,0.8638382352941177,2.536030555555555,0.5587228571428571
1228,CK1,1,0.8296388888888887,3.2542250000000004,0.44520000000000004,0.85805,1.3105914285714289,0.7287472222222222,1.5867666666666664,0.2706805555555556
1228,CK1,2,0.8315294117647057,3.462922222222222,0.43945,0.8495194444444444,1.2651111111111113,0.7084944444444444,1.5225972222222222,0.252046875
1228,CK1,3,0.8273611111111111,3.5074222222222224,0.43390606060606063,0.8623861111111111,1.242986111111111,0.7001055555555555,1.502736111111111,0.2597583333333333
1228,D1,1,0.7814545454545455,1.1636542857142858,0.5898028571428572,0.8809571428571429,1.7690305555555554,0.6894314285714286,2.180748484848485,0.49248181818181824
1228,D1,2,0.8116764705882353,2.3381970588235292,0.4895483870967741,0.8594027777777777,1.3376314285714284,0.6514171428571429,1.6191090909090908,0.30348484848484847
1228,D1,3,0.8058484848484848,2.1935916666666664,0.5381833333333332,0.8630942857142857,1.451685294117647,0.6621628571428572,1.7017096774193547,0.34821250000000004
1228,RD2,1,0.6773714285714285,0.6410694444444444,0.6609722222222223,0.8700096774193546,2.0265083333333336,0.6550638888888887,3.05015625,1.0262687499999998
1228,RD2,2,0.7565333333333335,0.3989666666666667,0.743886111111111,0.8743472222222222,2.3732333333333333,0.5628555555555557,3.347914705882353,0.7652166666666668
1228,RD2,3,0.74984375,0.5970444444444444,0.6571416666666666,0.8632696969696969,2.0450233333333334,0.687009375,2.6742827586206896,0.6336551724137931
1235,CK1,1,0.8293529411764706,5.422205714285714,0.3844828571428572,0.8420852941176471,1.003476470588235,0.6111484848484848,1.2109764705882353,0.20466111111111113
1235,CK1,2,0.8271142857142856,4.384041176470589,0.4203484848484848,0.8485857142857144,1.0515583333333334,0.6077805555555557,1.2725916666666666,0.22103888888888887
1235,CK1,3,0.824,3.4643057142857145,0.45167941176470583,0.8629687500000001,1.1560171428571429,0.6288857142857144,1.402365714285714,0.2446972222222222
1235,D1,1,0.7675172413793104,1.448325,0.6058305555555555,0.8575470588235296,1.8915499999999998,0.6882454545454545,2.4062827586206894,0.5453535714285713
1235,D1,2,0.8131249999999999,1.8154441176470588,0.5277428571428572,0.8815875,1.3426225806451615,0.6062454545454545,1.627069696969697,0.3022125
1235,D1,3,0.81828125,2.4370114285714286,0.49559696969696976,0.8671205882352941,1.2699866666666666,0.6586848484848484,1.5414551724137933,0.27846000000000004
1235,RD2,1,0.8041724137931034,1.3098888888888889,0.5848583333333334,0.8423542857142857,1.8624749999999999,0.7241194444444445,2.229477419354839,0.41205517241379314
1235,RD2,2,0.7690689655172416,1.1242685714285714,0.5556714285714286,0.8438657142857143,1.6071555555555554,0.6913314285714286,2.0808942857142863,0.4715575757575758
1235,RD2,3,0.767625,1.3051257142857142,0.5600416666666665,0.8451,1.7582571428571427,0.730160606060606,2.372548484848485,0.5362935483870968
1252,CK1,1,0.8260833333333335,5.202111428571428,0.3758055555555556,0.8125942857142857,1.0627277777777777,0.6601833333333333,1.286575,0.22385
1252,CK1,2,0.8332727272727273,4.597642857142858,0.4027742857142857,0.8576771428571428,1.1146361111111112,0.6667666666666668,1.339363888888889,0.22471944444444444
1252,CK1,3,0.8319411764705882,4.454475,0.40225588235294113,0.8529483870967741,1.115353125,0.6727676470588236,1.3397281250000002,0.2286058823529412
1252,D1,1,0.8108823529411766,2.950702857142857,0.471538888888889,0.8597029411764705,1.13506875,0.6060516129032257,1.3895129032258062,0.26628888888888885
1252,D1,2,0.8171290322580645,4.221682857142857,0.4116090909090909,0.8377942857142858,1.0512441176470586,0.6091857142857143,1.282479411764706,0.23124705882352942
1252,D1,3,0.8156176470588236,3.899348571428571,0.41723235294117644,0.8307588235294118,1.1016529411764704,0.6344583333333333,1.3493029411764708,0.24498333333333328
1252,RD2,1,0.7976470588235295,1.6342972222222225,0.5286138888888889,0.8512971428571429,1.6567416666666666,0.7573444444444444,2.107208333333334,0.4167
1252,RD2,2,0.8068529411764707,1.7780555555555553,0.5076055555555556,0.8492228571428573,1.5932205882352943,0.7831264705882353,1.9769,0.37710000000000005
1252,RD2,3,0.8092424242424242,1.7586388888888889,0.5139944444444444,0.8623612903225806,1.7189805555555555,0.8063882352941176,2.151680555555556,0.4191828571428572
1257,CK1,1,0.8252424242424241,3.2610470588235296,0.43205757575757575,0.8707322580645163,1.2199323529411765,0.6736558823529412,1.4634969696969697,0.2557878787878788
1257,CK1,2,0.8219714285714286,3.692254285714286,0.4235285714285715,0.8647147058823529,1.1800914285714286,0.6742,1.4359514285714285,0.2558485714285714
1257,CK1,3,0.8234193548387095,3.740996774193549,0.41996774193548386,0.8702028571428572,1.184996875,0.6882457142857142,1.440978125,0.2523806451612904
1257,D1,1,0.8238571428571427,2.90494,0.47488484848484847,0.8610972222222224,1.2449823529411765,0.6358657142857143,1.511114705882353,0.26066764705882356
1257,D1,2,0.8237575757575758,2.269057142857143,0.50099375,0.8623142857142857,1.295121875,0.6369441176470589,1.5716656249999998,0.2791032258064516
1257,D1,3,0.8261000000000001,2.60926875,0.4841896551724138,0.8666971428571428,1.2718586206896556,0.6467400000000001,1.5395655172413796,0.2677103448275862
1257,RD2,1,0.8184137931034482,1.897937142857143,0.5379583333333332,0.8625205882352942,1.4904242424242424,0.6982194444444444,1.7965843750000001,0.332825
1257,RD2,2,0.8162727272727271,1.5208972222222223,0.5536,0.8738194444444445,1.768258333333333,0.7719,2.1747277777777776,0.39895428571428576
1257,RD2,3,0.8166428571428571,1.6533314285714282,0.49374999999999997,0.853977777777778,1.513378125,0.7389294117647058,1.8145535714285714,0.3360857142857143
1274,CK1,1,0.8202121212121212,2.9596272727272726,0.466871875,0.867148275862069,1.2267529411764706,0.6481935483870969,1.4692757575757576,0.26386666666666664
1274,CK1,2,0.8216944444444443,2.846842857142858,0.47850277777777783,0.8754861111111111,1.2276333333333336,0.6403971428571429,1.4945444444444445,0.2669194444444444
1274,CK1,3,0.8259722222222222,2.8531057142857144,0.47380555555555554,0.871077142857143,1.2791055555555557,0.6677999999999998,1.5483166666666666,0.2692083333333334
1274,D1,1,0.8132666666666668,2.555631034482759,0.47952333333333336,0.864578787878788,1.2940305555555556,0.641239393939394,1.5349906249999998,0.2869967741935484
1274,D1,2,0.80658064516129,2.0329823529411764,0.4948172413793102,0.8717484848484849,1.316793548387097,0.639234375,1.6393870967741937,0.3079551724137931
1274,D1,3,0.8160000000000001,2.496783333333333,0.49558333333333326,0.8544588235294117,1.281340625,0.627053125,1.5403799999999999,0.2799551724137931
1274,RD2,1,0.79590625,0.8034500000000001,0.6275757575757575,0.8826742857142857,1.9789030303030302,0.7158,2.4689685714285714,0.5174029411764706
1274,RD2,2,0.797258064516129,0.8330583333333332,0.6166909090909092,0.8884531250000001,1.9084636363636363,0.7109861111111111,2.36995,0.484884375
1274,RD2,3,0.7635151515151515,0.6185055555555556,0.6665194444444444,0.8709285714285714,2.2140555555555554,0.7228000000000001,3.082648571428571,0.7407575757575757
