Sample_ID,Treatment,Variety,Sample,R460,R520,R580,R660,R710,R730,R760,R780,R810,R850,R900,D_conv,D_stress,D_recovery,Category,Rank,BF(F440),GF(F520),RF(F690),FrF(f740),OJIP_ABS_RC,OJIP_DIo_RC,OJIP_ETo_RC,OJIP_Fm,OJIP_Fo,OJIP_Fv,OJIP_FvFm,OJIP_N,OJIP_PIabs,OJIP_Sm,OJIP_TRo_RC,OJIP_Vi,OJIP_Vj,OJIP_phiEo,OJIP_phiPo,OJIP_psiEo
CK1_12_1,CK1,12,1,0.04310355067044,0.1864005714040013,0.1971068559192101,0.1534773122462888,0.085850579546513,0.1701317857820097,0.318089231281054,0.3800667292114657,0.3566121679905334,0.3784086828821867,0.3260408214235703,0.2649762862421151,0.2427274916209154,0.2872250808633149,Sensitive,9,0.0598354035989228,0.0964672086980803,0.0708632837555938,0.2419082693668134,1.4824243243243242,0.251581081081081,0.6608405405405405,25418.783783783783,4312.702702702703,21106.08108108108,0.8303783783783782,15.124040540540545,3.330548648648649,12.32218918918919,1.230845945945946,0.8589243243243242,0.4610702702702703,0.4476702702702702,0.8303486486486487,0.5389297297297296
CK1_12_2,CK1,12,2,0.0417178723155777,0.1780428710461944,0.1568067449516602,0.1524280649099858,0.0859626667109682,0.1807997225385528,0.2830196685164615,0.3240028464919388,0.3407407728523829,0.3317618697644905,0.3087111417634962,0.2649762862421151,0.2427274916209154,0.2872250808633149,Sensitive,9,0.0601473765665949,0.1016970994019043,0.0722572072072139,0.2756710401427062,1.4408361111111112,0.2407,0.6581166666666666,27221.5,4651.502777777778,22569.99722222222,0.8323555555555555,15.453908333333333,3.676697222222222,12.980319444444444,1.2001416666666662,0.8466305555555556,0.448825,0.4591166666666666,0.8323188888888889,0.5511750000000002
CK1_12_3,CK1,12,3,0.0341313821397218,0.1738782489648488,0.1165025848961799,0.111067654815975,0.0693346283229141,0.1410171296968797,0.2436502135031598,0.2842102263536603,0.2710033869505475,0.3067481324079482,0.2959287732975494,0.2649762862421151,0.2427274916209154,0.2872250808633149,Sensitive,9,0.0668211315326045,0.1094786076667745,0.0783247202250523,0.2861449627199437,1.4162828571428572,0.2358028571428571,0.6302942857142858,27221.5,4651.502777777778,22569.99722222222,0.8323555555555555,14.622722857142858,3.5123371428571426,12.47368299888889,1.180477142857143,0.8527742857142856,0.4638484310833333,0.4469342857142857,0.8323188888888889,0.5359828571428571
D1_12_1,D1,12,1,0.0431416427976883,0.1977674130699466,0.2011903306349816,0.1944889612272476,0.1187699735857205,0.1945889612272476,0.3160700711675018,0.3306537645445307,0.2899118253244378,0.3173210109263843,0.3084086778593046,0.2649762862421151,0.2427274916209154,0.2872250808633149,Sensitive,9,0.0656441057344871,0.1145131693503821,0.0916252341756619,0.2961618201435682,1.5707892606892606,0.4149828055913057,0.6194008404833404,13697.525416606604,3313.937901794796,10383.587514811808,0.7649111111111112,16.672515642070646,1.7295783783783782,11.50330176276276,1.279733128843129,0.8607804006149006,0.562372972972973,0.3563891891891891,0.7648783333333333,0.437627027027027
D1_12_2,D1,12,2,0.0430023971395452,0.2027253820565947,0.2033137742364287,0.201626422688826,0.1150994423900515,0.201726422688826,0.2783621193257798,0.2604758189699946,0.2439198494358187,0.2672125984100008,0.2960097481855981,0.2649762862421151,0.2427274916209154,0.2872250808633149,Sensitive,9,0.0637475201068573,0.1060930360546177,0.0887211923619641,0.2846766922699746,1.6109601315601318,0.4373656884741885,0.6296079726154725,13900.754395585584,3390.051265158159,10510.703130427426,0.7649111111111112,16.393539440869443,1.8176,11.362573309309308,1.2975458165308165,0.8572493195338198,0.5544222222222221,0.3616361111111111,0.7648783333333333,0.4455777777777777
D1_12_3,D1,12,3,0.0452239454177958,0.1839086115510883,0.1808436564299225,0.1774195769765563,0.1089287446531363,0.1807179415149564,0.2534223281288033,0.2908979240466331,0.2773354821618059,0.2764416133581111,0.2523255400242502,0.2649762862421151,0.2427274916209154,0.2872250808633149,Sensitive,9,0.068023260425197,0.0989767865582466,0.0902924802213435,0.2803556254360891,2.0039950521950525,0.5680504503789504,0.6571497980122979,13777.470187807809,3379.716388602604,10397.753799205204,0.7649111111111112,15.833656028171031,1.40506,11.025039420420418,1.5598849435149436,0.8642463909623911,0.5929540895000001,0.3286799999999999,0.7648783333333333,0.4063857142857143
RD2_12_1,RD2,12,1,0.0562267677957722,0.2083616604170656,0.1944286447531118,0.1993141137807988,0.1364340565038369,0.2167519583956768,0.2778092085843928,0.2972398789934724,0.3223000815523339,0.3149894093780087,0.2840237166608388,0.2649762862421151,0.2427274916209154,0.2872250808633149,Sensitive,9,0.0732937811263685,0.1178227016484202,0.0963808844204566,0.2983541448171996,2.7719370454545453,0.5919378009259261,0.6881431666666666,13935.205519161924,2836.34115842055,11098.864360741374,0.796462193936044,25.650020856481472,1.1496832222222224,13.744540992501795,2.0537300555555555,0.8492283106141857,0.625977516111111,0.2895943553921569,0.796462193936044,0.3745712499999999
RD2_12_2,RD2,12,2,0.0395571824116568,0.1566274617755954,0.1460357873837777,0.1500204224632237,0.1154447722080199,0.1705583587014685,0.2456673637233723,0.2251716985852265,0.1830556422558294,0.2675868738639791,0.2725765460324957,0.2649762862421151,0.2427274916209154,0.2872250808633149,Sensitive,9,0.0724420952687694,0.1083011556749383,0.0965907670538474,0.2727584615850442,2.3348901704545457,0.3395422222222222,0.7922400416666666,15972.580519161924,2989.43490842055,12983.145610741374,0.8083166666666667,23.00989898148148,1.3956175972222225,13.430287867501796,1.894217555555556,0.8448908106141857,0.5615368911111109,0.3450318553921568,0.8082855555555556,0.4390118749999999
RD2_12_3,RD2,12,3,0.0508110607762986,0.2057197925238761,0.2001098515289535,0.1766442380798625,0.1116718046843487,0.1767442380798624,0.2295006681318668,0.3113760690632384,0.2687917532974141,0.2589084653648086,0.2353187623347445,0.2649762862421151,0.2427274916209154,0.2872250808633149,Sensitive,9,0.0720191763708199,0.1031348054848691,0.1016354117717335,0.2621097448935835,3.3558664204545456,0.9935292592592592,0.6616533750000001,13986.740694323213,3073.1017109366794,10913.638983386532,0.7802846439997305,24.029257939814805,0.9423475138888888,11.554214849437274,2.223552388888889,0.857484768947519,0.6670689261111112,0.2597733970588234,0.7802846439997305,0.3318335416666666
CK1_73_1,CK1,73,1,0.0335461445107635,0.1971970849000958,0.1843522609802082,0.1638076164599538,0.091610225551328,0.2032093607433052,0.3366045319207202,0.3990777433296766,0.3569868746768616,0.3549676657306175,0.3266662636065527,0.3276960420194899,0.339055735035649,0.3163363490033307,Intermediate,8,0.072743173785279,0.1170057004745692,0.0823181084400337,0.3162268362464798,1.520286486486487,0.2597378378378378,0.6849459459459459,16853.561486486487,3029.068243243243,13824.493243243243,0.8292432432432431,19.59414864864865,3.391932432432432,15.867572972972972,1.2605351351351348,0.8319189189189189,0.4520108108108109,0.4545135135135135,0.8293027027027027,0.5479891891891893
CK1_73_2,CK1,73,2,0.0446636285659727,0.2004896333359584,0.1731130298193953,0.179517441336247,0.098613735438157,0.1993403280812494,0.3275803065868763,0.364944833579246,0.383842074795637,0.3885443873824791,0.377267487849314,0.3276960420194899,0.339055735035649,0.3163363490033307,Intermediate,8,0.0769660622684659,0.1550553890811623,0.087365009297172,0.3390150044654395,1.545025,0.2598694444444445,0.6952583333333335,21437.777777777777,3608.6666666666665,17829.11111111111,0.8319999999999999,18.94854722222222,3.298361111111112,15.048577777777776,1.2851444444444446,0.8214583333333334,0.45615,0.452525,0.8319333333333333,0.5438500000000001
CK1_73_3,CK1,73,3,0.0291646259913107,0.1752960673329404,0.1576794856373584,0.1232143251269907,0.0805255646195099,0.1536843859629504,0.2607129980035689,0.3153411665812898,0.2917525164873965,0.3501529096723227,0.3061119051752184,0.3276960420194899,0.339055735035649,0.3163363490033307,Intermediate,8,0.0740270970028112,0.1420628511858073,0.085603591536284,0.3056900041052598,1.7367171428571428,0.3022485714285714,0.7093240694980695,22184.82175916667,3848.674897111111,18336.14686222222,0.8261424897222223,17.322445714285713,2.359297142857143,12.187105890000002,1.4344657142857142,0.8540685714285715,0.4999699331388888,0.4125342857142857,0.8260771428571428,0.4991514285714286
D1_73_1,D1,73,1,0.0397581999183538,0.159321931815064,0.1537554297460389,0.1631320343284841,0.1150864504363704,0.1751645211005882,0.2565491360110307,0.2545030822790656,0.2688431677991699,0.2710795738215683,0.2758458931147359,0.3276960420194899,0.339055735035649,0.3163363490033307,Intermediate,8,0.0615661046876003,0.0823143237286866,0.0688413179507598,0.2694374189201509,1.6420137870727876,0.3531679316459316,0.6041768850278849,13093.293978674175,2670.771193416667,10422.522785257508,0.7960199169310098,16.90441621621622,2.032736740797941,12.027121621621625,1.3007556024596023,0.853145945945946,0.5526777559506006,0.3628324324324324,0.7960199169310098,0.4473396692406692
D1_73_2,D1,73,2,0.0398850326447359,0.1722125333573058,0.1335948231935406,0.1331442530210378,0.0639713262011525,0.1451767397931419,0.2765431014669777,0.2451703529386997,0.2458890460921587,0.2942420068613594,0.3107590840364462,0.3276960420194899,0.339055735035649,0.3163363490033307,Intermediate,8,0.06102931945209,0.0724026918564579,0.0743337786072164,0.2688964855711065,1.7368786519376522,0.3760131268411268,0.6489090922350922,14507.631816512014,2938.6323045277786,11568.999511984235,0.7974423157621671,18.04822222222222,1.8350694735306736,12.20015,1.3727725694265691,0.8589166666666667,0.5480853385331832,0.36475,0.7974423157621671,0.4519320866580865
D1_73_3,D1,73,3,0.0403247700996319,0.1553943435665767,0.1617837825992148,0.133022055453544,0.0855324037868117,0.1579514713193706,0.2236085340134984,0.2756635843517295,0.277209450211327,0.2677958696334242,0.2371097768080962,0.3276960420194899,0.339055735035649,0.3163363490033307,Intermediate,8,0.0576056680280636,0.0625700296044299,0.0688330756333074,0.2368292505015974,1.8943700805090808,0.4125437617617618,0.6753402827112828,16693.782794012015,3414.748559666667,13279.034234345349,0.7954478860901724,18.15012571428571,1.861295505276705,11.472707201666664,1.4937447916487916,0.8639257142857142,0.5549662284498498,0.3594885714285715,0.7954478860901724,0.4449640707850708
RD2_73_1,RD2,73,1,0.0509967980863984,0.2054525401421473,0.188912250182915,0.1862547540580958,0.1228462015856997,0.2278427233441818,0.3498148440595899,0.3721564502210197,0.3343085216307714,0.3149500983782857,0.2973003219423476,0.3276960420194899,0.339055735035649,0.3163363490033307,Intermediate,8,0.0797377136690201,0.1522166405246628,0.1023130084540637,0.3255064225630627,2.6712504812834226,0.492076402833697,0.7142310625866509,14806.300709368135,2764.807513105882,12041.493196262254,0.8083166666666667,23.14159705882353,1.161036706278471,12.118422446721134,1.982411364626659,0.8543984551767676,0.6073355549770417,0.313227441012441,0.8082855555555556,0.3925763488530547
RD2_73_2,RD2,73,2,0.053977646506254,0.215415184771698,0.1925384982854975,0.2103509646537801,0.1276717768621398,0.2177749519526333,0.2896772596528519,0.3244116616759728,0.3221254958272642,0.3423776174043572,0.3400182873438978,0.3276960420194899,0.339055735035649,0.3163363490033307,Intermediate,8,0.0752687650200281,0.1272417886782409,0.098933170470841,0.299770702527632,3.166412245989305,0.7983352263631088,0.8090957684690038,13424.41835642696,2645.836924870588,10778.581431556371,0.8029086359928668,26.29690882352941,1.118316118043177,12.609978329074073,2.1713172469796,0.8473366904708853,0.5911737902711593,0.3160715586594997,0.8029086359928668,0.4087381135589371
RD2_73_3,RD2,73,3,0.0397825534103059,0.1792948389843068,0.1901912393603157,0.1395895724664178,0.1130485904076136,0.1631746517920146,0.2510556864828785,0.26563512434049,0.257995784049948,0.3117319923286044,0.2684705268305582,0.3276960420194899,0.339055735035649,0.3163363490033307,Intermediate,8,0.0736124924765751,0.1230029792056154,0.0965255725802913,0.331546041146541,2.700824545454546,0.4684005561313796,0.8067959467221233,20022.05114613284,3754.622888752942,16267.4282573799,0.8083166666666667,22.39297878787879,1.2212627312339075,11.533348946427015,2.0356702772826303,0.8618629828060012,0.5787238485064534,0.3381499900320488,0.8082855555555556,0.4216028194412899
CK1_1099_1,CK1,1099,1,0.0322543916518913,0.1669963044103894,0.1623836488693103,0.1360510883265176,0.0694090871423007,0.1607376758201293,0.2881587689783874,0.2873180627665938,0.3152271975582753,0.3447817418062732,0.3230253591851095,0.5283258341525979,0.3479699142318796,0.7086817540733164,Tolerant,3,0.0713624431266913,0.1127241425049839,0.0848591754838592,0.3188118056095515,1.6756027777777776,0.3199694444444444,0.6473,19379.277777777777,3640.694444444444,15738.583333333334,0.8132499999999999,17.995502777777777,2.5060666666666664,13.409950000000002,1.3556222222222225,0.8814972222222223,0.5092500000000001,0.4015861111111112,0.8133138888888888,0.4907499999999999
CK1_1099_2,CK1,1099,2,0.0425589693543534,0.2297471001804872,0.1588450945852893,0.1439358660591456,0.0830874171369702,0.1770414394347258,0.3677003457762466,0.3940240302401132,0.4353191289955791,0.4168916812533321,0.3996899032783783,0.5283258341525979,0.3479699142318796,0.7086817540733164,Tolerant,3,0.0725273782958044,0.1127318910659935,0.0855686759484357,0.3258078201131012,1.616102777777778,0.2981833333333333,0.650638888888889,22372.88888888889,4013.4166666666665,18359.472222222223,0.8190000000000001,21.43486114864865,2.877475,17.878945555555557,1.3179111111111113,0.8681611111111112,0.4950944444444445,0.4155972222222222,0.8189916666666667,0.5049055555555555
CK1_1099_3,CK1,1099,3,0.03405063200411,0.1773088754196509,0.1470524463868327,0.1314745358408033,0.0786447123594531,0.1627944386461627,0.2836434185942659,0.3578793725039669,0.3303739322322437,0.3320603348179411,0.3106342895183103,0.5283258341525979,0.3479699142318796,0.7086817540733164,Tolerant,3,0.0707701004983434,0.1068482309945935,0.0799817706026995,0.3094959691683882,1.3326000000000002,0.2282638888888888,0.6159833333333332,27107.36111111111,4644.027777777777,22463.33333333333,0.8286111111111112,17.077519444444448,3.934861111111112,15.540469444444446,1.1043527777777775,0.8816022222222223,0.4403138888888888,0.46375,0.8285861111111111,0.5596861111111111
D1_1099_1,D1,1099,1,0.0320270225030141,0.1368734943388556,0.1382089201030709,0.1620011730270355,0.0771812560270298,0.1621011730270355,0.2972323887988119,0.3253589429434577,0.3483499581897039,0.3172921713037889,0.3011528143763446,0.5283258341525979,0.3479699142318796,0.7086817540733164,Tolerant,3,0.0744283007852113,0.0897426959999241,0.0828812447125865,0.2696364759427267,1.821324259259259,0.3157487744887745,0.692129246961247,13530.555555555557,2479.462709931331,11051.092845624224,0.8167508569954262,21.58216592592593,2.097714614814815,15.475070555555558,1.4678482562562567,0.8587824074074072,0.5173183333333333,0.3912894444444443,0.8167508569954262,0.4826816666666666
D1_1099_2,D1,1099,2,0.0272998026292968,0.1277422760920745,0.065256758692611,0.1321820992644462,0.0602741315964227,0.1322820992644462,0.20831741487696,0.2163463822896361,0.2449415316584322,0.2468976396717273,0.2453496022975562,0.5283258341525979,0.3479699142318796,0.7086817540733164,Tolerant,3,0.0665274022806633,0.0638685031134826,0.0660145274749962,0.2586743113274032,2.143049259259259,0.5202821078221078,0.6431763342628343,13797.166666666668,2616.712709931331,11180.453956735337,0.810344197968327,19.90128787037037,1.9732923925925927,12.307509444444444,1.5850454784784789,0.8650324074074072,0.5554877777777777,0.3526755555555554,0.810344197968327,0.4445122222222222
D1_1099_3,D1,1099,3,0.022240194838103,0.114553755933368,0.0851581542092268,0.1104877221011349,0.0777999258655973,0.1105877221011349,0.1742556640288234,0.1722829486700864,0.1704606864869483,0.1864952992548778,0.2125632538135458,0.5283258341525979,0.3479699142318796,0.7086817540733164,Tolerant,3,0.0664533392013342,0.0671850126549851,0.0742074557053627,0.2527910650920267,1.971202037037037,0.4145709967109967,0.6646207787072789,16603.25,3295.296043264665,13307.953956735337,0.8015270478210793,15.68014620370371,1.8201951703703705,11.012013333333332,1.5188927007007007,0.8675907407407407,0.5441266666666666,0.3626616666666666,0.8015270478210793,0.4558733333333333
RD2_1099_1,RD2,1099,1,0.0574117571576794,0.1719544737081535,0.1982489651601638,0.155927951260832,0.1345231889135415,0.1983606047244162,0.2616116286572634,0.3675985703254135,0.4080774832619819,0.3989306927130045,0.3566506549020619,0.5283258341525979,0.3479699142318796,0.7086817540733164,Tolerant,3,0.0931868630831203,0.1630082276557976,0.1165855185774436,0.2968504907804392,3.179009225168351,0.5034979283569284,0.8021181481481481,21688.90777777778,2839.472222222222,18838.747222222224,0.8083166666666667,27.33867127738969,1.419304918489918,14.69634685472043,2.175626851851851,0.8436433333333333,0.5417612211371873,0.3675063824538825,0.8082855555555556,0.4582003842413842
RD2_1099_2,RD2,1099,2,0.0454058938714067,0.1667440111289947,0.142023784602087,0.1487738073375198,0.1078723795823342,0.1912064608011038,0.2236470962070466,0.3039169222389876,0.330001071317188,0.4643969859619807,0.4268690733500693,0.5283258341525979,0.3479699142318796,0.7086817540733164,Tolerant,3,0.0893067895925394,0.1420413895094645,0.1092228251420293,0.2982984163906468,3.152567558501684,0.5374368172458172,0.741307037037037,22147.18555555556,3170.1388888888887,18838.747222222224,0.8083166666666667,22.4968823885008,1.390607696267696,12.427027410275985,2.1152185185185184,0.8637127777777779,0.5574639989149649,0.3516147157872158,0.8082855555555556,0.4424976064636064
RD2_1099_3,RD2,1099,3,0.067680333993103,0.1761399409832409,0.2166917886174039,0.1959433384465572,0.1820464883501368,0.293580273546386,0.3451014821030689,0.451858136299218,0.4833413867225705,0.3818308705010419,0.3427511019915389,0.5283258341525979,0.3479699142318796,0.7086817540733164,Tolerant,3,0.090846799574318,0.1494018969708075,0.1091696626985968,0.2764287605540181,2.904173114057239,0.4341423728013728,0.7519487037037036,22312.24111111111,2946.388888888888,18838.747222222224,0.8083166666666667,21.405844055167464,1.5636465851565848,12.17141907694265,1.9701490740740728,0.8750294444444443,0.5308251100260759,0.3763813824538825,0.8082855555555556,0.4691364953524953
CK1_1110_1,CK1,1110,1,0.0380552887139611,0.1541540875618747,0.0958012014282502,0.1055161353787839,0.0605424840473851,0.128686134447297,0.2075585042904196,0.2268944889834001,0.1965108520643376,0.251876702846679,0.2148061480338165,0.22321650706773,0.3435036429518976,0.1029293711835625,Sensitive,11,0.0529476217209814,0.0641596190320135,0.0507732420056123,0.1970288363911297,1.4448500000000002,0.2518305555555555,0.6437805555555555,22498.722222222223,3896.4166666666665,18602.305555555555,0.8264166666666667,18.91685555555556,3.544813888888889,16.068924999999997,1.1930166666666666,0.8072900225225226,0.4548138888888889,0.4512444444444445,0.826525,0.5451861111111111
CK1_1110_2,CK1,1110,2,0.0407066685911727,0.1182196988776224,0.093447555727253,0.0671404166196401,0.0485381835440463,0.0779457257104755,0.1389736453680623,0.204070515134862,0.1866298257963548,0.1830389348558102,0.1615780351670689,0.22321650706773,0.3435036429518976,0.1029293711835625,Sensitive,11,0.0537860236583205,0.0712806944141445,0.0590034912993542,0.1837821384370195,1.3194972222222223,0.2244277777777778,0.6103166666666667,18505.555555555555,3136.1944444444443,15369.361111111111,0.8297222222222221,18.5396,4.091516666666667,17.134725,1.0950694444444444,0.8072900225225226,0.4391527777777778,0.4653,0.8297416666666666,0.5608472222222223
CK1_1110_3,CK1,1110,3,0.0349788478206057,0.1149670603562453,0.0560314112247396,0.0607339703746073,0.0406073236548513,0.0786146080772719,0.1554837187873015,0.1673173243715734,0.1630808183733134,0.1681506605102154,0.1884277731518479,0.22321650706773,0.3435036429518976,0.1029293711835625,Sensitive,11,0.0465484208111614,0.0466330915356148,0.0482007903307641,0.1701866175195659,1.5239333333333336,0.2700388888888889,0.636113888888889,18784.08333333333,3263.1666666666665,15520.916666666666,0.823861111111111,18.405072222222223,2.9628,14.978622222222224,1.2538916666666668,0.8205416666666667,0.4853,0.4243,0.8238166666666666,0.5146999999999999
D1_1110_1,D1,1110,1,0.0335957975572356,0.1424693044790644,0.1309381468394196,0.1362001651871088,0.0933396736779118,0.1638273887073126,0.2641008880175159,0.2558130164871988,0.2222555259584337,0.249962542885654,0.2644793457182715,0.22321650706773,0.3435036429518976,0.1029293711835625,Sensitive,11,0.0580030278179325,0.0842333360719347,0.0841181415247162,0.2249395436305341,1.6501629027599027,0.3588031181181181,0.6191408581438581,13534.545370370372,2784.267009601852,10750.27836076852,0.7942844082744642,19.8826635925926,2.351652650793651,14.572635925925928,1.3159948156728156,0.8421348106678106,0.5319224074074075,0.3899583333333333,0.7942844082744642,0.4680775925925925
D1_1110_2,D1,1110,2,0.0247170777031762,0.110189524309982,0.0749280048001993,0.0911677403225258,0.0528911570745796,0.0921984328205796,0.1201553521699018,0.1321181743533188,0.1152637782983688,0.1297360356635043,0.1406812407550448,0.22321650706773,0.3435036429518976,0.1029293711835625,Sensitive,11,0.0546941914067181,0.079994751589089,0.0804353109725538,0.2221211058308221,1.6418101249821244,0.3381614514514514,0.6824241914771915,14292.934259259262,2786.017009601852,11506.91724965741,0.8050773228879149,18.37055525925926,2.463427650793652,13.11488314814815,1.3282698156728157,0.8496625884455883,0.4995196296296297,0.418336111111111,0.8050773228879149,0.5004803703703704
D1_1110_3,D1,1110,3,0.0466251100946176,0.1544818117855545,0.1682824953067323,0.1423066844025117,0.0992431206362216,0.1682478031489873,0.2403949239624183,0.2826255002805656,0.2779258099712126,0.2849126068771643,0.2660920100472161,0.22321650706773,0.3435036429518976,0.1029293711835625,Sensitive,11,0.0584891987854387,0.0751132949858996,0.0858160045332146,0.1644427203776238,1.7842379027599022,0.3750420070070069,0.676929747032747,18542.77037037037,3632.639231824074,14910.131138546296,0.8040940399268118,17.66425248148149,1.7832637619047629,11.484899814814815,1.4338225934505937,0.8622014773344773,0.5422474074074074,0.3807138888888888,0.8040940399268118,0.4577525925925925
RD2_1110_1,RD2,1110,1,0.0440391982752726,0.1637430995223325,0.1296430252540463,0.1383295058008456,0.0903876867808701,0.1384295058008456,0.1918247438769488,0.1788398355894432,0.1649081957043662,0.1969964302629284,0.2128757967318572,0.22321650706773,0.3435036429518976,0.1029293711835625,Sensitive,11,0.0684588371152624,0.0986198005003559,0.0934393684469213,0.3089237933414219,4.069925886314891,5.640538722222228,0.5932405555555555,13523.254444444445,3262.345328664464,10260.90911577998,0.7587603381962037,20.173685555555554,1.1931538719003765,12.338838425925925,1.591490555555556,0.8692192592592592,0.7053399426111114,0.3214213574074073,0.7587603381962037,0.2931783888888889
RD2_1110_2,RD2,1110,2,0.0338093357119408,0.1732692147326319,0.1480063140202053,0.1469221153742625,0.0709905822910412,0.1470221153742625,0.2111879491299094,0.1866331974871545,0.1424816800346354,0.1470221153742625,0.1002281127505846,0.22321650706773,0.3435036429518976,0.1029293711835625,Sensitive,11,0.0692165754049894,0.1014269326316729,0.0942597075431215,0.2903314743106988,4.069925886314891,5.640538722222228,0.8237332941176471,11383.893333333332,3122.039773108909,8425.022222222222,0.7257493827733591,26.81487722222224,0.5899736666666666,12.64772731481481,2.1498240211640214,0.8200653703703703,0.6379777777777779,0.2321571666666665,0.7257493827733591,0.3620222222222222
RD2_1110_3,RD2,1110,3,0.0418834769965142,0.1305324041384108,0.1357327279274648,0.1264639016094477,0.0980262190994338,0.131199070276639,0.1598966363820528,0.1996782831340923,0.1362360415311166,0.2279742532074459,0.2161884027105618,0.22321650706773,0.3435036429518976,0.1029293711835625,Sensitive,11,0.0717449306249321,0.1156583602484644,0.0944006928820126,0.3091460821632871,1.8987313888888893,0.7723595555555502,0.6073777777777777,14140.115555555556,3624.039773108909,10516.075782446647,0.7437050808481513,17.622933888888884,0.6941233163448205,9.638015277777775,1.6462294656084653,0.8633153703703703,0.6392444444444444,0.2737046907407408,0.7437050808481513,0.3607555555555555
CK1_1210_1,CK1,1210,1,0.0283474752970267,0.1793449473312265,0.166382073031561,0.1557283563931399,0.0918167629117814,0.1861234618234334,0.2709975601826648,0.2867626071876236,0.3239463338949563,0.2907435382653842,0.3317477233581201,0.3561671112879607,0.3130108635819076,0.3993233589940138,Intermediate,7,0.078921975169054,0.1183171016033182,0.0953533646916307,0.3092066207084885,1.8595402777777776,0.3555455555555556,0.6770666666666667,22223.444444444445,4175.111111111111,18048.33333333333,0.8120752314916667,16.608,1.937913055555556,10.838033333333334,1.5154024999999998,0.8698000000000001,0.535113888888889,0.3797416666666666,0.8119977380952381,0.464886111111111
CK1_1210_2,CK1,1210,2,0.0361490577460188,0.219801370269111,0.1773360900197978,0.157743750424739,0.0884919203878829,0.1901739995755412,0.3210457527166362,0.3952225146847353,0.3971107683360685,0.4314111153193909,0.3762410628754964,0.3561671112879607,0.3130108635819076,0.3993233589940138,Intermediate,7,0.083986384906467,0.1441228298927721,0.0947393789482141,0.3310006395233247,1.8533138888888887,0.3409999999999999,0.695811111111111,22664.166666666668,4142.611111111111,18521.555555555555,0.8164166666666666,17.890716666666663,1.9547944444444445,12.732677777777775,1.5123166666666663,0.8649166666666668,0.5335111111111112,0.3811611111111111,0.8164083333333333,0.4664888888888888
CK1_1210_3,CK1,1210,3,0.0442218660250014,0.2351675970592533,0.1764130145410073,0.1603141754509174,0.0960534968347287,0.1943891673783302,0.3441530408985119,0.3196845305174782,0.3550860115583117,0.3866817481200961,0.3710514278278982,0.3561671112879607,0.3130108635819076,0.3993233589940138,Intermediate,7,0.0764895823489366,0.1296171354209511,0.0927044533834083,0.3350316172779591,1.8595402777777776,0.3555455555555556,0.6946166666666667,20805.13888888889,3887.1666666666665,16917.972222222223,0.8123611111111112,16.537733333333335,1.937913055555556,10.6069577027027,1.5154024999999998,0.87595,0.535113888888889,0.3797416666666666,0.8123777777777779,0.464886111111111
D1_1210_1,D1,1210,1,0.0354942661355771,0.1769579163598439,0.1421399558770717,0.1623560275627607,0.1207019321009918,0.2101860695293782,0.2821192861664544,0.3097643836095518,0.3110480237592803,0.3446771411294676,0.3082666389012066,0.3561671112879607,0.3130108635819076,0.3993233589940138,Intermediate,7,0.0755294094882697,0.1095317938090471,0.0968785163075133,0.242186185788762,2.038382547976548,0.6352137037037039,0.5924597222222222,15073.659935442944,3542.985555555555,11530.674379887389,0.7649551886715399,21.468324703703704,1.6115987437437438,11.504063296296296,1.5372709897039898,0.8578514065494066,0.5851412486093093,0.3212942052052051,0.7649551886715399,0.4148147383097382
D1_1210_2,D1,1210,2,0.0410952769554514,0.1764034182450095,0.1484595809135256,0.1411452865600041,0.1232321808428856,0.1889753285266216,0.2476979010707932,0.2460431082358442,0.2068287336089643,0.235486898260151,0.2460216588748319,0.3561671112879607,0.3130108635819076,0.3993233589940138,Intermediate,7,0.0797568783221561,0.1186167702948843,0.0972693139943003,0.2792046791581696,1.640865325754326,0.3750162037037036,0.6899782205777205,14184.271046554051,3022.457777777778,11161.813268776275,0.7869148320799991,16.44247192592593,1.7445164104104105,11.836654962962966,1.3736609897039895,0.859606962104962,0.5462065263870871,0.3691492052052051,0.7869148320799991,0.4537494605319604
D1_1210_3,D1,1210,3,0.0440079595716931,0.1982465324858477,0.1490572484049526,0.1377627067415453,0.1212087656605365,0.205633347383304,0.3198296704178694,0.3098351878770789,0.3354421528664291,0.3069058435790397,0.3293071719281767,0.3561671112879607,0.3130108635819076,0.3993233589940138,Intermediate,7,0.0793614800530379,0.1157787205243496,0.095461033695749,0.2675587185833521,1.8521931035321024,0.4291300925925925,0.6928089110539111,15582.382157665164,3237.457777777778,12344.924379887389,0.7922360172520071,18.006674703703702,1.655319188188188,11.742954962962964,1.5308748785928783,0.8614486287716286,0.554334304164865,0.3627047607607607,0.7922360172520071,0.4456216827541827
RD2_1210_1,RD2,1210,1,0.0485060935484165,0.1810169462902732,0.1825153060327212,0.1867094986050513,0.1230802089378144,0.2008399360279819,0.2616836294833002,0.3114347273446723,0.3027136073476683,0.316316421004699,0.2923753463008522,0.3561671112879607,0.3130108635819076,0.3993233589940138,Intermediate,7,0.0695184275183238,0.1037011511916281,0.1022481402447575,0.2711874348252289,2.837744292929293,0.4129251851851853,0.7961746296296296,17043.94814814815,2770.0185185185182,14273.92962962963,0.8083166666666667,23.9768443313688,1.3634263041613035,13.043070002868578,2.075904281481482,0.8600488888888889,0.5573274074074074,0.3594918518518519,0.8082855555555556,0.4426725925925926
RD2_1210_2,RD2,1210,2,0.0497140994275756,0.2059945788637761,0.1968903443018779,0.2008604445019662,0.1540236815886202,0.2149908819248968,0.2589592096534613,0.3135081037123969,0.3355815826661765,0.3296337878308457,0.2889654330932596,0.3561671112879607,0.3130108635819076,0.3993233589940138,Intermediate,7,0.0720255413082116,0.1153910933456197,0.1018120727349254,0.2866095416718545,2.4894581818181813,0.3395422222222222,0.7586135185185185,21220.19814814815,3485.2407407407413,17734.957407407408,0.8083166666666667,20.979274886924355,1.6116207486057486,12.677572780646356,1.8431626148148148,0.8651933333333333,0.533057962962963,0.3830390740740741,0.8082855555555556,0.466942037037037
RD2_1210_3,RD2,1210,3,0.0483548050269662,0.1824350432488639,0.184227528919064,0.1703455251325178,0.1289480337505561,0.2117821034025014,0.3484580044937045,0.3393679556592027,0.3064965555032887,0.3610208862824267,0.3291487519534953,0.3561671112879607,0.3130108635819076,0.3993233589940138,Intermediate,7,0.0753635864505917,0.118509439852054,0.1036700337584367,0.3036783720488714,3.3628720707070703,0.8938057407407409,0.7405857407407407,16508.003703703704,2700.7407407407413,13807.262962962965,0.8083166666666667,25.695191553591023,1.2713818597168594,13.574150558424131,2.120159837037037,0.8571433333333333,0.5877496296296296,0.3276112962962964,0.8082855555555556,0.4122503703703703
CK1_1214_1,CK1,1214,1,0.0422965572026242,0.1740842385693378,0.1555264440445184,0.1375558612416792,0.0896382786637983,0.1747222194113569,0.2959351740919985,0.3524215544762841,0.3442888597630157,0.3463382304740016,0.3002897903158726,0.4224687599365873,0.5934904367373185,0.2514470831358561,Intermediate,5,0.0665902351011924,0.1136481439528125,0.0782690852843785,0.3197449676623542,1.450510810810811,0.2609405405405405,0.613645945945946,23281.75675675676,4155.027027027027,19126.72972972973,0.8224594594594595,12.630670893393392,3.167729729729729,10.6069577027027,1.1895702702702704,0.8816022222222223,0.4769810810810811,0.4312081081081081,0.8224567567567567,0.5230189189189188
CK1_1214_2,CK1,1214,2,0.0447047965649852,0.1718983155051779,0.1571722981192948,0.1522162566367063,0.0890428600172812,0.1811041314175067,0.3059549580096317,0.331023655837578,0.3138368716568134,0.3541990746217363,0.3317183459849616,0.4224687599365873,0.5934904367373185,0.2514470831358561,Intermediate,5,0.0605648228502965,0.1105216267136141,0.0779066209424852,0.3173403355696549,1.3408054054054055,0.2485432432432432,0.6055177777777778,21241.027027027027,3788.675675675676,17452.35135135135,0.8185675675675675,12.642686486486486,3.924632432432432,11.778081081081082,1.0922621621621622,0.8631648648648649,0.4666594594594594,0.4388837837837838,0.8185864864864865,0.5333405405405406
CK1_1214_3,CK1,1214,3,0.0396930453004376,0.1913392618898419,0.1568731735637512,0.1339189669663863,0.0772938868054447,0.15504102295345,0.2772661177959182,0.3483332956639448,0.3297657874782246,0.3530256012645431,0.3311577555310692,0.4224687599365873,0.5934904367373185,0.2514470831358561,Intermediate,5,0.0643542022406366,0.1271286553856909,0.0850596923263329,0.3168093151630511,1.4263833333333331,0.2463333333333333,0.6424055555555557,24247.88888888889,4188.916666666667,20058.972222222223,0.8275833333333331,12.630670893393392,3.524269444444444,10.64367222222222,1.1800527777777776,0.8812222222222222,0.4533083333333333,0.4525277777777778,0.8274388888888888,0.5466916666666666
D1_1214_1,D1,1214,1,0.0315791180648374,0.1284617496727922,0.079806502050718,0.0788794338478806,0.0708308358985204,0.12435276659163,0.1674143361857488,0.2255167386584111,0.2672158448780563,0.2511169079484715,0.2410460227729019,0.4224687599365873,0.5934904367373185,0.2514470831358561,Intermediate,5,0.0564917750389978,0.0537801588370644,0.0649544853112559,0.1248860510907591,1.850183359359359,0.3555829689689689,0.6690392366652366,19980.04182627277,3053.8375597793297,16926.204266493438,0.8193305555555553,18.37257837037037,2.451399021593021,12.750230555555556,1.447076914342914,0.865048919047619,0.4933455729825824,0.4099437017017018,0.8193272222222223,0.5064397666237667
D1_1214_2,D1,1214,2,0.0604178463359921,0.1695879015721108,0.1748044228703444,0.1577757884115503,0.1261941724079788,0.2140912415912836,0.3241209740744292,0.3907672855153387,0.4465987888713875,0.4274044333025824,0.4041156963092959,0.4224687599365873,0.5934904367373185,0.2514470831358561,Intermediate,5,0.0598534371031871,0.0591617176073928,0.0803355627535085,0.1643437640584502,1.6653944704704702,0.26406908008008,0.6818059033319033,19997.016826272768,3064.015337557108,16933.00148871566,0.8193305555555553,18.38002337037037,3.3827101327041333,14.050083333333331,1.353793581009581,0.8645072523809523,0.4500400174270269,0.4516881461461461,0.8193272222222223,0.5497453221793223
D1_1214_3,D1,1214,3,0.0449220382618922,0.1492299683758076,0.1190616483329751,0.1033887254282914,0.0936076606836318,0.1480585494071452,0.2738664205820285,0.2957520872432833,0.3016792115534604,0.3339246656809513,0.3290516261873612,0.4224687599365873,0.5934904367373185,0.2514470831358561,Intermediate,5,0.0592543776990082,0.0576656464044583,0.0749531589535836,0.1420487062391579,1.822522248248248,0.3182829689689688,0.6271809033319033,15366.958492939437,2342.504226445996,13024.454266493442,0.8193305555555553,18.37257837037037,1.836529577148578,12.372104999999998,1.4567296921206925,0.8784709904761905,0.535403906315916,0.3736825905905905,0.8193272222222223,0.4643814332904332
RD2_1214_1,RD2,1214,1,0.0494455385766493,0.1897192493046145,0.0981918337503289,0.1126527052968009,0.0747927268065406,0.1127527052968009,0.139959170431216,0.1492079011854314,0.1333376590541351,0.1127527052968009,0.1111481181766965,0.4224687599365873,0.5934904367373185,0.2514470831358561,Intermediate,5,0.0757169216185448,0.041314570619818,0.0642955287028645,0.1696799642636789,2.7913138888888884,0.9103378354068352,0.695595300925926,12934.765996568569,3258.2777777777783,9676.48821879079,0.7480992096306839,29.168489130380387,0.8344742592592593,13.870675833333337,1.9821971269841263,0.8353323612183613,0.6352387958364364,0.2754785914485915,0.7480992096306839,0.3648615212355212
RD2_1214_2,RD2,1214,2,0.0451657052980864,0.1262409364897875,0.0784353624998768,0.0846817793990353,0.0600369638536461,0.0847817793990353,0.1042699020065281,0.1437884081134532,0.0932925241106929,0.223885244009461,0.2079880311191183,0.4224687599365873,0.5934904367373185,0.2514470831358561,Intermediate,5,0.0750840360677686,0.0704119802107209,0.0751262467784241,0.1775204049901136,2.082130555555556,0.499229502073502,0.7345564120370371,17675.65488545746,3617.611111111112,14058.04377434635,0.7953336872351202,22.913292116491498,1.3721881481481482,12.746726111111114,1.6841221269841269,0.833260138996139,0.5671471291697698,0.3465452581152582,0.7953336872351202,0.4329531879021878
RD2_1214_3,RD2,1214,3,0.0583377541282227,0.1439961869196737,0.111385827563663,0.1025088605986416,0.0809023880851363,0.1297414804271326,0.2047827552451826,0.2496604695556575,0.1956207370093568,0.1528161668132696,0.1694599959081834,0.4224687599365873,0.5934904367373185,0.2514470831358561,Intermediate,5,0.0712426922286354,0.083788773824846,0.0836262719512784,0.1790330217572827,1.985086111111112,0.4822878354068353,0.6931647453703705,17642.349329901906,3664.2777777777774,13978.071552124127,0.7923021639999375,18.147856005380383,1.4823853703703702,10.727928888888888,1.6040165714285717,0.842062916773917,0.5674360180586586,0.3455758136708137,0.7923021639999375,0.4326642990132989
CK1_1218_1,CK1,1218,1,0.0318588725294825,0.1422113761031305,0.087421116203297,0.0850911290927556,0.0719007879345578,0.1327876019268807,0.2395446240172066,0.3036382295659782,0.2420522562884322,0.2794719059655776,0.2738468579450479,0.2061603258263428,0.3093793559901545,0.1029412956625311,Sensitive,12,0.0576957950442678,0.0876505604618919,0.0681681189286805,0.2753193179397483,1.3820756756756758,0.2347027027027027,0.6494216216216215,16853.561486486487,3029.068243243243,13824.493243243243,0.8306216216216217,21.43486114864865,4.297354054054054,17.878945555555557,1.1473729729729731,0.8075324324324324,0.4284297297297297,0.4749135135135134,0.8306000000000001,0.5715702702702703
CK1_1218_2,CK1,1218,2,0.0417727962734105,0.1710533429536904,0.1221744545981399,0.1199112977320955,0.0511887068066007,0.1306696202444087,0.1822496299191627,0.2500657100361215,0.2796161298321263,0.3002919669130106,0.2350284962129998,0.2061603258263428,0.3093793559901545,0.1029412956625311,Sensitive,12,0.0568700403786585,0.081984543987263,0.060597742849175,0.2361817167049953,1.5103055555555556,0.260725,0.6696,20003.0,3473.75,16529.25,0.8284166666666666,21.424325,3.4144444444444444,17.765930555555556,1.2495861111111113,0.8249,0.4594166666666668,0.4482388888888888,0.8284166666666665,0.5405833333333334
CK1_1218_3,CK1,1218,3,0.0332971363228465,0.1516962628990064,0.1296311419090192,0.1013224035344271,0.0611108532687715,0.1130979372817032,0.2495754686279217,0.2685124573828025,0.2708264318239125,0.2732360661136781,0.2811873658364261,0.2061603258263428,0.3093793559901545,0.1029412956625311,Sensitive,12,0.0541400716206516,0.0775867216519611,0.0626658441960228,0.2079497210131185,1.5684485714285714,0.2742685714285715,0.6779999999999999,26257.58924888889,4589.6759259166665,21667.91332305556,0.8253374485555556,17.544802857142855,2.8494142857142863,13.754045293333332,1.2941857142857145,0.85152,0.4743508487777777,0.4335,0.8253285714285715,0.5250628571428572
D1_1218_1,D1,1218,1,0.0443735183976669,0.1791093212875767,0.1824420016222107,0.1814915198877421,0.0956766436203742,0.181591519887742,0.2763518321762236,0.2864670675531115,0.2363607679726825,0.2984272867144209,0.3124856470315791,0.2061603258263428,0.3093793559901545,0.1029412956625311,Sensitive,12,0.0661535193248782,0.105778913642289,0.088730697565519,0.2960016890777299,1.663427537251537,0.4029750107250107,0.6571780809380809,13559.144941703704,2805.2481588027026,10753.896782901002,0.7931102461944608,17.02184892363792,1.969995916459316,11.857975396526523,1.3415582521092522,0.8501529021879023,0.539129199937938,0.3645928617188617,0.7931102461944608,0.4611391255541255
D1_1218_2,D1,1218,2,0.0377897662094792,0.1832691673762006,0.2014079020452747,0.1956854828322939,0.1232692626009248,0.2249835290722559,0.2777263942558641,0.2909440715320944,0.3038871844788425,0.3176298071444391,0.3143968332656023,0.2061603258263428,0.3093793559901545,0.1029412956625311,Sensitive,12,0.067984724254451,0.1103799215402888,0.0915885419781989,0.298585369461158,1.518827161876162,0.3677151008151008,0.6395277055627056,13526.02475137037,2805.2481588027026,10720.776592567669,0.792603650343129,17.635196596310596,2.6342224179608187,13.494352273403404,1.232228672529673,0.8315604847704848,0.5134945152532533,0.3878228917488917,0.792603650343129,0.4867738102388102
D1_1218_3,D1,1218,3,0.0445057007478832,0.1973412602574989,0.2250343203312886,0.1972263128274962,0.1057715369430395,0.2274489664472807,0.3225558699365182,0.2825160911500973,0.3548400055256346,0.335110627966501,0.2989527399656946,0.2061603258263428,0.3093793559901545,0.1029412956625311,Sensitive,12,0.068162146856745,0.1185819372216678,0.0858429752455071,0.3218967990199484,1.883281050765051,0.4799117674817674,0.6810858801658802,13526.02475137037,2808.638775809009,10717.38597556136,0.7923529767661813,19.429818421707427,1.388049,11.746673441181184,1.4844916884026884,0.8449656435006435,0.5685557292532533,0.3352917806377806,0.7923529767661813,0.4309076197626197
RD2_1218_1,RD2,1218,1,0.0497363511715996,0.1810697568845735,0.2028241336829154,0.1937419735638389,0.1402453873926587,0.1938419735638389,0.1994190401921002,0.2061820828010744,0.1168074612289289,0.1938419735638389,0.2056289466723112,0.2061603258263428,0.3093793559901545,0.1029412956625311,Sensitive,12,0.0767802495518387,0.1181037497100714,0.1113044984435754,0.284610886623086,2.111359703131704,0.7589215445162503,0.6088891891891891,13795.441820510508,3427.3729419290294,10368.068878581478,0.7515575806471563,18.698725790790792,0.9775433161733158,12.089785601196194,1.591490555555556,0.8323105963105965,0.6350776220371694,0.2748321469789117,0.7515575806471563,0.3649352363287657
RD2_1218_2,RD2,1218,2,0.055766107453133,0.1862657646654965,0.2072629304771374,0.2273802460588843,0.1384940043915415,0.2274802460588843,0.289998084206971,0.2304693998007739,0.2427804930309183,0.2274802460588843,0.2017228360505702,0.2061603258263428,0.3093793559901545,0.1029412956625311,Sensitive,12,0.0785627903421787,0.1230222117994015,0.1191693981039571,0.3093357102056333,2.4696094779064786,0.7651380610327667,0.7133249999999999,13740.842721411407,3119.851920908008,10620.9908005034,0.772950467146636,20.920778493493497,0.9542400879450884,10.74853019579079,1.870189047619048,0.8361498605748605,0.6344298742894217,0.284823513345278,0.772950467146636,0.3655829840765135
RD2_1218_3,RD2,1218,3,0.045712552358995,0.1663764407928464,0.1545391576369676,0.1535169468899033,0.1152608272735076,0.1837535570716937,0.181508465063495,0.2268558759256821,0.1629662310430936,0.2193889462518987,0.1929009995148836,0.2061603258263428,0.3093793559901545,0.1029412956625311,Sensitive,12,0.0735938939911412,0.1172724444462117,0.1103357519991645,0.3048789420927539,2.2715192398112403,0.65125266420737,0.7037885714285714,15402.0376803003,3538.5854599913414,11863.452220308958,0.7702521229046656,24.081348493493497,1.2141938181038183,13.031310314124129,1.7859619047619042,0.8300856542256544,0.6150984442616438,0.3024715292182939,0.7702521229046656,0.3852906031241324
CK1_1219_1,CK1,1219,1,0.0349487228247772,0.1776427323540549,0.1068337142888982,0.0980306078916063,0.0632702620215839,0.1189935521690942,0.2007929016619541,0.2169566536878378,0.1934609205001509,0.214748654118544,0.2361034701778512,0.2370211071473494,0.3988462936126172,0.0751959206820815,Sensitive,10,0.0626681400311229,0.0894688055930958,0.0687129773527514,0.286140345780124,1.727335135135135,0.3204216216216217,0.7088486486486486,21838.027027027027,4008.081081081081,17829.945945945947,0.8155945945945946,18.701686486486487,2.511475675675676,13.510594594594597,1.4069216216216216,0.8199027027027026,0.4882486486486486,0.4182783783783783,0.8156918918918917,0.5117513513513514
CK1_1219_2,CK1,1219,2,0.0403478639359623,0.1582864386458512,0.1209952972096136,0.1224714703750369,0.0742062595387107,0.1497450725845237,0.2496011047268153,0.2920403289906546,0.276558839436165,0.3131712285579487,0.2819689343392919,0.2370211071473494,0.3988462936126172,0.0751959206820815,Sensitive,10,0.067576869518772,0.1077808657079844,0.0735909690583129,0.3071641969788544,1.5174999999999998,0.2817055555555556,0.659263888888889,20709.527777777777,3824.8611111111113,16884.666666666668,0.8152777777777778,18.277886111111112,3.0123388888888893,14.939158333333332,1.2357861111111113,0.8235972222222222,0.4629861111111111,0.4383444444444444,0.8152305555555556,0.5370138888888888
CK1_1219_3,CK1,1219,3,0.049598218365,0.1986838742641192,0.1664522523154386,0.1320041185866991,0.0721480575774009,0.1570501649009795,0.2731440790798463,0.3110895052231476,0.334484994254634,0.3353543395183981,0.315431165198339,0.2370211071473494,0.3988462936126172,0.0751959206820815,Sensitive,10,0.0696221673791444,0.0999460122961687,0.0719049972539387,0.2870279773711663,1.5912828571428568,0.3001142857142856,0.6640628571428573,20326.11008222222,3821.302211944445,16504.80787027778,0.8121206275833334,18.018982857142856,2.697794285714286,14.145379655277775,1.291162857142857,0.8435685714285714,0.4795593106944443,0.42296,0.8120428571428572,0.5203685714285714
D1_1219_1,D1,1219,1,0.0541976266644716,0.1557181347854207,0.1943472582160444,0.2125311903516217,0.1270459312688743,0.2443215701348534,0.3343390981711371,0.3544898636730489,0.3671375751248276,0.40396503356542,0.3627927615007429,0.2370211071473494,0.3988462936126172,0.0751959206820815,Sensitive,10,0.0640997386130235,0.0843361100266601,0.0848860802001329,0.2159067293441177,1.9008026914056912,0.3884314244244246,0.6506864864864863,15325.10931207958,2831.537501856107,12493.571810223477,0.8152354124075168,21.42054848419848,2.0250000000000004,14.25744635155681,1.5162877365937364,0.8728697776347777,0.5433941474795797,0.3701358344058344,0.8152354124075168,0.4565316108966109
D1_1219_2,D1,1219,2,0.0553609478359663,0.1609038424874964,0.2348893026176668,0.1776545154386062,0.1070098158018513,0.2309831250309443,0.3948450605519374,0.4331089043789268,0.4339175970753164,0.4599552523743437,0.401261900424101,0.2370211071473494,0.3988462936126172,0.0751959206820815,Sensitive,10,0.0627266379203538,0.0970969897736226,0.0759504713468216,0.2646566022060791,1.6729021658801664,0.3291441121121122,0.6529027777777777,17781.017720487987,3170.60056491917,14610.417155568815,0.8193305555555553,20.533814024739023,2.796011111111111,14.25744635155681,1.3476745984555982,0.8520457197197197,0.4893863396717718,0.4173773509223508,0.8193272222222223,0.5105394187044188
D1_1219_3,D1,1219,3,0.0517194108545913,0.1717354531611686,0.200622582921804,0.1989375582263589,0.1363365167613676,0.2092986263887103,0.3385298280967273,0.3383120913801639,0.3567609577666045,0.4065845225581611,0.2984789257976164,0.2370211071473494,0.3988462936126172,0.0751959206820815,Sensitive,10,0.0619176130258077,0.0910606263615501,0.0817547308756434,0.2392806235536939,1.7211701817531817,0.3314346676676676,0.6753742857142857,16335.056300765766,2843.24279741917,13491.813503346595,0.8193305555555553,19.600603310453305,2.4951314285714283,14.223026741330832,1.3936378524238522,0.8520457197197197,0.4973607223939941,0.4116126683826683,0.8193272222222223,0.502936244101244
RD2_1219_1,RD2,1219,1,0.0336310246312885,0.1398886730410705,0.1132043890147724,0.1054795451341493,0.066423469787701,0.1055795451341493,0.1209047090364443,0.0776312175938356,0.0467229617970548,0.1127574321995029,0.1498337954374599,0.2370211071473494,0.3988462936126172,0.0751959206820815,Sensitive,10,0.0614273558563576,0.0914481244153033,0.0893458640779223,0.2026193415492367,2.26614153060203,0.7371284193245957,0.7087156437025259,13548.645384997497,4135.143414244494,9413.501970753005,0.6947928522195019,21.125316851851856,0.6750124997211501,11.150750219476976,1.7685589460889466,0.8251684831349206,0.6426925712068391,0.276458801974243,0.6947928522195019,0.357637656606186
RD2_1219_2,RD2,1219,2,0.0425854781158224,0.162672985743766,0.1337740393491196,0.1408999673444444,0.0901299998457028,0.1463715078602297,0.1789697294986153,0.2040265626046638,0.1746590591466247,0.1708692687899507,0.1886727506227221,0.2370211071473494,0.3988462936126172,0.0751959206820815,Sensitive,10,0.0661815996492812,0.0936066513076559,0.0914259787077535,0.2234226752400237,1.8987313888888893,0.6122360019071782,0.6730113644232467,15379.815805417917,4331.179450280531,11048.636355137383,0.7183854797041999,18.894014074074068,1.3741610132346636,12.59087086512262,1.591490555555556,0.8124028819444444,0.6025242078434757,0.3190048905628317,0.7183854797041999,0.3978060199695493
RD2_1219_3,RD2,1219,3,0.0510965082366167,0.1668537986149789,0.1449346208328274,0.1559432524084373,0.0991818829969582,0.1560432524084373,0.1756560526750477,0.1526214877025479,0.1142142280749503,0.1560432524084373,0.0947573058693205,0.2370211071473494,0.3988462936126172,0.0751959206820815,Sensitive,10,0.0609771015713282,0.0913250295995544,0.0878440790998988,0.2054759959382011,2.433145468825968,0.7992097320659084,0.724602991874227,13019.458809584585,4053.010468808309,8966.448340776276,0.6886959336724052,21.939536851851848,0.6843288703775204,11.007870582067063,1.873470606320606,0.8346827688492063,0.6393891615379202,0.2757353270707682,0.6886959336724052,0.3603651469536763
CK1_1228_1,CK1,1228,1,0.0345212341740837,0.1502324122408797,0.089657293481717,0.0867736556840454,0.0564307599284427,0.1068438747993998,0.1881762421335544,0.1786731318266183,0.1933931590959119,0.2232731330167042,0.2160547438778361,0.4714456240612147,0.6667832035422664,0.2761080445801631,Intermediate,4,0.0597598936061819,0.075984404763208,0.0718643627694044,0.1978843080484536,1.5867666666666664,0.2706805555555556,0.7093240694980695,24232.5,4130.972222222223,20101.527777777777,0.8296388888888887,19.448219444444444,3.2542250000000004,14.807922222222222,1.3160805555555557,0.85805,0.4452,0.4603750000000001,0.8296333333333333,0.5547999999999998
CK1_1228_2,CK1,1228,2,0.027600136802907,0.1427683582893488,0.0842812577652461,0.0844266714800453,0.0521003497447703,0.0984075678478916,0.1410170728529748,0.1839131110078116,0.2023047604141204,0.1827712725349532,0.1911737279935275,0.4714456240612147,0.6667832035422664,0.2761080445801631,Intermediate,4,0.0654955891792884,0.0774766061873257,0.0732260278053714,0.2253691525886043,1.5225972222222222,0.2575027777777777,0.7084944444444444,25342.027777777777,4287.083333333333,21054.944444444445,0.8309166666666665,18.33705,3.462922222222222,14.503544444444442,1.2651111111111113,0.8495194444444444,0.43945,0.4657861111111111,0.8309388888888888,0.5605500000000001
CK1_1228_3,CK1,1228,3,0.0435730280910563,0.1519626078269695,0.1155820629330883,0.1090261065217348,0.0746597388201051,0.1250640848487731,0.2193778566732933,0.2254572627672114,0.2136103632991035,0.2586855470834244,0.2472625245812062,0.4714456240612147,0.6667832035422664,0.2761080445801631,Intermediate,4,0.061593885711264,0.0870657621190104,0.0797230952128864,0.2650440476994456,1.502736111111111,0.2597583333333333,0.7001055555555555,24920.194444444445,4317.777777777777,20602.416666666668,0.8273611111111111,17.683252777777778,3.5074222222222224,14.264772222222222,1.242986111111111,0.8623861111111111,0.4358527777777777,0.4668027777777778,0.8272333333333335,0.5641472222222224
D1_1228_1,D1,1228,1,0.0336618587232554,0.1628883888234467,0.1459838500514284,0.1283404790068448,0.136511233867084,0.1923778632468379,0.3068521891575997,0.3863051361863681,0.3711669562539197,0.3696975742827566,0.3866895803332639,0.4714456240612147,0.6667832035422664,0.2761080445801631,Intermediate,4,0.0806859950498108,0.135973170999037,0.0980696246832664,0.347083912354637,2.450904487344487,0.5283768708708709,0.6929296296296296,15069.272222222224,2713.9981481481486,12355.274074074076,0.8193305555555553,23.02647975832976,1.9166098364078363,13.760282407407407,1.818482503360504,0.8818470714285714,0.5473976582154153,0.3562163098813097,0.8193272222222223,0.4527013306163306
D1_1228_2,D1,1228,2,0.048628611864099,0.2009955265840664,0.1903680002381481,0.1634342987895413,0.1424154559290608,0.2071034260414695,0.3904700649205417,0.4583394900457812,0.469528232693538,0.4818112660428892,0.4297195761142183,0.4714456240612147,0.6667832035422664,0.2761080445801631,Intermediate,4,0.0805028635931654,0.1420232832240904,0.100049254834897,0.3384429471909368,1.701110042900043,0.2519433333333333,0.6599046296296295,17808.355555555558,2995.2481481481486,14813.10740740741,0.8193305555555553,19.69029364721865,2.760938614185614,15.101960185185188,1.3993991700271702,0.8656731079365079,0.4643754359931932,0.4383413098813097,0.8193272222222223,0.5357235528385529
D1_1228_3,D1,1228,3,0.0368115320753673,0.1826635290661482,0.1268079972275734,0.1325479851879222,0.1285865715865781,0.1762171124398505,0.2796860606744809,0.3086111174278276,0.4022365283082384,0.3784582381181181,0.3654320604259288,0.4714456240612147,0.6667832035422664,0.2761080445801631,Intermediate,4,0.0833757538787312,0.1434133794079056,0.0985310317033456,0.3617928636254822,2.0054655984555985,0.3344740930930929,0.6707212962962963,14501.022222222224,2413.9981481481486,12087.024074074076,0.8193305555555553,19.5108242027742,2.7221525030745024,13.875676851851852,1.566951947804948,0.8682397746031747,0.4877921026598597,0.4146857543257543,0.8193272222222223,0.5123068861718861
RD2_1228_1,RD2,1228,1,0.0310016181790105,0.1391297476411754,0.0998161149619371,0.0987012966152724,0.0798959273295182,0.1029020404672226,0.1280834650019164,0.1622390950282307,0.1415374209419967,0.1847333130407309,0.199599891210082,0.4714456240612147,0.6667832035422664,0.2761080445801631,Intermediate,4,0.0869480379573797,0.0982885012467447,0.1014094769703885,0.2961187727845584,6.651036759259258,4.5314032362844126,0.7347757407407406,15024.311111111108,3006.705555555556,12017.60555555555,0.7998773099598575,24.6821810706328,0.9428743870370372,13.766682777777778,1.885385392592593,0.8124028819444444,0.6211413924324618,0.2900761187363835,0.7998773099598575,0.3794354498910674
RD2_1228_2,RD2,1228,2,0.0434515473598373,0.1500928371737364,0.1516508223605823,0.1378686348368086,0.111990106508044,0.1682111876449216,0.2057417879696286,0.2093949733095524,0.2232232109667912,0.2604497115620003,0.2267563570031445,0.4714456240612147,0.6667832035422664,0.2761080445801631,Intermediate,4,0.0758154820034499,0.0982437891768202,0.1000249575110101,0.2696521335278643,1.8987313888888893,0.3395422222222222,0.6729524074074075,13334.005555555555,2828.427777777778,10505.577777777777,0.7878786111200227,19.32771440396613,0.8917786092592593,9.67537861111111,2.2321103925925927,0.870872564802436,0.665509112821351,0.2852555076252723,0.7878786111200227,0.3335860610021786
RD2_1228_3,RD2,1228,3,0.0490198324641105,0.1638115381522897,0.1324752947810256,0.1478191468935801,0.094371355749947,0.1520198907455303,0.2352655949894807,0.2390998984696125,0.2161853765872017,0.198533300889322,0.1924742775237486,0.4714456240612147,0.6667832035422664,0.2761080445801631,Intermediate,4,0.0782517484551948,0.1045650499240838,0.103611603421272,0.2647097789344432,1.8987313888888893,0.3395422222222222,0.6763285185185186,14580.005555555555,3006.6222222222223,11573.383333333331,0.7937845626487721,27.8215891956328,0.8988493870370371,12.819688333333335,1.720129837037037,0.877311453691325,0.6173108368769061,0.2867955631808278,0.7937845626487721,0.383266005446623
CK1_1235_1,CK1,1235,1,0.0362364062580721,0.1745304358425281,0.1310406046272519,0.0824434975543254,0.0623887257104514,0.1148529730861743,0.2023317277136957,0.260427867455333,0.2756907377069945,0.2545198752519093,0.2588791283277568,0.1730928483356376,0.2353341300842579,0.1108515665870173,Sensitive,13,0.0598410888580996,0.0819489659441697,0.0647670341477394,0.2791352602436702,1.2848983333333333,0.2235877777777777,0.6057472222222222,20665.277777777777,3518.6388888888887,17146.63888888889,0.8287222222222222,13.88901388888889,4.728934722222224,14.224566666666666,1.061313333333333,0.8385694444444444,0.3996516666666665,0.4994563888888889,0.8287027777777778,0.6003483333333333
CK1_1235_2,CK1,1235,2,0.0375341358818304,0.1268488506073218,0.115304892726222,0.1062237673713767,0.0694598100175063,0.1264227813700572,0.1920122260017478,0.2724382936163779,0.2140595437309703,0.2466509357900662,0.2194521825303969,0.1730928483356376,0.2353341300842579,0.1108515665870173,Sensitive,13,0.0570457378642374,0.0851492761032125,0.068280249094001,0.2674766335014671,1.2848983333333333,0.2235877777777777,0.6055177777777778,19743.694444444445,3408.861111111112,16334.833333333334,0.8259444444444443,14.459144444444446,4.602819444444446,13.809305555555556,1.061313333333333,0.8455777777777778,0.4195527777777778,0.4794555555555556,0.8258861111111112,0.5804472222222223
CK1_1235_3,CK1,1235,3,0.034046262985837,0.1542549535317295,0.0882198958065498,0.1194662954778013,0.0566935078997255,0.1301073069441671,0.2765650969107759,0.2504290288223844,0.3112253093571417,0.3259697953444709,0.2948213398490234,0.1730928483356376,0.2353341300842579,0.1108515665870173,Sensitive,13,0.060593307256312,0.0815327871205579,0.0666367987321986,0.2803375398385531,1.391122222222222,0.2446972222222222,0.6263972222222223,19567.027777777777,3416.222222222222,16150.805555555557,0.824,16.698294444444443,3.6109694444444447,14.975163888888892,1.1464305555555554,0.8529916666666666,0.4496749999999999,0.4534361111111111,0.8239749999999999,0.5503250000000001
D1_1235_1,D1,1235,1,0.0502919269832149,0.1532142451010895,0.1673211872856766,0.1618420454586241,0.1140728933522092,0.1775355941038383,0.2798677774265782,0.2521466142618933,0.2173409770663412,0.2376409367125859,0.2312427269649805,0.1730928483356376,0.2353341300842579,0.1108515665870173,Sensitive,13,0.0659713629275719,0.094477872228834,0.0919013436222732,0.247030984287547,2.170712166595167,0.6601558333333336,0.6582136111111111,11995.526567214816,3472.8048148148155,8522.7217524,0.7649111111111112,21.648809223652226,1.388049,12.013887962962963,1.6550808335478338,0.8385739458029459,0.5985930555555555,0.3087699999999999,0.7648783333333333,0.4014069444444444
D1_1235_2,D1,1235,2,0.0295957429635171,0.1300983643618538,0.1178005893840065,0.1156441517098953,0.0608832662171597,0.1157441517098954,0.1610802534758289,0.1776978972517545,0.2191093567039574,0.2362470295784238,0.2174279152316597,0.1730928483356376,0.2353341300842579,0.1108515665870173,Sensitive,13,0.063674761226168,0.0869995290307571,0.0900066376387235,0.1762584682819152,1.4052616110396108,0.3697771296296295,0.5924597222222222,13305.609900548148,3355.0270370370367,9950.582863511112,0.7649111111111112,14.630860555555554,1.6815129629629628,11.181860185185185,1.183045833547834,0.8602656124696123,0.5696888833261261,0.3529984874874874,0.7648783333333333,0.4301350643500644
D1_1235_3,D1,1235,3,0.0352943154082973,0.1447165381801248,0.1483689308684503,0.1588348936295456,0.0930454195244529,0.1700077488924535,0.2402901038711107,0.2605261266710924,0.2026934934898093,0.2200672121552996,0.2649034283189034,0.1730928483356376,0.2353341300842579,0.1108515665870173,Sensitive,13,0.062030496718071,0.0825855664900779,0.0867543162823608,0.1651569599675472,1.468211611039611,0.4006549074074073,0.6100302777777779,13342.526567214816,3260.5548148148155,10081.9717524,0.7649111111111112,14.962578390318892,2.223310185185185,11.885807407407407,1.2151125002145,0.8478295013585013,0.5336111055483485,0.3834707097097096,0.7648783333333333,0.4662128421278421
RD2_1235_1,RD2,1235,1,0.0302537575611256,0.1382426503211118,0.0914616963050432,0.1033112373296545,0.0603939989283767,0.1034112373296545,0.0877111944383927,0.0812091086075715,0.0988416982185109,0.1488958783995316,0.1504393339297037,0.1730928483356376,0.2353341300842579,0.1108515665870173,Sensitive,13,0.0681339147049841,0.0923174921138322,0.0864160585726514,0.2041161403558446,2.6610187441012445,0.8535137037037036,0.7241194444444445,17002.46888888889,3636.7513260382857,13365.717562850605,0.7861045151851505,20.08034703703704,1.0826983333333335,9.638015277777775,1.8838888888888887,0.8395722222222222,0.6340759259259259,0.2998898148148148,0.7861045151851505,0.365924074074074
RD2_1235_2,RD2,1235,2,0.0429690239554638,0.2035322585223539,0.1330813470542593,0.1466615728572022,0.0715729046769944,0.1467615728572022,0.2051756086810255,0.1846205740712901,0.1699506015034621,0.1467615728572022,0.1319468369326176,0.1730928483356376,0.2353341300842579,0.1108515665870173,Sensitive,13,0.0640735826829795,0.0861522080429355,0.0862705663569247,0.1902671373720995,2.160404855212356,0.6082053703703703,0.6822638888888889,11989.282777777778,2980.1096593716184,9009.17311840616,0.751435535001704,26.23487203703704,0.9447372222222225,13.770744444444446,1.628569444444444,0.840138888888889,0.6112481481481481,0.3128287037037037,0.751435535001704,0.3887518518518518
RD2_1235_3,RD2,1235,3,0.0462562294671382,0.1749723927019164,0.1290371081357084,0.1196381939053292,0.0938665001517024,0.1370623347902413,0.1721360468416113,0.1865967637101449,0.0829221701586541,0.1441985601636382,0.1848289810373346,0.1730928483356376,0.2353341300842579,0.1108515665870173,Sensitive,13,0.0615757161090465,0.0838332116412733,0.0857184962935428,0.1956479602759744,1.9423390218790224,0.4381170370370369,0.6706166666666665,11989.282777777778,2980.1096593716184,9009.17311840616,0.751435535001704,23.174366481481485,1.2237872222222226,13.700619722222225,1.696108333333333,0.8207694444444444,0.6092592592592591,0.2971481481481481,0.751435535001704,0.3907407407407406
CK1_1252_1,CK1,1252,1,0.0360400127967051,0.1545708031409715,0.122782843411877,0.1121858867969613,0.0699462696435406,0.1370517376885507,0.3147556372190461,0.3608181711710106,0.3768905198742338,0.356835755438351,0.3384620912184102,0.5746672551712988,0.6470500822891091,0.5022844280534884,Tolerant,1,0.0723917416917478,0.0933282520103613,0.0853487261243261,0.3556879117109692,1.286575,0.22385,0.6601833333333333,20772.777777777777,3611.305555555556,17161.472222222223,0.8260833333333335,17.825255555555557,4.728934722222224,17.204277777777776,1.0627277777777775,0.8089055555555557,0.3996516666666665,0.4994563888888889,0.8260611111111111,0.6003483333333333
CK1_1252_2,CK1,1252,2,0.0456925191300144,0.1888034042105849,0.1475129475257818,0.1194399362082256,0.069964165059637,0.1686924285203503,0.334793846007919,0.3850853407690022,0.3880239129594238,0.4022367378086673,0.3775471630917564,0.5746672551712988,0.6470500822891091,0.5022844280534884,Tolerant,1,0.0717453030455524,0.0902295468093932,0.0865192738498672,0.3643643332063296,1.339363888888889,0.2247194444444444,0.6667666666666668,24545.63888888889,4102.861111111111,20442.777777777777,0.8323055555555555,15.118205555555551,4.662858333333334,13.699799999999998,1.1146361111111112,0.8558222222222223,0.401236111111111,0.4983583333333333,0.8322611111111111,0.5987638888888888
CK1_1252_3,CK1,1252,3,0.0512554610836353,0.1809226680612363,0.1514230102714811,0.1399536834325738,0.0781805850360863,0.1643048540735295,0.3187214914104307,0.3971614419558585,0.3836517130548603,0.4111418285794668,0.393568380212166,0.5746672551712988,0.6470500822891091,0.5022844280534884,Tolerant,1,0.066177770254177,0.0856116005390171,0.0817022480870651,0.3247423593906745,1.3889805555555554,0.239625,0.6583083333333333,23248.83333333333,3985.722222222222,19263.11111111111,0.829,18.164111111111108,4.454475,15.959402777777775,1.1493444444444445,0.8459194444444446,0.4203972222222221,0.4816027777777778,0.8290166666666666,0.5796027777777778
D1_1252_1,D1,1252,1,0.047444682298189,0.1951157602759423,0.1602967548195854,0.1366387838987533,0.1031520104804502,0.1896082403656987,0.3824423245070093,0.4794943807776287,0.545969635209066,0.5418306849813195,0.4887421295860309,0.5746672551712988,0.6470500822891091,0.5022844280534884,Tolerant,1,0.069358171301948,0.0626735623743047,0.0599404203065651,0.2905210442533929,1.791048088088088,0.3125892592592592,0.6438516214786215,13585.775925925926,2374.7555555555555,11211.02037037037,0.8193305555555553,19.64220501851852,2.368272777777777,15.452052191513513,1.4322923466323465,0.8793274074074074,0.5062332450974976,0.3973698148148147,0.8193272222222223,0.4937130898040897
D1_1252_2,D1,1252,2,0.0413534992330355,0.19839550503121,0.1486042979466873,0.1156336443815409,0.0757523044664842,0.1842131763766521,0.3679501387630129,0.451518753513959,0.5382037166204395,0.5209898483958948,0.5147538969425016,0.5746672551712988,0.6470500822891091,0.5022844280534884,Tolerant,1,0.0739966055006986,0.0735253219921717,0.0594234221807687,0.3024527071841319,1.7843322547547549,0.2982437037037037,0.649932177034177,18875.83148148148,3250.7833333333338,15625.048148148147,0.8193305555555553,17.121157796296295,3.138503611111111,13.666038302624626,1.4277084577434576,0.8596412962962965,0.4736490784308308,0.4315842592592592,0.8193272222222223,0.5262972564707564
D1_1252_3,D1,1252,3,0.0389258384391894,0.191616769715399,0.1771141684527782,0.1386031892879137,0.0925287087290151,0.2075919410892278,0.3756376579559552,0.4647760456105561,0.5403218505049148,0.5267933157668861,0.496047797092184,0.5746672551712988,0.6470500822891091,0.5022844280534884,Tolerant,1,0.0756912370789575,0.0833719310190687,0.0738123857410388,0.3043356040152735,1.7843322547547549,0.2982437037037037,0.6844766214786215,14664.942592592592,2484.7277777777776,12180.214814814814,0.8193305555555553,19.89190501851852,3.138503611111111,16.189110524846846,1.4277084577434576,0.8497024074074074,0.4736490784308308,0.4315842592592592,0.8193272222222223,0.5262972564707564
RD2_1252_1,RD2,1252,1,0.0479344357717601,0.1908790885651826,0.1824241685317866,0.1655140024329346,0.1287086373224641,0.2233255307439906,0.3189440366346096,0.4129954704741501,0.3780336404440854,0.3806248135185277,0.3365303865788247,0.5746672551712988,0.6470500822891091,0.5022844280534884,Tolerant,1,0.0745180820968899,0.095548759089541,0.0978218318397008,0.3289986855092753,2.4539229629629635,0.4870716666666667,0.757456734997029,22412.51555555556,3198.554641748992,18838.747222222224,0.8083166666666667,22.39337906020993,1.6342972222222223,12.943156166106103,1.8549777777777776,0.8563820509259259,0.5384648888888889,0.3654912777777778,0.8082855555555556,0.4615351111111111
RD2_1252_2,RD2,1252,2,0.0454461512492573,0.2043636990393415,0.1915220176773016,0.1503647216557087,0.1239992958151162,0.2033356222257853,0.3083467528649051,0.3595045352241159,0.4026816114181676,0.4061776059192829,0.3802755819052221,0.5746672551712988,0.6470500822891091,0.5022844280534884,Tolerant,1,0.0749989684295596,0.0963018514601687,0.101433921982621,0.3065248857245016,2.389067407407408,0.4419105555555555,0.7923039572192513,22412.51555555556,3198.554641748992,18838.747222222224,0.8083166666666667,24.26921239354328,1.7780555555555553,14.289139499439438,1.835286111111111,0.8550376064814815,0.5210015555555555,0.3862765555555555,0.8082855555555556,0.4789984444444443
RD2_1252_3,RD2,1252,3,0.0443153980011717,0.1845765061993552,0.1575527139930733,0.1652976112135369,0.1173240937048704,0.2006085797450751,0.2911458941846136,0.342317779388093,0.3842317695782398,0.4128850513764707,0.3833646782177875,0.5746672551712988,0.6470500822891091,0.5022844280534884,Tolerant,1,0.0808686566706161,0.1108485204416722,0.1035362449138699,0.3516665147749403,2.4983951851851858,0.4693161111111111,0.8167678461081401,22258.915555555555,3140.9601973045465,18838.747222222224,0.8083166666666667,25.34043183798772,1.7586388888888889,13.618883943883883,1.9172166666666663,0.8621681620370371,0.5238454444444444,0.3817134999999999,0.8082855555555556,0.4761545555555554
CK1_1257_1,CK1,1257,1,0.0316632424867225,0.1552354113738639,0.1007679954017414,0.1040587629264838,0.0563257960157083,0.1372161430686883,0.2099709052795787,0.2358728358674329,0.2449089626109475,0.2615984638253695,0.260054890255302,0.5317110600542118,0.6884466500654246,0.3749754700429988,Tolerant,2,0.0578379927844403,0.0888046577331326,0.0725504866958975,0.2223164625626479,1.5414583333333334,0.2851583333333334,0.6550805555555557,17780.444444444445,3249.3888888888887,14531.055555555557,0.8187777777777777,14.530772222222222,3.512466666666666,11.880063888888888,1.2563,0.8636416666666666,0.4608027777777777,0.4435805555555556,0.8187305555555556,0.5391972222222222
CK1_1257_2,CK1,1257,2,0.0330015152540073,0.1429320030188122,0.1245370134470982,0.1183961692506178,0.0858688159299341,0.1201031732216769,0.2325148370236747,0.1937637573085972,0.2374365000944751,0.249566798864694,0.2041523283425517,0.5317110600542118,0.6884466500654246,0.3749754700429988,Tolerant,2,0.0641561499448725,0.1053577008929899,0.0809717813312283,0.2707632827218736,1.4694138888888888,0.2665805555555556,0.6658555555555554,17355.583333333332,3110.9166666666665,14244.666666666666,0.8201666666666667,14.64960833333333,3.804863888888889,12.542316666666666,1.2028222222222222,0.8611694444444443,0.4343444444444445,0.4646611111111111,0.8200666666666667,0.5656555555555555
CK1_1257_3,CK1,1257,3,0.045439235269625,0.1879061484022547,0.1538402818197615,0.1266702261474257,0.0819211826744643,0.1649034175730572,0.2627376767831451,0.2878591427846706,0.2989766386419434,0.3019204864668162,0.3299679393928001,0.5317110600542118,0.6884466500654246,0.3749754700429988,Tolerant,2,0.0634934030122133,0.0896253089205389,0.078214693007324,0.2694511506746394,1.7399750000000005,0.3536722222222223,0.6952750000000001,17465.972222222223,3153.277777777778,14312.694444444443,0.8120752314916667,15.279244444444446,3.456155555555556,11.718822222222222,1.3863194444444449,0.8688555555555556,0.4584944444444443,0.4424249999999999,0.8119977380952381,0.5415055555555557
D1_1257_1,D1,1257,1,0.0619245376989788,0.2223048355506805,0.2500722787231364,0.1797778690388171,0.133886659327803,0.2800053033014065,0.4525233410997837,0.5498493522385941,0.59639723090907,0.5596278597477349,0.519671142155496,0.5317110600542118,0.6884466500654246,0.3749754700429988,Tolerant,2,0.0761561755814046,0.0987419414701123,0.0770456123728538,0.2998910974406452,1.7978692699842695,0.2519433333333333,0.6783450906620906,19782.56574074073,2814.6757983917523,16967.889942348986,0.8193305555555553,18.68687829257829,3.5434846666666666,14.733556821143145,1.4270600000000002,0.8700945994708996,0.4560625217837837,0.4450333333333333,0.8193272222222223,0.5436691527241528
D1_1257_2,D1,1257,2,0.0360936569046536,0.1535982604457336,0.1340187862237957,0.1295953532961764,0.1009501202033618,0.1629693850889532,0.3274410027941356,0.387111487651921,0.4315319535795963,0.4255786091671952,0.4083835813020093,0.5317110600542118,0.6884466500654246,0.3749754700429988,Tolerant,2,0.0765746710005657,0.1033042401314864,0.0749443699871511,0.3054888864315898,2.004333158873159,0.2739976166166165,0.6644756462176463,17853.093518518515,2467.8980206139736,15385.195497904542,0.8193305555555553,20.632197737022743,2.8541013333333334,14.892459598920922,1.5769127777777776,0.868689043915344,0.5083014106726726,0.401,0.8193272222222223,0.4914302638352639
D1_1257_3,D1,1257,3,0.0380363253667815,0.1745975189388085,0.1747927042268004,0.161844297083352,0.1455208798844084,0.2075044168545066,0.3595554091949411,0.4149697885880841,0.4606344903212861,0.4347241471813503,0.4205888587829274,0.5317110600542118,0.6884466500654246,0.3749754700429988,Tolerant,2,0.0734626512320037,0.0933378962562498,0.0605522713499601,0.293594222452201,2.281097047762048,0.470742061061061,0.6760089795509795,17428.621296296296,2412.8424650584184,15015.778831237878,0.8193305555555553,22.404047737022736,2.832726333333334,15.681184598920922,1.656921111111111,0.8726195994708994,0.5134819662282282,0.3919916666666667,0.8193272222222223,0.4862497082797082
RD2_1257_1,RD2,1257,1,0.0456906475182169,0.2000274395820843,0.1682393550654475,0.1653096099248562,0.1372865976346299,0.220693823203552,0.2795423381372977,0.3320309613775841,0.2827457218599132,0.3097397404784588,0.2831409119862714,0.5317110600542118,0.6884466500654246,0.3749754700429988,Tolerant,2,0.0738670499626984,0.0953994429785,0.1067077309138679,0.2494416360495369,2.261406962104963,0.4407528245388245,0.7239511111111111,18828.38888888889,3360.245382489732,15468.14350639916,0.8083166666666667,22.88322388888889,1.9039638888888888,12.765652962962964,1.7540849475189475,0.8561761111111111,0.5379583333333332,0.3735027777777778,0.8082855555555556,0.4620416666666667
RD2_1257_2,RD2,1257,2,0.0451547620499336,0.1604703442339771,0.1780025613434707,0.1792255899803842,0.138499023903424,0.1908560443452829,0.2513745069093238,0.2432632741126659,0.2751576473877728,0.2449488189749699,0.209190204089548,0.5317110600542118,0.6884466500654246,0.3749754700429988,Tolerant,2,0.0766952370422866,0.0972677477974453,0.1074265105654238,0.2542384307522468,2.408943073216074,0.4171222689832689,0.7976316666666667,19645.33333333333,3441.9120491563986,16203.42128417693,0.8083166666666667,22.527523888888886,1.4828261111111112,11.351472407407412,1.9252710586300583,0.8722316666666667,0.5536,0.3635444444444445,0.8082855555555556,0.4464000000000001
RD2_1257_3,RD2,1257,3,0.0486835754540386,0.1474693815097314,0.1520987745698254,0.155524947075388,0.1477281120054294,0.169779324486713,0.198234730003914,0.1965627964913757,0.2491442628975343,0.2793947445535248,0.2781805138578804,0.5317110600542118,0.6884466500654246,0.3749754700429988,Tolerant,2,0.0816789097031555,0.1037706783595917,0.1105891477215728,0.2931883495311227,2.5291180732160736,0.6455778245388245,0.7480594444444444,15308.666666666666,2735.9120491563986,12572.754617510269,0.8083166666666667,24.07883777777777,1.680115,12.975991851851852,1.816990503074503,0.8523900000000002,0.5433833333333333,0.3570583333333333,0.8082855555555556,0.4566166666666666
CK1_1274_1,CK1,1274,1,0.0403430288616433,0.1811714159242868,0.1491288434698907,0.1303724670440898,0.0661866702276247,0.1562722242393303,0.2910785005525735,0.3477835067550996,0.3413290514772481,0.3529475387756504,0.3543526686786692,0.4106885222095553,0.5521848137280557,0.2691922306910548,Intermediate,6,0.0676404082400221,0.1078350809637531,0.0807566131722169,0.3039460029446134,1.508125,0.279425,0.629775,16882.305555555555,3053.583333333333,13828.722222222224,0.8157777777777778,18.40678055555556,2.9098333333333333,15.10100277777778,1.2287,0.8643305555555555,0.481561111111111,0.4239388888888889,0.8157777777777779,0.5184388888888889
CK1_1274_2,CK1,1274,2,0.0369477382952287,0.1582255988041604,0.1030699164221086,0.1012700721214588,0.0522163406361808,0.1144693313963515,0.2279431822622858,0.2786272498380621,0.2669278922972936,0.275290630090293,0.2653497152917825,0.4106885222095553,0.5521848137280557,0.2691922306910548,Intermediate,6,0.0670559185040565,0.0969012674099922,0.0734095805425336,0.3011352419185369,1.4945444444444445,0.2669194444444444,0.6371083333333334,20877.36111111111,3723.5833333333335,17153.777777777777,0.8216944444444443,16.481774999999995,2.9124888888888893,13.563200000000002,1.2276333333333336,0.8754861111111111,0.4785027777777778,0.4285694444444444,0.8216305555555555,0.5214972222222224
CK1_1274_3,CK1,1274,3,0.0484936319111749,0.1827093012769446,0.1643416201212759,0.131854486518064,0.0917850909002075,0.1873096335162773,0.3091174306123093,0.3664453474147869,0.3503226160673962,0.3956277604056322,0.3322033337284079,0.4106885222095553,0.5521848137280557,0.2691922306910548,Intermediate,6,0.0702328443530015,0.1080358451864196,0.0748218969109827,0.3042949006271187,1.5483166666666666,0.2692083333333334,0.6708055555555554,23116.277777777777,4026.6666666666665,19089.61111111111,0.8259722222222222,17.036427777777774,2.8946,13.373938888888889,1.2791055555555555,0.8697722222222223,0.4738055555555555,0.4346166666666666,0.8259722222222223,0.5261944444444446
D1_1274_1,D1,1274,1,0.0387113573513204,0.1361559558704936,0.1417174141776871,0.1428671932734701,0.1053211799354069,0.2073707068074181,0.2148078252439521,0.3170403149148953,0.3493009699905635,0.2909184431793378,0.3254808268939292,0.4106885222095553,0.5521848137280557,0.2691922306910548,Intermediate,6,0.0772598686355446,0.104698953712254,0.0951548885267112,0.3038303434092546,1.790306802087802,0.3297361111111112,0.6478855622050622,15848.93888888889,2608.668445293994,13240.270443594896,0.8193305555555553,18.90106612962963,2.588686158730159,13.088710370370372,1.3927609264979264,0.8562311111111112,0.5045489978871872,0.4077751422851423,0.8193272222222223,0.4954757493207493
D1_1274_2,D1,1274,2,0.0364562249058153,0.1392815630066947,0.1891850917173548,0.1307417300151944,0.0814148634930219,0.1583072876422076,0.2620740363355419,0.3161659500266596,0.2972550560776887,0.3226151753198605,0.3250299526722172,0.4106885222095553,0.5521848137280557,0.2691922306910548,Intermediate,6,0.0708437277723529,0.094058353935056,0.0933350619285338,0.28620680144529,1.81365957986558,0.3712944444444444,0.6344341733161732,15088.855555555556,2808.307334182884,12280.548221372672,0.8138820188288637,17.49074946296296,2.304247269841269,12.238421481481485,1.374555370942371,0.8699505555555556,0.5237351089982983,0.3837084756184756,0.8138820188288637,0.4762896382096383
D1_1274_3,D1,1274,3,0.046096420405586,0.1623708728284466,0.1868298480009685,0.1607423643988313,0.1089280986434102,0.2138169475429368,0.3291326130637554,0.3545083868985731,0.4076978706822881,0.3964910014617605,0.3275961530561181,0.4106885222095553,0.5521848137280557,0.2691922306910548,Intermediate,6,0.0752596540493357,0.0953763372355552,0.09340911324118,0.2921088995341818,1.8702318020878024,0.3422305555555555,0.6672716733161732,17899.911111111112,3029.640667516216,14870.270443594896,0.8193305555555553,18.337218907407404,2.4356528253968253,12.080054814814815,1.4601748153868157,0.8624894444444443,0.5106323312205205,0.4025834756184756,0.8193272222222223,0.4893924159874159
RD2_1274_1,RD2,1274,1,0.043039511237526,0.172415885466627,0.129344293115716,0.1534978127306923,0.0848716019540673,0.1696126776756893,0.221863458871244,0.2347184252659024,0.2018438535521682,0.2461678729109731,0.2785326720136751,0.4106885222095553,0.5521848137280557,0.2691922306910548,Intermediate,6,0.0775993557658527,0.1219151195641923,0.0939003477113954,0.3201735173323883,2.127684814814815,0.5032329223608637,0.6925944444444444,14545.2344517756,3181.323548260508,11363.910903515092,0.7812806965189791,20.387154444444448,0.9788414694444446,11.381864814814811,1.7713935185185183,0.8591877609922757,0.6171551026753812,0.30144325708061,0.7812806965189791,0.3829555010893246
RD2_1274_2,RD2,1274,2,0.0570850247000474,0.1848346466420906,0.2195638410016036,0.1867101950996464,0.130359687960578,0.2039782444993504,0.2770259034928785,0.2923256450166414,0.2915768284969394,0.255123473316145,0.2574666377575373,0.4106885222095553,0.5521848137280557,0.2691922306910548,Intermediate,6,0.0763906695039669,0.1176560470412764,0.0939218043734312,0.3374176869290787,2.3337181481481486,0.6706107001386412,0.7109861111111111,15810.345562886709,3478.601326038285,12331.744236848424,0.7799794247252904,20.260023888888888,0.9341109138888888,11.036570370370368,1.8100379629629624,0.8592638721033868,0.613057880453159,0.3001238126361655,0.7799794247252904,0.3870527233115469
RD2_1274_3,RD2,1274,3,0.039006462065385,0.2044841027368449,0.1640421057266303,0.1516946360694346,0.0923997153725773,0.1616798674200488,0.2621362916162313,0.2700098606742807,0.2857409835957527,0.3437788882325539,0.2783760589232832,0.4106885222095553,0.5521848137280557,0.2691922306910548,Intermediate,6,0.0861114237888334,0.1276162859451456,0.0964646789892607,0.3691305806592898,2.804084814814815,0.9249829223608632,0.7071416666666667,12911.928896220044,2937.045770482729,9974.883125737317,0.7725323773009201,22.96455444444445,0.7195581361111113,11.350198148148143,2.026049074074073,0.8471155387700534,0.6483884360087145,0.2650960348583878,0.7725323773009201,0.3517221677559912
