Sample_ID,Treatment,Variety,Sample,R460,R520,R580,R660,R710,R730,R760,R780,R810,R850,R900,D_conv,D_stress,D_recovery,Category,Rank
CK1_12_1,CK1,12,1,0.04310355067044,0.1864005714040013,0.1971068559192101,0.1534773122462888,0.085850579546513,0.1701317857820097,0.318089231281054,0.3800667292114657,0.3566121679905334,0.3784086828821867,0.3260408214235703,0.2649762862421151,0.2427274916209154,0.2872250808633149,Sensitive,9
CK1_12_2,CK1,12,2,0.0417178723155777,0.1780428710461944,0.1568067449516602,0.1524280649099858,0.0859626667109682,0.1807997225385528,0.2830196685164615,0.3240028464919388,0.3407407728523829,0.3317618697644905,0.3087111417634962,0.2649762862421151,0.2427274916209154,0.2872250808633149,Sensitive,9
CK1_12_3,CK1,12,3,0.0341313821397218,0.1738782489648488,0.1165025848961799,0.111067654815975,0.0693346283229141,0.1410171296968797,0.2436502135031598,0.2842102263536603,0.2710033869505475,0.3067481324079482,0.2959287732975494,0.2649762862421151,0.2427274916209154,0.2872250808633149,Sensitive,9
D1_12_1,D1,12,1,0.0431416427976883,0.1977674130699466,0.2011903306349816,0.1944889612272476,0.1187699735857205,0.1945889612272476,0.3160700711675018,0.3306537645445307,0.2899118253244378,0.3173210109263843,0.3084086778593046,0.2649762862421151,0.2427274916209154,0.2872250808633149,Sensitive,9
D1_12_2,D1,12,2,0.0430023971395452,0.2027253820565947,0.2033137742364287,0.201626422688826,0.1150994423900515,0.201726422688826,0.2783621193257798,0.2604758189699946,0.2439198494358187,0.2672125984100008,0.2960097481855981,0.2649762862421151,0.2427274916209154,0.2872250808633149,Sensitive,9
D1_12_3,D1,12,3,0.0452239454177958,0.1839086115510883,0.1808436564299225,0.1774195769765563,0.1089287446531363,0.1807179415149564,0.2534223281288033,0.2908979240466331,0.2773354821618059,0.2764416133581111,0.2523255400242502,0.2649762862421151,0.2427274916209154,0.2872250808633149,Sensitive,9
RD2_12_1,RD2,12,1,0.0562267677957722,0.2083616604170656,0.1944286447531118,0.1993141137807988,0.1364340565038369,0.2167519583956768,0.2778092085843928,0.2972398789934724,0.3223000815523339,0.3149894093780087,0.2840237166608388,0.2649762862421151,0.2427274916209154,0.2872250808633149,Sensitive,9
RD2_12_2,RD2,12,2,0.0395571824116568,0.1566274617755954,0.1460357873837777,0.1500204224632237,0.1154447722080199,0.1705583587014685,0.2456673637233723,0.2251716985852265,0.1830556422558294,0.2675868738639791,0.2725765460324957,0.2649762862421151,0.2427274916209154,0.2872250808633149,Sensitive,9
RD2_12_3,RD2,12,3,0.0508110607762986,0.2057197925238761,0.2001098515289535,0.1766442380798625,0.1116718046843487,0.1767442380798624,0.2295006681318668,0.3113760690632384,0.2687917532974141,0.2589084653648086,0.2353187623347445,0.2649762862421151,0.2427274916209154,0.2872250808633149,Sensitive,9
CK1_73_1,CK1,73,1,0.0335461445107635,0.1971970849000958,0.1843522609802082,0.1638076164599538,0.091610225551328,0.2032093607433052,0.3366045319207202,0.3990777433296766,0.3569868746768616,0.3549676657306175,0.3266662636065527,0.3276960420194899,0.339055735035649,0.3163363490033307,Intermediate,8
CK1_73_2,CK1,73,2,0.0446636285659727,0.2004896333359584,0.1731130298193953,0.179517441336247,0.098613735438157,0.1993403280812494,0.3275803065868763,0.364944833579246,0.383842074795637,0.3885443873824791,0.377267487849314,0.3276960420194899,0.339055735035649,0.3163363490033307,Intermediate,8
CK1_73_3,CK1,73,3,0.0291646259913107,0.1752960673329404,0.1576794856373584,0.1232143251269907,0.0805255646195099,0.1536843859629504,0.2607129980035689,0.3153411665812898,0.2917525164873965,0.3501529096723227,0.3061119051752184,0.3276960420194899,0.339055735035649,0.3163363490033307,Intermediate,8
D1_73_1,D1,73,1,0.0397581999183538,0.159321931815064,0.1537554297460389,0.1631320343284841,0.1150864504363704,0.1751645211005882,0.2565491360110307,0.2545030822790656,0.2688431677991699,0.2710795738215683,0.2758458931147359,0.3276960420194899,0.339055735035649,0.3163363490033307,Intermediate,8
D1_73_2,D1,73,2,0.0398850326447359,0.1722125333573058,0.1335948231935406,0.1331442530210378,0.0639713262011525,0.1451767397931419,0.2765431014669777,0.2451703529386997,0.2458890460921587,0.2942420068613594,0.3107590840364462,0.3276960420194899,0.339055735035649,0.3163363490033307,Intermediate,8
D1_73_3,D1,73,3,0.0403247700996319,0.1553943435665767,0.1617837825992148,0.133022055453544,0.0855324037868117,0.1579514713193706,0.2236085340134984,0.2756635843517295,0.277209450211327,0.2677958696334242,0.2371097768080962,0.3276960420194899,0.339055735035649,0.3163363490033307,Intermediate,8
RD2_73_1,RD2,73,1,0.0509967980863984,0.2054525401421473,0.188912250182915,0.1862547540580958,0.1228462015856997,0.2278427233441818,0.3498148440595899,0.3721564502210197,0.3343085216307714,0.3149500983782857,0.2973003219423476,0.3276960420194899,0.339055735035649,0.3163363490033307,Intermediate,8
RD2_73_2,RD2,73,2,0.053977646506254,0.215415184771698,0.1925384982854975,0.2103509646537801,0.1276717768621398,0.2177749519526333,0.2896772596528519,0.3244116616759728,0.3221254958272642,0.3423776174043572,0.3400182873438978,0.3276960420194899,0.339055735035649,0.3163363490033307,Intermediate,8
RD2_73_3,RD2,73,3,0.0397825534103059,0.1792948389843068,0.1901912393603157,0.1395895724664178,0.1130485904076136,0.1631746517920146,0.2510556864828785,0.26563512434049,0.257995784049948,0.3117319923286044,0.2684705268305582,0.3276960420194899,0.339055735035649,0.3163363490033307,Intermediate,8
CK1_1099_1,CK1,1099,1,0.0322543916518913,0.1669963044103894,0.1623836488693103,0.1360510883265176,0.0694090871423007,0.1607376758201293,0.2881587689783874,0.2873180627665938,0.3152271975582753,0.3447817418062732,0.3230253591851095,0.5283258341525979,0.3479699142318796,0.7086817540733164,Tolerant,3
CK1_1099_2,CK1,1099,2,0.0425589693543534,0.2297471001804872,0.1588450945852893,0.1439358660591456,0.0830874171369702,0.1770414394347258,0.3677003457762466,0.3940240302401132,0.4353191289955791,0.4168916812533321,0.3996899032783783,0.5283258341525979,0.3479699142318796,0.7086817540733164,Tolerant,3
CK1_1099_3,CK1,1099,3,0.03405063200411,0.1773088754196509,0.1470524463868327,0.1314745358408033,0.0786447123594531,0.1627944386461627,0.2836434185942659,0.3578793725039669,0.3303739322322437,0.3320603348179411,0.3106342895183103,0.5283258341525979,0.3479699142318796,0.7086817540733164,Tolerant,3
D1_1099_1,D1,1099,1,0.0320270225030141,0.1368734943388556,0.1382089201030709,0.1620011730270355,0.0771812560270298,0.1621011730270355,0.2972323887988119,0.3253589429434577,0.3483499581897039,0.3172921713037889,0.3011528143763446,0.5283258341525979,0.3479699142318796,0.7086817540733164,Tolerant,3
D1_1099_2,D1,1099,2,0.0272998026292968,0.1277422760920745,0.065256758692611,0.1321820992644462,0.0602741315964227,0.1322820992644462,0.20831741487696,0.2163463822896361,0.2449415316584322,0.2468976396717273,0.2453496022975562,0.5283258341525979,0.3479699142318796,0.7086817540733164,Tolerant,3
D1_1099_3,D1,1099,3,0.022240194838103,0.114553755933368,0.0851581542092268,0.1104877221011349,0.0777999258655973,0.1105877221011349,0.1742556640288234,0.1722829486700864,0.1704606864869483,0.1864952992548778,0.2125632538135458,0.5283258341525979,0.3479699142318796,0.7086817540733164,Tolerant,3
RD2_1099_1,RD2,1099,1,0.0574117571576794,0.1719544737081535,0.1982489651601638,0.155927951260832,0.1345231889135415,0.1983606047244162,0.2616116286572634,0.3675985703254135,0.4080774832619819,0.3989306927130045,0.3566506549020619,0.5283258341525979,0.3479699142318796,0.7086817540733164,Tolerant,3
RD2_1099_2,RD2,1099,2,0.0454058938714067,0.1667440111289947,0.142023784602087,0.1487738073375198,0.1078723795823342,0.1912064608011038,0.2236470962070466,0.3039169222389876,0.330001071317188,0.4643969859619807,0.4268690733500693,0.5283258341525979,0.3479699142318796,0.7086817540733164,Tolerant,3
RD2_1099_3,RD2,1099,3,0.067680333993103,0.1761399409832409,0.2166917886174039,0.1959433384465572,0.1820464883501368,0.293580273546386,0.3451014821030689,0.451858136299218,0.4833413867225705,0.3818308705010419,0.3427511019915389,0.5283258341525979,0.3479699142318796,0.7086817540733164,Tolerant,3
CK1_1110_1,CK1,1110,1,0.0380552887139611,0.1541540875618747,0.0958012014282502,0.1055161353787839,0.0605424840473851,0.128686134447297,0.2075585042904196,0.2268944889834001,0.1965108520643376,0.251876702846679,0.2148061480338165,0.22321650706773,0.3435036429518976,0.1029293711835625,Sensitive,11
CK1_1110_2,CK1,1110,2,0.0407066685911727,0.1182196988776224,0.093447555727253,0.0671404166196401,0.0485381835440463,0.0779457257104755,0.1389736453680623,0.204070515134862,0.1866298257963548,0.1830389348558102,0.1615780351670689,0.22321650706773,0.3435036429518976,0.1029293711835625,Sensitive,11
CK1_1110_3,CK1,1110,3,0.0349788478206057,0.1149670603562453,0.0560314112247396,0.0607339703746073,0.0406073236548513,0.0786146080772719,0.1554837187873015,0.1673173243715734,0.1630808183733134,0.1681506605102154,0.1884277731518479,0.22321650706773,0.3435036429518976,0.1029293711835625,Sensitive,11
D1_1110_1,D1,1110,1,0.0335957975572356,0.1424693044790644,0.1309381468394196,0.1362001651871088,0.0933396736779118,0.1638273887073126,0.2641008880175159,0.2558130164871988,0.2222555259584337,0.249962542885654,0.2644793457182715,0.22321650706773,0.3435036429518976,0.1029293711835625,Sensitive,11
D1_1110_2,D1,1110,2,0.0247170777031762,0.110189524309982,0.0749280048001993,0.0911677403225258,0.0528911570745796,0.0921984328205796,0.1201553521699018,0.1321181743533188,0.1152637782983688,0.1297360356635043,0.1406812407550448,0.22321650706773,0.3435036429518976,0.1029293711835625,Sensitive,11
D1_1110_3,D1,1110,3,0.0466251100946176,0.1544818117855545,0.1682824953067323,0.1423066844025117,0.0992431206362216,0.1682478031489873,0.2403949239624183,0.2826255002805656,0.2779258099712126,0.2849126068771643,0.2660920100472161,0.22321650706773,0.3435036429518976,0.1029293711835625,Sensitive,11
RD2_1110_1,RD2,1110,1,0.0440391982752726,0.1637430995223325,0.1296430252540463,0.1383295058008456,0.0903876867808701,0.1384295058008456,0.1918247438769488,0.1788398355894432,0.1649081957043662,0.1969964302629284,0.2128757967318572,0.22321650706773,0.3435036429518976,0.1029293711835625,Sensitive,11
RD2_1110_2,RD2,1110,2,0.0338093357119408,0.1732692147326319,0.1480063140202053,0.1469221153742625,0.0709905822910412,0.1470221153742625,0.2111879491299094,0.1866331974871545,0.1424816800346354,0.1470221153742625,0.1002281127505846,0.22321650706773,0.3435036429518976,0.1029293711835625,Sensitive,11
RD2_1110_3,RD2,1110,3,0.0418834769965142,0.1305324041384108,0.1357327279274648,0.1264639016094477,0.0980262190994338,0.131199070276639,0.1598966363820528,0.1996782831340923,0.1362360415311166,0.2279742532074459,0.2161884027105618,0.22321650706773,0.3435036429518976,0.1029293711835625,Sensitive,11
CK1_1210_1,CK1,1210,1,0.0283474752970267,0.1793449473312265,0.166382073031561,0.1557283563931399,0.0918167629117814,0.1861234618234334,0.2709975601826648,0.2867626071876236,0.3239463338949563,0.2907435382653842,0.3317477233581201,0.3561671112879607,0.3130108635819076,0.3993233589940138,Intermediate,7
CK1_1210_2,CK1,1210,2,0.0361490577460188,0.219801370269111,0.1773360900197978,0.157743750424739,0.0884919203878829,0.1901739995755412,0.3210457527166362,0.3952225146847353,0.3971107683360685,0.4314111153193909,0.3762410628754964,0.3561671112879607,0.3130108635819076,0.3993233589940138,Intermediate,7
CK1_1210_3,CK1,1210,3,0.0442218660250014,0.2351675970592533,0.1764130145410073,0.1603141754509174,0.0960534968347287,0.1943891673783302,0.3441530408985119,0.3196845305174782,0.3550860115583117,0.3866817481200961,0.3710514278278982,0.3561671112879607,0.3130108635819076,0.3993233589940138,Intermediate,7
D1_1210_1,D1,1210,1,0.0354942661355771,0.1769579163598439,0.1421399558770717,0.1623560275627607,0.1207019321009918,0.2101860695293782,0.2821192861664544,0.3097643836095518,0.3110480237592803,0.3446771411294676,0.3082666389012066,0.3561671112879607,0.3130108635819076,0.3993233589940138,Intermediate,7
D1_1210_2,D1,1210,2,0.0410952769554514,0.1764034182450095,0.1484595809135256,0.1411452865600041,0.1232321808428856,0.1889753285266216,0.2476979010707932,0.2460431082358442,0.2068287336089643,0.235486898260151,0.2460216588748319,0.3561671112879607,0.3130108635819076,0.3993233589940138,Intermediate,7
D1_1210_3,D1,1210,3,0.0440079595716931,0.1982465324858477,0.1490572484049526,0.1377627067415453,0.1212087656605365,0.205633347383304,0.3198296704178694,0.3098351878770789,0.3354421528664291,0.3069058435790397,0.3293071719281767,0.3561671112879607,0.3130108635819076,0.3993233589940138,Intermediate,7
RD2_1210_1,RD2,1210,1,0.0485060935484165,0.1810169462902732,0.1825153060327212,0.1867094986050513,0.1230802089378144,0.2008399360279819,0.2616836294833002,0.3114347273446723,0.3027136073476683,0.316316421004699,0.2923753463008522,0.3561671112879607,0.3130108635819076,0.3993233589940138,Intermediate,7
RD2_1210_2,RD2,1210,2,0.0497140994275756,0.2059945788637761,0.1968903443018779,0.2008604445019662,0.1540236815886202,0.2149908819248968,0.2589592096534613,0.3135081037123969,0.3355815826661765,0.3296337878308457,0.2889654330932596,0.3561671112879607,0.3130108635819076,0.3993233589940138,Intermediate,7
RD2_1210_3,RD2,1210,3,0.0483548050269662,0.1824350432488639,0.184227528919064,0.1703455251325178,0.1289480337505561,0.2117821034025014,0.3484580044937045,0.3393679556592027,0.3064965555032887,0.3610208862824267,0.3291487519534953,0.3561671112879607,0.3130108635819076,0.3993233589940138,Intermediate,7
CK1_1214_1,CK1,1214,1,0.0422965572026242,0.1740842385693378,0.1555264440445184,0.1375558612416792,0.0896382786637983,0.1747222194113569,0.2959351740919985,0.3524215544762841,0.3442888597630157,0.3463382304740016,0.3002897903158726,0.4224687599365873,0.5934904367373185,0.2514470831358561,Intermediate,5
CK1_1214_2,CK1,1214,2,0.0447047965649852,0.1718983155051779,0.1571722981192948,0.1522162566367063,0.0890428600172812,0.1811041314175067,0.3059549580096317,0.331023655837578,0.3138368716568134,0.3541990746217363,0.3317183459849616,0.4224687599365873,0.5934904367373185,0.2514470831358561,Intermediate,5
CK1_1214_3,CK1,1214,3,0.0396930453004376,0.1913392618898419,0.1568731735637512,0.1339189669663863,0.0772938868054447,0.15504102295345,0.2772661177959182,0.3483332956639448,0.3297657874782246,0.3530256012645431,0.3311577555310692,0.4224687599365873,0.5934904367373185,0.2514470831358561,Intermediate,5
D1_1214_1,D1,1214,1,0.0315791180648374,0.1284617496727922,0.079806502050718,0.0788794338478806,0.0708308358985204,0.12435276659163,0.1674143361857488,0.2255167386584111,0.2672158448780563,0.2511169079484715,0.2410460227729019,0.4224687599365873,0.5934904367373185,0.2514470831358561,Intermediate,5
D1_1214_2,D1,1214,2,0.0604178463359921,0.1695879015721108,0.1748044228703444,0.1577757884115503,0.1261941724079788,0.2140912415912836,0.3241209740744292,0.3907672855153387,0.4465987888713875,0.4274044333025824,0.4041156963092959,0.4224687599365873,0.5934904367373185,0.2514470831358561,Intermediate,5
D1_1214_3,D1,1214,3,0.0449220382618922,0.1492299683758076,0.1190616483329751,0.1033887254282914,0.0936076606836318,0.1480585494071452,0.2738664205820285,0.2957520872432833,0.3016792115534604,0.3339246656809513,0.3290516261873612,0.4224687599365873,0.5934904367373185,0.2514470831358561,Intermediate,5
RD2_1214_1,RD2,1214,1,0.0494455385766493,0.1897192493046145,0.0981918337503289,0.1126527052968009,0.0747927268065406,0.1127527052968009,0.139959170431216,0.1492079011854314,0.1333376590541351,0.1127527052968009,0.1111481181766965,0.4224687599365873,0.5934904367373185,0.2514470831358561,Intermediate,5
RD2_1214_2,RD2,1214,2,0.0451657052980864,0.1262409364897875,0.0784353624998768,0.0846817793990353,0.0600369638536461,0.0847817793990353,0.1042699020065281,0.1437884081134532,0.0932925241106929,0.223885244009461,0.2079880311191183,0.4224687599365873,0.5934904367373185,0.2514470831358561,Intermediate,5
RD2_1214_3,RD2,1214,3,0.0583377541282227,0.1439961869196737,0.111385827563663,0.1025088605986416,0.0809023880851363,0.1297414804271326,0.2047827552451826,0.2496604695556575,0.1956207370093568,0.1528161668132696,0.1694599959081834,0.4224687599365873,0.5934904367373185,0.2514470831358561,Intermediate,5
CK1_1218_1,CK1,1218,1,0.0318588725294825,0.1422113761031305,0.087421116203297,0.0850911290927556,0.0719007879345578,0.1327876019268807,0.2395446240172066,0.3036382295659782,0.2420522562884322,0.2794719059655776,0.2738468579450479,0.2061603258263428,0.3093793559901545,0.1029412956625311,Sensitive,12
CK1_1218_2,CK1,1218,2,0.0417727962734105,0.1710533429536904,0.1221744545981399,0.1199112977320955,0.0511887068066007,0.1306696202444087,0.1822496299191627,0.2500657100361215,0.2796161298321263,0.3002919669130106,0.2350284962129998,0.2061603258263428,0.3093793559901545,0.1029412956625311,Sensitive,12
CK1_1218_3,CK1,1218,3,0.0332971363228465,0.1516962628990064,0.1296311419090192,0.1013224035344271,0.0611108532687715,0.1130979372817032,0.2495754686279217,0.2685124573828025,0.2708264318239125,0.2732360661136781,0.2811873658364261,0.2061603258263428,0.3093793559901545,0.1029412956625311,Sensitive,12
D1_1218_1,D1,1218,1,0.0443735183976669,0.1791093212875767,0.1824420016222107,0.1814915198877421,0.0956766436203742,0.181591519887742,0.2763518321762236,0.2864670675531115,0.2363607679726825,0.2984272867144209,0.3124856470315791,0.2061603258263428,0.3093793559901545,0.1029412956625311,Sensitive,12
D1_1218_2,D1,1218,2,0.0377897662094792,0.1832691673762006,0.2014079020452747,0.1956854828322939,0.1232692626009248,0.2249835290722559,0.2777263942558641,0.2909440715320944,0.3038871844788425,0.3176298071444391,0.3143968332656023,0.2061603258263428,0.3093793559901545,0.1029412956625311,Sensitive,12
D1_1218_3,D1,1218,3,0.0445057007478832,0.1973412602574989,0.2250343203312886,0.1972263128274962,0.1057715369430395,0.2274489664472807,0.3225558699365182,0.2825160911500973,0.3548400055256346,0.335110627966501,0.2989527399656946,0.2061603258263428,0.3093793559901545,0.1029412956625311,Sensitive,12
RD2_1218_1,RD2,1218,1,0.0497363511715996,0.1810697568845735,0.2028241336829154,0.1937419735638389,0.1402453873926587,0.1938419735638389,0.1994190401921002,0.2061820828010744,0.1168074612289289,0.1938419735638389,0.2056289466723112,0.2061603258263428,0.3093793559901545,0.1029412956625311,Sensitive,12
RD2_1218_2,RD2,1218,2,0.055766107453133,0.1862657646654965,0.2072629304771374,0.2273802460588843,0.1384940043915415,0.2274802460588843,0.289998084206971,0.2304693998007739,0.2427804930309183,0.2274802460588843,0.2017228360505702,0.2061603258263428,0.3093793559901545,0.1029412956625311,Sensitive,12
RD2_1218_3,RD2,1218,3,0.045712552358995,0.1663764407928464,0.1545391576369676,0.1535169468899033,0.1152608272735076,0.1837535570716937,0.181508465063495,0.2268558759256821,0.1629662310430936,0.2193889462518987,0.1929009995148836,0.2061603258263428,0.3093793559901545,0.1029412956625311,Sensitive,12
CK1_1219_1,CK1,1219,1,0.0349487228247772,0.1776427323540549,0.1068337142888982,0.0980306078916063,0.0632702620215839,0.1189935521690942,0.2007929016619541,0.2169566536878378,0.1934609205001509,0.214748654118544,0.2361034701778512,0.2370211071473494,0.3988462936126172,0.0751959206820815,Sensitive,10
CK1_1219_2,CK1,1219,2,0.0403478639359623,0.1582864386458512,0.1209952972096136,0.1224714703750369,0.0742062595387107,0.1497450725845237,0.2496011047268153,0.2920403289906546,0.276558839436165,0.3131712285579487,0.2819689343392919,0.2370211071473494,0.3988462936126172,0.0751959206820815,Sensitive,10
CK1_1219_3,CK1,1219,3,0.049598218365,0.1986838742641192,0.1664522523154386,0.1320041185866991,0.0721480575774009,0.1570501649009795,0.2731440790798463,0.3110895052231476,0.334484994254634,0.3353543395183981,0.315431165198339,0.2370211071473494,0.3988462936126172,0.0751959206820815,Sensitive,10
D1_1219_1,D1,1219,1,0.0541976266644716,0.1557181347854207,0.1943472582160444,0.2125311903516217,0.1270459312688743,0.2443215701348534,0.3343390981711371,0.3544898636730489,0.3671375751248276,0.40396503356542,0.3627927615007429,0.2370211071473494,0.3988462936126172,0.0751959206820815,Sensitive,10
D1_1219_2,D1,1219,2,0.0553609478359663,0.1609038424874964,0.2348893026176668,0.1776545154386062,0.1070098158018513,0.2309831250309443,0.3948450605519374,0.4331089043789268,0.4339175970753164,0.4599552523743437,0.401261900424101,0.2370211071473494,0.3988462936126172,0.0751959206820815,Sensitive,10
D1_1219_3,D1,1219,3,0.0517194108545913,0.1717354531611686,0.200622582921804,0.1989375582263589,0.1363365167613676,0.2092986263887103,0.3385298280967273,0.3383120913801639,0.3567609577666045,0.4065845225581611,0.2984789257976164,0.2370211071473494,0.3988462936126172,0.0751959206820815,Sensitive,10
RD2_1219_1,RD2,1219,1,0.0336310246312885,0.1398886730410705,0.1132043890147724,0.1054795451341493,0.066423469787701,0.1055795451341493,0.1209047090364443,0.0776312175938356,0.0467229617970548,0.1127574321995029,0.1498337954374599,0.2370211071473494,0.3988462936126172,0.0751959206820815,Sensitive,10
RD2_1219_2,RD2,1219,2,0.0425854781158224,0.162672985743766,0.1337740393491196,0.1408999673444444,0.0901299998457028,0.1463715078602297,0.1789697294986153,0.2040265626046638,0.1746590591466247,0.1708692687899507,0.1886727506227221,0.2370211071473494,0.3988462936126172,0.0751959206820815,Sensitive,10
RD2_1219_3,RD2,1219,3,0.0510965082366167,0.1668537986149789,0.1449346208328274,0.1559432524084373,0.0991818829969582,0.1560432524084373,0.1756560526750477,0.1526214877025479,0.1142142280749503,0.1560432524084373,0.0947573058693205,0.2370211071473494,0.3988462936126172,0.0751959206820815,Sensitive,10
CK1_1228_1,CK1,1228,1,0.0345212341740837,0.1502324122408797,0.089657293481717,0.0867736556840454,0.0564307599284427,0.1068438747993998,0.1881762421335544,0.1786731318266183,0.1933931590959119,0.2232731330167042,0.2160547438778361,0.4714456240612147,0.6667832035422664,0.2761080445801631,Intermediate,4
CK1_1228_2,CK1,1228,2,0.027600136802907,0.1427683582893488,0.0842812577652461,0.0844266714800453,0.0521003497447703,0.0984075678478916,0.1410170728529748,0.1839131110078116,0.2023047604141204,0.1827712725349532,0.1911737279935275,0.4714456240612147,0.6667832035422664,0.2761080445801631,Intermediate,4
CK1_1228_3,CK1,1228,3,0.0435730280910563,0.1519626078269695,0.1155820629330883,0.1090261065217348,0.0746597388201051,0.1250640848487731,0.2193778566732933,0.2254572627672114,0.2136103632991035,0.2586855470834244,0.2472625245812062,0.4714456240612147,0.6667832035422664,0.2761080445801631,Intermediate,4
D1_1228_1,D1,1228,1,0.0336618587232554,0.1628883888234467,0.1459838500514284,0.1283404790068448,0.136511233867084,0.1923778632468379,0.3068521891575997,0.3863051361863681,0.3711669562539197,0.3696975742827566,0.3866895803332639,0.4714456240612147,0.6667832035422664,0.2761080445801631,Intermediate,4
D1_1228_2,D1,1228,2,0.048628611864099,0.2009955265840664,0.1903680002381481,0.1634342987895413,0.1424154559290608,0.2071034260414695,0.3904700649205417,0.4583394900457812,0.469528232693538,0.4818112660428892,0.4297195761142183,0.4714456240612147,0.6667832035422664,0.2761080445801631,Intermediate,4
D1_1228_3,D1,1228,3,0.0368115320753673,0.1826635290661482,0.1268079972275734,0.1325479851879222,0.1285865715865781,0.1762171124398505,0.2796860606744809,0.3086111174278276,0.4022365283082384,0.3784582381181181,0.3654320604259288,0.4714456240612147,0.6667832035422664,0.2761080445801631,Intermediate,4
RD2_1228_1,RD2,1228,1,0.0310016181790105,0.1391297476411754,0.0998161149619371,0.0987012966152724,0.0798959273295182,0.1029020404672226,0.1280834650019164,0.1622390950282307,0.1415374209419967,0.1847333130407309,0.199599891210082,0.4714456240612147,0.6667832035422664,0.2761080445801631,Intermediate,4
RD2_1228_2,RD2,1228,2,0.0434515473598373,0.1500928371737364,0.1516508223605823,0.1378686348368086,0.111990106508044,0.1682111876449216,0.2057417879696286,0.2093949733095524,0.2232232109667912,0.2604497115620003,0.2267563570031445,0.4714456240612147,0.6667832035422664,0.2761080445801631,Intermediate,4
RD2_1228_3,RD2,1228,3,0.0490198324641105,0.1638115381522897,0.1324752947810256,0.1478191468935801,0.094371355749947,0.1520198907455303,0.2352655949894807,0.2390998984696125,0.2161853765872017,0.198533300889322,0.1924742775237486,0.4714456240612147,0.6667832035422664,0.2761080445801631,Intermediate,4
CK1_1235_1,CK1,1235,1,0.0362364062580721,0.1745304358425281,0.1310406046272519,0.0824434975543254,0.0623887257104514,0.1148529730861743,0.2023317277136957,0.260427867455333,0.2756907377069945,0.2545198752519093,0.2588791283277568,0.1730928483356376,0.2353341300842579,0.1108515665870173,Sensitive,13
CK1_1235_2,CK1,1235,2,0.0375341358818304,0.1268488506073218,0.115304892726222,0.1062237673713767,0.0694598100175063,0.1264227813700572,0.1920122260017478,0.2724382936163779,0.2140595437309703,0.2466509357900662,0.2194521825303969,0.1730928483356376,0.2353341300842579,0.1108515665870173,Sensitive,13
CK1_1235_3,CK1,1235,3,0.034046262985837,0.1542549535317295,0.0882198958065498,0.1194662954778013,0.0566935078997255,0.1301073069441671,0.2765650969107759,0.2504290288223844,0.3112253093571417,0.3259697953444709,0.2948213398490234,0.1730928483356376,0.2353341300842579,0.1108515665870173,Sensitive,13
D1_1235_1,D1,1235,1,0.0502919269832149,0.1532142451010895,0.1673211872856766,0.1618420454586241,0.1140728933522092,0.1775355941038383,0.2798677774265782,0.2521466142618933,0.2173409770663412,0.2376409367125859,0.2312427269649805,0.1730928483356376,0.2353341300842579,0.1108515665870173,Sensitive,13
D1_1235_2,D1,1235,2,0.0295957429635171,0.1300983643618538,0.1178005893840065,0.1156441517098953,0.0608832662171597,0.1157441517098954,0.1610802534758289,0.1776978972517545,0.2191093567039574,0.2362470295784238,0.2174279152316597,0.1730928483356376,0.2353341300842579,0.1108515665870173,Sensitive,13
D1_1235_3,D1,1235,3,0.0352943154082973,0.1447165381801248,0.1483689308684503,0.1588348936295456,0.0930454195244529,0.1700077488924535,0.2402901038711107,0.2605261266710924,0.2026934934898093,0.2200672121552996,0.2649034283189034,0.1730928483356376,0.2353341300842579,0.1108515665870173,Sensitive,13
RD2_1235_1,RD2,1235,1,0.0302537575611256,0.1382426503211118,0.0914616963050432,0.1033112373296545,0.0603939989283767,0.1034112373296545,0.0877111944383927,0.0812091086075715,0.0988416982185109,0.1488958783995316,0.1504393339297037,0.1730928483356376,0.2353341300842579,0.1108515665870173,Sensitive,13
RD2_1235_2,RD2,1235,2,0.0429690239554638,0.2035322585223539,0.1330813470542593,0.1466615728572022,0.0715729046769944,0.1467615728572022,0.2051756086810255,0.1846205740712901,0.1699506015034621,0.1467615728572022,0.1319468369326176,0.1730928483356376,0.2353341300842579,0.1108515665870173,Sensitive,13
RD2_1235_3,RD2,1235,3,0.0462562294671382,0.1749723927019164,0.1290371081357084,0.1196381939053292,0.0938665001517024,0.1370623347902413,0.1721360468416113,0.1865967637101449,0.0829221701586541,0.1441985601636382,0.1848289810373346,0.1730928483356376,0.2353341300842579,0.1108515665870173,Sensitive,13
CK1_1252_1,CK1,1252,1,0.0360400127967051,0.1545708031409715,0.122782843411877,0.1121858867969613,0.0699462696435406,0.1370517376885507,0.3147556372190461,0.3608181711710106,0.3768905198742338,0.356835755438351,0.3384620912184102,0.5746672551712988,0.6470500822891091,0.5022844280534884,Tolerant,1
CK1_1252_2,CK1,1252,2,0.0456925191300144,0.1888034042105849,0.1475129475257818,0.1194399362082256,0.069964165059637,0.1686924285203503,0.334793846007919,0.3850853407690022,0.3880239129594238,0.4022367378086673,0.3775471630917564,0.5746672551712988,0.6470500822891091,0.5022844280534884,Tolerant,1
CK1_1252_3,CK1,1252,3,0.0512554610836353,0.1809226680612363,0.1514230102714811,0.1399536834325738,0.0781805850360863,0.1643048540735295,0.3187214914104307,0.3971614419558585,0.3836517130548603,0.4111418285794668,0.393568380212166,0.5746672551712988,0.6470500822891091,0.5022844280534884,Tolerant,1
D1_1252_1,D1,1252,1,0.047444682298189,0.1951157602759423,0.1602967548195854,0.1366387838987533,0.1031520104804502,0.1896082403656987,0.3824423245070093,0.4794943807776287,0.545969635209066,0.5418306849813195,0.4887421295860309,0.5746672551712988,0.6470500822891091,0.5022844280534884,Tolerant,1
D1_1252_2,D1,1252,2,0.0413534992330355,0.19839550503121,0.1486042979466873,0.1156336443815409,0.0757523044664842,0.1842131763766521,0.3679501387630129,0.451518753513959,0.5382037166204395,0.5209898483958948,0.5147538969425016,0.5746672551712988,0.6470500822891091,0.5022844280534884,Tolerant,1
D1_1252_3,D1,1252,3,0.0389258384391894,0.191616769715399,0.1771141684527782,0.1386031892879137,0.0925287087290151,0.2075919410892278,0.3756376579559552,0.4647760456105561,0.5403218505049148,0.5267933157668861,0.496047797092184,0.5746672551712988,0.6470500822891091,0.5022844280534884,Tolerant,1
RD2_1252_1,RD2,1252,1,0.0479344357717601,0.1908790885651826,0.1824241685317866,0.1655140024329346,0.1287086373224641,0.2233255307439906,0.3189440366346096,0.4129954704741501,0.3780336404440854,0.3806248135185277,0.3365303865788247,0.5746672551712988,0.6470500822891091,0.5022844280534884,Tolerant,1
RD2_1252_2,RD2,1252,2,0.0454461512492573,0.2043636990393415,0.1915220176773016,0.1503647216557087,0.1239992958151162,0.2033356222257853,0.3083467528649051,0.3595045352241159,0.4026816114181676,0.4061776059192829,0.3802755819052221,0.5746672551712988,0.6470500822891091,0.5022844280534884,Tolerant,1
RD2_1252_3,RD2,1252,3,0.0443153980011717,0.1845765061993552,0.1575527139930733,0.1652976112135369,0.1173240937048704,0.2006085797450751,0.2911458941846136,0.342317779388093,0.3842317695782398,0.4128850513764707,0.3833646782177875,0.5746672551712988,0.6470500822891091,0.5022844280534884,Tolerant,1
CK1_1257_1,CK1,1257,1,0.0316632424867225,0.1552354113738639,0.1007679954017414,0.1040587629264838,0.0563257960157083,0.1372161430686883,0.2099709052795787,0.2358728358674329,0.2449089626109475,0.2615984638253695,0.260054890255302,0.5317110600542118,0.6884466500654246,0.3749754700429988,Tolerant,2
CK1_1257_2,CK1,1257,2,0.0330015152540073,0.1429320030188122,0.1245370134470982,0.1183961692506178,0.0858688159299341,0.1201031732216769,0.2325148370236747,0.1937637573085972,0.2374365000944751,0.249566798864694,0.2041523283425517,0.5317110600542118,0.6884466500654246,0.3749754700429988,Tolerant,2
CK1_1257_3,CK1,1257,3,0.045439235269625,0.1879061484022547,0.1538402818197615,0.1266702261474257,0.0819211826744643,0.1649034175730572,0.2627376767831451,0.2878591427846706,0.2989766386419434,0.3019204864668162,0.3299679393928001,0.5317110600542118,0.6884466500654246,0.3749754700429988,Tolerant,2
D1_1257_1,D1,1257,1,0.0619245376989788,0.2223048355506805,0.2500722787231364,0.1797778690388171,0.133886659327803,0.2800053033014065,0.4525233410997837,0.5498493522385941,0.59639723090907,0.5596278597477349,0.519671142155496,0.5317110600542118,0.6884466500654246,0.3749754700429988,Tolerant,2
D1_1257_2,D1,1257,2,0.0360936569046536,0.1535982604457336,0.1340187862237957,0.1295953532961764,0.1009501202033618,0.1629693850889532,0.3274410027941356,0.387111487651921,0.4315319535795963,0.4255786091671952,0.4083835813020093,0.5317110600542118,0.6884466500654246,0.3749754700429988,Tolerant,2
D1_1257_3,D1,1257,3,0.0380363253667815,0.1745975189388085,0.1747927042268004,0.161844297083352,0.1455208798844084,0.2075044168545066,0.3595554091949411,0.4149697885880841,0.4606344903212861,0.4347241471813503,0.4205888587829274,0.5317110600542118,0.6884466500654246,0.3749754700429988,Tolerant,2
RD2_1257_1,RD2,1257,1,0.0456906475182169,0.2000274395820843,0.1682393550654475,0.1653096099248562,0.1372865976346299,0.220693823203552,0.2795423381372977,0.3320309613775841,0.2827457218599132,0.3097397404784588,0.2831409119862714,0.5317110600542118,0.6884466500654246,0.3749754700429988,Tolerant,2
RD2_1257_2,RD2,1257,2,0.0451547620499336,0.1604703442339771,0.1780025613434707,0.1792255899803842,0.138499023903424,0.1908560443452829,0.2513745069093238,0.2432632741126659,0.2751576473877728,0.2449488189749699,0.209190204089548,0.5317110600542118,0.6884466500654246,0.3749754700429988,Tolerant,2
RD2_1257_3,RD2,1257,3,0.0486835754540386,0.1474693815097314,0.1520987745698254,0.155524947075388,0.1477281120054294,0.169779324486713,0.198234730003914,0.1965627964913757,0.2491442628975343,0.2793947445535248,0.2781805138578804,0.5317110600542118,0.6884466500654246,0.3749754700429988,Tolerant,2
CK1_1274_1,CK1,1274,1,0.0403430288616433,0.1811714159242868,0.1491288434698907,0.1303724670440898,0.0661866702276247,0.1562722242393303,0.2910785005525735,0.3477835067550996,0.3413290514772481,0.3529475387756504,0.3543526686786692,0.4106885222095553,0.5521848137280557,0.2691922306910548,Intermediate,6
CK1_1274_2,CK1,1274,2,0.0369477382952287,0.1582255988041604,0.1030699164221086,0.1012700721214588,0.0522163406361808,0.1144693313963515,0.2279431822622858,0.2786272498380621,0.2669278922972936,0.275290630090293,0.2653497152917825,0.4106885222095553,0.5521848137280557,0.2691922306910548,Intermediate,6
CK1_1274_3,CK1,1274,3,0.0484936319111749,0.1827093012769446,0.1643416201212759,0.131854486518064,0.0917850909002075,0.1873096335162773,0.3091174306123093,0.3664453474147869,0.3503226160673962,0.3956277604056322,0.3322033337284079,0.4106885222095553,0.5521848137280557,0.2691922306910548,Intermediate,6
D1_1274_1,D1,1274,1,0.0387113573513204,0.1361559558704936,0.1417174141776871,0.1428671932734701,0.1053211799354069,0.2073707068074181,0.2148078252439521,0.3170403149148953,0.3493009699905635,0.2909184431793378,0.3254808268939292,0.4106885222095553,0.5521848137280557,0.2691922306910548,Intermediate,6
D1_1274_2,D1,1274,2,0.0364562249058153,0.1392815630066947,0.1891850917173548,0.1307417300151944,0.0814148634930219,0.1583072876422076,0.2620740363355419,0.3161659500266596,0.2972550560776887,0.3226151753198605,0.3250299526722172,0.4106885222095553,0.5521848137280557,0.2691922306910548,Intermediate,6
D1_1274_3,D1,1274,3,0.046096420405586,0.1623708728284466,0.1868298480009685,0.1607423643988313,0.1089280986434102,0.2138169475429368,0.3291326130637554,0.3545083868985731,0.4076978706822881,0.3964910014617605,0.3275961530561181,0.4106885222095553,0.5521848137280557,0.2691922306910548,Intermediate,6
RD2_1274_1,RD2,1274,1,0.043039511237526,0.172415885466627,0.129344293115716,0.1534978127306923,0.0848716019540673,0.1696126776756893,0.221863458871244,0.2347184252659024,0.2018438535521682,0.2461678729109731,0.2785326720136751,0.4106885222095553,0.5521848137280557,0.2691922306910548,Intermediate,6
RD2_1274_2,RD2,1274,2,0.0570850247000474,0.1848346466420906,0.2195638410016036,0.1867101950996464,0.130359687960578,0.2039782444993504,0.2770259034928785,0.2923256450166414,0.2915768284969394,0.255123473316145,0.2574666377575373,0.4106885222095553,0.5521848137280557,0.2691922306910548,Intermediate,6
RD2_1274_3,RD2,1274,3,0.039006462065385,0.2044841027368449,0.1640421057266303,0.1516946360694346,0.0923997153725773,0.1616798674200488,0.2621362916162313,0.2700098606742807,0.2857409835957527,0.3437788882325539,0.2783760589232832,0.4106885222095553,0.5521848137280557,0.2691922306910548,Intermediate,6
